date,payems_yoy_lag1,usspriv_chg_lag1,manemp_chg_lag1,uscons_chg_lag1,ustrade_chg_lag1,usgovt_chg_lag1,unrate_lag1,unrate_chg_lag1,u6rate_lag1,civpart_lag1,ahetpi_yoy_lag1,awhaetp_lag1,adp_level_k,adp_chg_k,empire_emp,philly_emp,umcsent,jolts_openings,jolts_hires,jolts_seps,jolts_quits,jolts_layoffs,jolts_openings_fp,jolts_fp_surprise,indpro_lag1,indpro_yoy_lag1,rsxfs_lag1,rsxfs_yoy_lag1,houst_lag1,houst_yoy_lag1,permit_lag1,permit_yoy_lag1,icsa_monthly_mean,ccsa_monthly_mean,ic4w_monthly_mean,icsa_chg,ccsa_chg,icsa_ref_week,ccsa_ref_week,ism_mfg_emp,ism_serv_emp,ism_mfg_emp_chg,ism_serv_emp_chg,ism_composite_emp,yc_2s10s_m,y10_m,ffr_m,oil_m,vix_m,beie10_m,nfp_chg_lag1,nfp_chg_lag2,nfp_chg_lag3,nfp_chg_3m_avg,nfp_chg_6m_avg,nfp_chg_12m_avg,target_nfp_chg_k
1948-01-01,2.7709260241130407,77.0,14.0,29.0,3.100000000000364,20.0,,,,,,,,,,,,,,,,,,,14.2716,5.577913239036514,,,,,,,,,,,,,,,,,,,,,,,,,97.0,73.0,208.0,126.0,128.5,100.16666666666667,98.0
1948-02-01,2.627770759159298,79.0,10.0,49.0,8.699999999999818,19.0,3.4,,,58.6,,,,,,,,,,,,,,,14.3524,4.921340429264864,,,,,,,,,,,,,,,,,,,,,,,,,98.0,97.0,73.0,89.33333333333333,156.0,95.33333333333333,-146.0
1948-03-01,2.240742016208652,-137.0,-99.0,-74.0,-1.1000000000003638,-9.0,3.8,0.3999999999999999,,58.9,,,,,,,,,,,,,,,14.3793,4.5007267441860455,,,,,,,,,,,,,,,,,,,,,,,,,-146.0,98.0,97.0,16.333333333333332,95.5,81.33333333333333,150.0
1948-04-01,2.46749375100328,142.0,25.0,58.0,14.0,8.0,4.0,0.20000000000000018,,58.5,,,,,,,,,,,,,,,14.2177,2.7238506722925937,,,,,,,,,,,,,,,,,,,,,,,,,150.0,-146.0,98.0,34.0,80.0,89.66666666666667,-304.0
1948-05-01,2.0230350122991236,-324.0,-181.0,39.0,-33.599999999999454,20.0,3.9,-0.10000000000000009,,59.0,,,,,,,,,,,,,,,14.2447,3.726061312167772,,,,,,,,,,,,,,,,,,,,,,,,,-304.0,150.0,-146.0,-100.0,-5.333333333333333,73.33333333333333,417.0
1948-06-01,2.653650488106707,379.0,52.0,43.0,42.19999999999982,38.0,3.5,-0.3999999999999999,,58.3,,,,,,,,,,,,,,,14.487,5.078008834473313,,,,,,,,,,,,,,,,,,,,,,,,,417.0,-304.0,150.0,87.66666666666667,52.0,96.5,238.0
1948-07-01,2.7938826751883195,183.0,83.0,35.0,18.0,55.0,3.6,0.10000000000000009,,59.2,,,,,,,,,,,,,,,14.6755,6.445248750625598,,,,,,,,,,,,,,,,,,,,,,,,,238.0,417.0,-304.0,117.0,75.5,102.0,126.0
1948-08-01,3.2393754429280053,88.0,41.0,4.0,13.899999999999636,38.0,3.6,0.0,,59.3,,,,,,,,,,,,,,,14.6755,7.072763222214928,,,,,,,,,,,,,,,,,,,,,,,,,126.0,238.0,417.0,260.3333333333333,80.16666666666667,118.08333333333333,18.0
1948-09-01,2.770700636942669,1.0,-6.0,-15.0,1.300000000000182,17.0,3.9,0.2999999999999998,,58.9,,,,,,,,,,,,,,,14.6216,6.0542979204897485,,,,,,,,,,,,,,,,,,,,,,,,,18.0,126.0,238.0,127.33333333333333,107.5,101.5,116.0
1948-10-01,2.468158269800691,102.0,88.0,-5.0,-0.5,14.0,3.8,-0.10000000000000009,,58.9,,,,,,,,,,,,,,,14.5139,4.457127229283309,,,,,,,,,,,,,,,,,,,,,,,,,116.0,18.0,126.0,86.66666666666667,101.83333333333333,90.91666666666667,-49.0
1948-11-01,1.8779131296300378,-73.0,-51.0,-1.0,-0.1999999999998181,24.0,3.7,-0.09999999999999964,,58.7,,,,,,,,,,,,,,,14.6217,4.223334188692163,,,,,,,,,,,,,,,,,,,,,,,,,-49.0,116.0,18.0,28.333333333333332,144.33333333333334,69.5,-53.0
1948-12-01,1.5915834906932824,-93.0,-98.0,17.0,2.699999999999818,40.0,3.8,0.09999999999999964,,58.7,,,,,,,,,,,,,,,14.4332,1.5157163254253314,,,,,,,,,,,,,,,,,,,,,,,,,-53.0,-49.0,116.0,4.666666666666667,66.0,59.0,-160.0
1949-01-01,1.0116417307821646,-179.0,-206.0,26.0,5.400000000000546,19.0,4.0,0.20000000000000018,,59.1,,,,,,,,,,,,,,,14.2985,0.18848622438971674,,,,,,,,,,,,,,,,,,,,,,,,,-160.0,-53.0,-49.0,-87.33333333333333,-0.3333333333333333,37.583333333333336,-364.0
1949-02-01,-0.024620067593272843,-370.0,-219.0,-14.0,-17.600000000000364,6.0,4.3,0.2999999999999998,,58.7,,,,,,,,,,,,,,,14.1639,-1.313369192608893,,,,,,,,,,,,,,,,,,,,,,,,,-364.0,-160.0,-53.0,-192.33333333333334,-82.0,-0.9166666666666666,-171.0
1949-03-01,-0.08083892843508966,-170.0,-133.0,-17.0,1.199999999999818,-1.0,4.7,0.40000000000000036,,59.0,,,,,,,,,,,,,,,14.0292,-2.4347499530575245,,,,,,,,,,,,,,,,,,,,,,,,,-171.0,-364.0,-160.0,-231.66666666666666,-113.5,-3.0,-257.0
1949-04-01,-0.9914285074860696,-279.0,-153.0,-11.0,-10.599999999999454,22.0,5.0,0.2999999999999998,,58.9,,,,,,,,,,,,,,,13.76,-3.2192267385020124,,,,,,,,,,,,,,,,,,,,,,,,,-257.0,-171.0,-364.0,-264.0,-175.66666666666666,-36.916666666666664,-4.0
1949-05-01,-0.3222244755402337,-37.0,-142.0,-21.0,61.19999999999982,33.0,5.3,0.2999999999999998,,58.8,,,,,,,,,,,,,,,13.6792,-3.9698975759405286,,,,,,,,,,,,,,,,,,,,,,,,,-4.0,-257.0,-171.0,-144.0,-168.16666666666666,-11.916666666666666,-252.0
1949-06-01,-1.8126618448075726,-266.0,-170.0,-11.0,-55.0,14.0,6.1,0.7999999999999998,,59.0,,,,,,,,,,,,,,,13.4907,-6.877200248498649,,,,,,,,,,,,,,,,,,,,,,,,,-252.0,-4.0,-257.0,-171.0,-201.33333333333334,-67.66666666666667,-245.0
1949-07-01,-2.8756050983701154,-239.0,-91.0,-35.0,-15.0,-6.0,6.2,0.10000000000000053,,58.6,,,,,,,,,,,,,,,13.4638,-8.256618173145714,,,,,,,,,,,,,,,,,,,,,,,,,-245.0,-252.0,-4.0,-167.0,-215.5,-107.91666666666667,-208.0
1949-08-01,-3.6071744906997383,-214.0,-111.0,5.0,-16.300000000000182,6.0,6.7,0.5,,58.9,,,,,,,,,,,,,,,13.4368,-8.44059827603829,,,,,,,,,,,,,,,,,,,,,,,,,-208.0,-245.0,-252.0,-235.0,-189.5,-135.75,93.0
1949-09-01,-3.439727300898665,70.0,91.0,6.0,-4.399999999999636,23.0,6.8,0.09999999999999964,,59.2,,,,,,,,,,,,,,,13.5715,-7.181840564644093,,,,,,,,,,,,,,,,,,,,,,,,,93.0,-208.0,-245.0,-120.0,-145.5,-129.5,156.0
1949-10-01,-3.3426060846911243,151.0,67.0,15.0,23.099999999999454,5.0,6.6,-0.20000000000000018,,59.1,,,,,,,,,,,,,,,13.7061,-5.56569908846003,,,,,,,,,,,,,,,,,,,,,,,,,156.0,93.0,-208.0,13.666666666666666,-76.66666666666667,-126.16666666666667,-838.0
1949-11-01,-5.090065200574645,-818.0,-334.0,-5.0,-20.800000000000182,-20.0,7.9,1.3000000000000007,,59.6,,,,,,,,,,,,,,,13.1945,-9.760834923435723,,,,,,,,,,,,,,,,,,,,,,,,,-838.0,156.0,93.0,-196.33333333333334,-215.66666666666666,-191.91666666666666,300.0
1949-12-01,-4.314922995220394,320.0,-9.0,11.0,-13.299999999999272,-20.0,6.4,-1.5,,59.4,,,,,,,,,,,,,,,13.5446,-6.156638860405161,,,,,,,,,,,,,,,,,,,,,,,,,300.0,-838.0,156.0,-127.33333333333333,-123.66666666666667,-162.5,280.0
1950-01-01,-3.353171078344286,278.0,180.0,-22.0,24.699999999999818,2.0,6.6,0.1999999999999993,,59.2,,,,,,,,,,,,,,,13.7869,-3.5779976920656154,,,,,,,,,,,,,,,,,,,,,,,,,280.0,300.0,-838.0,-86.0,-36.166666666666664,-125.83333333333333,4.0
1950-02-01,-2.5566401002955152,22.0,99.0,9.0,-13.300000000000182,-18.0,6.5,-0.09999999999999964,,58.9,,,,,,,,,,,,,,,14.0292,-0.9510092559252836,,,,,,,,,,,,,,,,,,,,,,,,,4.0,280.0,300.0,194.66666666666666,-0.8333333333333334,-95.16666666666667,-229.0
1950-03-01,-2.6968110209677043,-221.0,8.0,12.0,1.1000000000003638,-8.0,6.4,-0.09999999999999964,,58.9,,,,,,,,,,,,,,,14.0831,0.3841986713426282,,,,,,,,,,,,,,,,,,,,,,,,,-229.0,4.0,280.0,18.333333333333332,-54.5,-100.0,657.0
1950-04-01,-0.6464737793851705,505.0,121.0,13.0,15.0,152.0,6.3,-0.10000000000000053,,58.8,,,,,,,,,,,,,,,14.5409,5.675145348837218,,,,,,,,,,,,,,,,,,,,,,,,,657.0,-229.0,4.0,144.0,29.0,-23.833333333333332,428.0
1950-05-01,0.3300479247671628,412.0,181.0,52.0,19.199999999999818,16.0,5.8,-0.5,,59.2,,,,,,,,,,,,,,,15.0255,9.841949821626983,,,,,,,,,,,,,,,,,,,,,,,,,428.0,657.0,-229.0,285.3333333333333,240.0,12.166666666666666,336.0
1950-06-01,1.6687886504183291,387.0,309.0,52.0,14.699999999999818,-51.0,5.5,-0.2999999999999998,,59.1,,,,,,,,,,,,,,,15.3756,13.971847272565551,,,,,,,,,,,,,,,,,,,,,,,,,336.0,428.0,657.0,473.6666666666667,246.0,61.166666666666664,365.0
1950-07-01,3.0727725828208152,386.0,143.0,63.0,25.399999999999636,-21.0,5.4,-0.09999999999999964,,59.4,,,,,,,,,,,,,,,15.8334,17.599786093079217,,,,,,,,,,,,,,,,,,,,,,,,,365.0,336.0,428.0,376.3333333333333,260.1666666666667,112.0,371.0
1950-08-01,4.41754152213365,303.0,149.0,46.0,23.200000000000728,68.0,5.0,-0.40000000000000036,,59.1,,,,,,,,,,,,,,,16.345,21.643546082400555,,,,,,,,,,,,,,,,,,,,,,,,,371.0,365.0,336.0,357.3333333333333,321.3333333333333,160.25,738.0
1950-09-01,5.886667889235286,641.0,389.0,37.0,44.599999999999454,97.0,4.5,-0.5,,59.5,,,,,,,,,,,,,,,16.8566,24.20587260067053,,,,,,,,,,,,,,,,,,,,,,,,,738.0,371.0,365.0,491.3333333333333,482.5,214.0,246.0
1950-10-01,6.071265417999094,205.0,100.0,21.0,0.1000000000003638,41.0,4.4,-0.09999999999999964,,59.2,,,,,,,,,,,,,,,16.7489,22.20033415778375,,,,,,,,,,,,,,,,,,,,,,,,,246.0,738.0,371.0,451.6666666666667,414.0,221.5,268.0
1950-11-01,8.765311350193294,247.0,176.0,34.0,0.6999999999998181,21.0,4.2,-0.20000000000000018,,59.4,,,,,,,,,,,,,,,16.8566,27.754746295805077,,,,,,,,,,,,,,,,,,,,,,,,,268.0,246.0,738.0,417.3333333333333,387.3333333333333,313.6666666666667,70.0
1950-12-01,8.172609962536415,57.0,25.0,18.0,3.199999999999818,13.0,4.2,0.0,,59.3,,,,,,,,,,,,,,,16.8297,24.253946222110635,,,,,,,,,,,,,,,,,,,,,,,,,70.0,268.0,246.0,194.66666666666666,343.0,294.5,85.0
1951-01-01,7.671981986121956,33.0,20.0,-22.0,8.199999999999818,52.0,4.3,0.09999999999999964,,59.2,,,,,,,,,,,,,,,17.1259,24.218642334389905,,,,,,,,,,,,,,,,,,,,,,,,,85.0,70.0,268.0,141.0,296.3333333333333,278.25,427.0
1951-02-01,8.643109865367826,389.0,168.0,67.0,44.70000000000073,38.0,3.7,-0.5999999999999996,,59.1,,,,,,,,,,,,,,,17.1797,22.456733099535263,,,,,,,,,,,,,,,,,,,,,,,,,427.0,85.0,70.0,194.0,305.6666666666667,313.5,289.0
1951-03-01,9.885211446520547,259.0,126.0,19.0,25.799999999999272,30.0,3.4,-0.30000000000000027,,59.1,,,,,,,,,,,,,,,17.2875,22.7535130759563,,,,,,,,,,,,,,,,,,,,,,,,,289.0,427.0,85.0,267.0,230.83333333333334,356.6666666666667,296.0
1951-04-01,8.916139600491423,268.0,49.0,42.0,76.80000000000018,28.0,3.4,0.0,,59.8,,,,,,,,,,,,,,,17.3682,19.443775832307498,,,,,,,,,,,,,,,,,,,,,,,,,296.0,289.0,427.0,337.3333333333333,239.16666666666666,326.5833333333333,-12.0
1951-05-01,7.838763462665055,-53.0,41.0,26.0,-122.80000000000018,41.0,3.1,-0.2999999999999998,,59.1,,,,,,,,,,,,,,,17.3952,15.77118897873615,,,,,,,,,,,,,,,,,,,,,,,,,-12.0,296.0,289.0,191.0,192.5,289.9166666666667,91.0
1951-06-01,7.231987119280836,125.0,-2.0,15.0,79.60000000000036,-34.0,3.0,-0.10000000000000009,,59.4,,,,,,,,,,,,,,,17.3413,12.784541741460487,,,,,,,,,,,,,,,,,,,,,,,,,91.0,-12.0,296.0,125.0,196.0,269.5,112.0
1951-07-01,6.6122485193975455,30.0,12.0,-19.0,11.0,82.0,3.2,0.20000000000000018,,59.0,,,,,,,,,,,,,,,17.2605,9.013225207472807,,,,,,,,,,,,,,,,,,,,,,,,,112.0,91.0,-12.0,63.666666666666664,200.5,248.41666666666666,-3.0
1951-08-01,5.7354688256259,-42.0,-66.0,0.0,4.5,39.0,3.1,-0.10000000000000009,,59.4,,,,,,,,,,,,,,,16.9913,3.9541144080758706,,,,,,,,,,,,,,,,,,,,,,,,,-3.0,112.0,91.0,66.66666666666667,128.83333333333334,217.25,-49.0
1951-09-01,3.9400762036716275,-30.0,-49.0,-3.0,4.399999999999636,-19.0,3.1,0.0,,59.2,,,,,,,,,,,,,,,16.8297,-0.15958141024881023,,,,,,,,,,,,,,,,,,,,,,,,,-49.0,-3.0,112.0,20.0,72.5,151.66666666666666,-58.0
1951-10-01,3.2645678108445653,-91.0,-65.0,-15.0,-1.5,33.0,3.3,0.19999999999999973,,59.1,,,,,,,,,,,,,,,16.9374,1.125447044283523,,,,,,,,,,,,,,,,,,,,,,,,,-58.0,-49.0,-3.0,-36.666666666666664,13.5,126.33333333333333,52.0
1951-11-01,2.783368303858169,27.0,-23.0,25.0,-0.0999999999994543,25.0,3.5,0.20000000000000018,,59.4,,,,,,,,,,,,,,,16.9105,0.31975605994090106,,,,,,,,,,,,,,,,,,,,,,,,,52.0,-58.0,-49.0,-18.333333333333332,24.166666666666668,108.33333333333333,141.0
1951-12-01,2.93099025141097,92.0,26.0,-39.0,20.0,49.0,3.5,0.0,,59.2,,,,,,,,,,,,,,,17.0451,1.2798802117685026,,,,,,,,,,,,,,,,,,,,,,,,,141.0,52.0,-58.0,45.0,32.5,114.25,167.0
1952-01-01,3.1006593969398866,105.0,46.0,36.0,4.899999999999636,62.0,3.1,-0.3999999999999999,,59.6,,,,,,,,,,,,,,,17.1528,0.15707203709001138,,,,,,,,,,,,,,,,,,,,,,,,,167.0,141.0,52.0,120.0,41.666666666666664,121.08333333333333,-18.0
1952-02-01,2.1316190153950254,81.0,22.0,-2.0,5.800000000000182,-99.0,3.2,0.10000000000000009,,59.5,,,,,,,,,,,,,,,17.3413,0.9406450636507024,,,,,,,,,,,,,,,,,,,,,,,,,-18.0,167.0,141.0,96.66666666666667,39.166666666666664,84.0,226.0
1952-03-01,1.986253862160292,165.0,38.0,60.0,7.699999999999818,61.0,3.1,-0.10000000000000009,,59.5,,,,,,,,,,,,,,,17.449,0.9342010122921129,,,,,,,,,,,,,,,,,,,,,,,,,226.0,-18.0,167.0,125.0,85.0,78.75,-18.0
1952-04-01,1.3180707288033,-30.0,22.0,-63.0,-8.0,12.0,2.9,-0.20000000000000018,,58.9,,,,,,,,,,,,,,,17.5029,0.7755553252495773,,,,,,,,,,,,,,,,,,,,,,,,,-18.0,226.0,-18.0,63.333333333333336,91.66666666666667,52.583333333333336,116.0
1952-05-01,1.5858423350953776,116.0,35.0,-3.0,38.100000000000364,0.0,2.9,0.0,,58.8,,,,,,,,,,,,,,,17.3413,-0.30985559234730786,,,,,,,,,,,,,,,,,,,,,,,,,116.0,-18.0,226.0,108.0,102.33333333333333,63.25,22.0
1952-06-01,1.4389389389389384,-10.0,-19.0,-1.0,6.699999999999818,32.0,3.0,0.10000000000000009,,59.1,,,,,,,,,,,,,,,17.1798,-0.9313027281691699,,,,,,,,,,,,,,,,,,,,,,,,,22.0,116.0,-18.0,40.0,82.5,57.5,-360.0
1952-07-01,0.45356191744341245,-378.0,-315.0,30.0,14.100000000000364,18.0,3.0,0.0,,59.1,,,,,,,,,,,,,,,17.0182,-1.40378320442629,,,,,,,,,,,,,,,,,,,,,,,,,-360.0,22.0,116.0,-74.0,-5.333333333333333,18.166666666666668,-139.0
1952-08-01,0.1706165081875044,-164.0,-121.0,-4.0,18.099999999999454,25.0,3.2,0.20000000000000018,,58.9,,,,,,,,,,,,,,,16.7489,-1.426612442838393,,,,,,,,,,,,,,,,,,,,,,,,,-139.0,-360.0,22.0,-159.0,-25.5,6.833333333333333,781.0
1952-09-01,1.8995251187203133,800.0,572.0,5.0,14.400000000000546,-19.0,3.4,0.19999999999999973,,58.7,,,,,,,,,,,,,,,17.826,5.919891620171502,,,,,,,,,,,,,,,,,,,,,,,,,781.0,-139.0,-360.0,94.0,67.0,76.0,396.0
1952-10-01,2.8485632064061406,380.0,274.0,5.0,26.599999999999454,16.0,3.1,-0.2999999999999998,,59.2,,,,,,,,,,,,,,,18.4723,9.062193725128997,,,,,,,,,,,,,,,,,,,,,,,,,396.0,781.0,-139.0,346.0,136.0,113.83333333333333,277.0
1952-11-01,3.314169062200567,195.0,137.0,-28.0,24.0,82.0,3.0,-0.10000000000000009,,58.7,,,,,,,86.2,,,,,,,,18.6608,10.350374027970787,,,,,,,,,,,,,,,,,,,,,,,,,277.0,396.0,781.0,484.6666666666667,162.83333333333334,132.58333333333334,219.0
1952-12-01,3.466467277296603,234.0,153.0,12.0,17.800000000000182,-15.0,2.8,-0.20000000000000018,,59.1,,,,,,,,,,,,,,,19.0378,11.690749834263215,,,,,,,,,,,,,,,,,,,,,,,,,219.0,277.0,396.0,297.3333333333333,195.66666666666666,139.08333333333334,350.0
1953-01-01,3.8332574409073894,216.0,130.0,7.0,15.399999999999636,134.0,2.7,-0.09999999999999964,,59.2,,,,,,,,,,,,,,,19.1455,11.617345273074942,,,,,,,,,,,,,,,,,,,,,,,,,350.0,219.0,277.0,282.0,314.0,154.33333333333334,-22.0
1953-02-01,3.826403842968351,119.0,94.0,14.0,1.7000000000007276,-141.0,2.9,0.19999999999999973,,59.5,,,,,,,90.7,,,,,,,,19.1993,10.714306309215571,,,,,,,,,,,,,,,,,,,,,,,,,-22.0,350.0,219.0,182.33333333333334,333.5,154.0,195.0
1953-03-01,3.7446931288899865,192.0,91.0,36.0,17.199999999999818,3.0,2.6,-0.2999999999999998,,59.5,,,,,,,,,,,,,,,19.307,10.648174680497435,,,,,,,,,,,,,,,,,,,,,,,,,195.0,-22.0,350.0,174.33333333333334,235.83333333333334,151.41666666666666,134.0
1953-04-01,4.059459013689604,147.0,112.0,-36.0,18.599999999999454,-13.0,2.6,0.0,,59.6,,,,,,,,,,,,,,,19.4686,11.23071033942946,,,,,,,,,,,,,,,,,,,,,,,,,134.0,195.0,-22.0,102.33333333333333,192.16666666666666,164.08333333333334,-38.0
1953-05-01,3.7330316742081537,-24.0,23.0,-21.0,-59.29999999999927,-14.0,2.7,0.10000000000000009,,59.1,,,,,,,,,,,,,,,19.5494,12.733186093314796,,,,,,,,,,,,,,,,,,,,,,,,,-38.0,134.0,195.0,97.0,139.66666666666666,151.25,55.0
1953-06-01,3.7991858887381325,108.0,48.0,-23.0,61.79999999999927,-53.0,2.5,-0.20000000000000018,,58.6,,,,,,,,,,,,,,,19.6571,14.4198419073563,,,,,,,,,,,,,,,,,,,,,,,,,55.0,-38.0,134.0,50.333333333333336,112.33333333333333,154.0,29.0
1953-07-01,4.63319663642765,12.0,2.0,-21.0,6.0,17.0,2.5,0.0,,58.9,,,,,,,,,,,,,,,19.5763,15.031554453467466,,,,,,,,,,,,,,,,,,,,,,,,,29.0,55.0,-38.0,15.333333333333334,58.833333333333336,186.41666666666666,17.0
1953-08-01,4.970608395820775,28.0,10.0,-6.0,-0.7999999999992724,-11.0,2.6,0.10000000000000009,,58.9,,,,,,,80.8,,,,,,,,19.8187,18.328367833111425,,,,,,,,,,,,,,,,,,,,,,,,,17.0,29.0,55.0,33.666666666666664,65.33333333333333,199.41666666666666,-47.0
1953-09-01,3.1988390156160618,-78.0,-75.0,0.0,4.099999999999454,31.0,2.7,0.10000000000000009,,58.6,,,,,,,,,,,,,,,19.7109,10.573880848199257,,,,,,,,,,,,,,,,,,,,,,,,,-47.0,17.0,29.0,-0.3333333333333333,25.0,130.41666666666666,-121.0
1953-10-01,2.124898621248983,-116.0,-127.0,23.0,-5.099999999999454,-5.0,2.9,0.19999999999999973,,58.5,,,,,,,,,,,,,,,19.307,4.518657665802306,,,,,,,,,,,,,,,,,,,,,,,,,-121.0,-47.0,17.0,-50.333333333333336,-17.5,87.33333333333333,-128.0
1953-11-01,1.2964493820190715,-143.0,-170.0,27.0,16.299999999999272,15.0,3.1,0.20000000000000018,,58.5,,,,,,,80.7,,,,,,,,19.1455,2.5974234759495785,,,,,,,,,,,,,,,,,,,,,,,,,-128.0,-121.0,-47.0,-98.66666666666667,-32.5,53.583333333333336,-332.0
1953-12-01,0.18467962100530144,-317.0,-253.0,-6.0,-15.0,-15.0,3.5,0.3999999999999999,,58.6,,,,,,,,,,,,,,,18.6877,-1.8389729905766483,,,,,,,,,,,,,,,,,,,,,,,,,-332.0,-128.0,-121.0,-193.66666666666666,-97.0,7.666666666666667,-205.0
1954-01-01,-0.9229358529681431,-199.0,-147.0,12.0,-15.299999999999272,-6.0,4.5,1.0,,58.3,,,,,,,,,,,,,,,18.2299,-4.78232482828862,,,,,,,,,,,,,,,,,,,,,,,,,-205.0,-332.0,-128.0,-221.66666666666666,-136.0,-38.583333333333336,-234.0
1954-02-01,-1.3461231652839856,-251.0,-141.0,-62.0,0.3999999999996362,17.0,4.9,0.40000000000000036,,58.6,,,,,,,82.0,,,,,,,,18.0953,-5.7502096430599,,,,,,,,,,,,,,,,,,,,,,,,,-234.0,-205.0,-332.0,-257.0,-177.83333333333334,-56.25,-87.0
1954-03-01,-1.901110471006573,-110.0,-133.0,58.0,-3.800000000000182,23.0,5.2,0.2999999999999998,,59.3,,,,,,,,,,,,,,,18.1492,-5.996788729476343,,,,,,,,,,,,,,,,,,,,,,,,,-87.0,-234.0,-205.0,-175.33333333333334,-184.5,-79.75,-225.0
1954-04-01,-2.607334614546386,-238.0,-110.0,-6.0,-33.599999999999454,13.0,5.7,0.5,,59.1,,,,,,,,,,,,,,,18.0414,-7.330778792517179,,,,,,,,,,,,,,,,,,,,,,,,,-225.0,-87.0,-234.0,-182.0,-201.83333333333334,-109.66666666666667,22.0
1954-05-01,-2.490334093387525,12.0,-132.0,-2.0,48.899999999999636,10.0,5.9,0.20000000000000018,,59.2,,,,,,,82.9,,,,,,,,17.9337,-8.264703776074956,,,,,,,,,,,,,,,,,,,,,,,,,22.0,-225.0,-87.0,-96.66666666666667,-176.83333333333334,-104.66666666666667,-214.0
1954-06-01,-3.0204000792236063,-237.0,-91.0,-21.0,-28.899999999999636,23.0,5.9,0.0,,58.9,,,,,,,,,,,,,,,18.0414,-8.219421990018871,,,,,,,,,,,,,,,,,,,,,,,,,-214.0,22.0,-225.0,-139.0,-157.16666666666666,-127.08333333333333,-70.0
1954-07-01,-3.21463211860884,-87.0,-64.0,-11.0,-8.600000000000364,17.0,5.6,-0.3000000000000007,,58.5,,,,,,,,,,,,,,,18.0953,-7.565270250251565,,,,,,,,,,,,,,,,,,,,,0.8,,,,-70.0,-214.0,22.0,-87.33333333333333,-134.66666666666666,-135.33333333333334,-60.0
1954-08-01,-3.3659173658382113,-82.0,-111.0,-5.0,8.899999999999636,22.0,5.8,0.20000000000000018,,58.4,,,,,,,,,,,,,,,18.1222,-8.560097281860068,,,,,,,,,,,,,,,,,,,,,1.22,,,,-60.0,-70.0,-214.0,-114.66666666666667,-105.66666666666667,-141.75,-9.0
1954-09-01,-3.293786765434059,-33.0,-27.0,2.0,0.1000000000003638,24.0,6.0,0.20000000000000018,,58.7,,,,,,,,,,,,,,,18.0953,-8.196480120136563,,,,,,,,,,,,,,,,,,,,,1.07,,,,-9.0,-60.0,-70.0,-46.333333333333336,-92.66666666666667,-138.58333333333334,60.0
1954-10-01,-2.9423443456162657,58.0,33.0,-5.0,-2.699999999999818,2.0,6.1,0.09999999999999964,,59.2,,,,,,,,,,,,,,,18.1222,-6.1366343813124775,,,,,,,,,,,,,,,,,,,,,0.85,,,,60.0,-9.0,-60.0,-3.0,-45.166666666666664,-123.5,56.0
1954-11-01,-2.5835987261146443,50.0,36.0,16.0,0.8999999999996362,6.0,5.7,-0.39999999999999947,,58.8,,,,,,,87.0,,,,,,,,18.3377,-4.219268235355544,,,,,,,,,,,,,,,,,,,,,0.83,,,,56.0,60.0,-9.0,35.666666666666664,-39.5,-108.16666666666667,238.0
1954-12-01,-1.4586839785204808,174.0,72.0,43.0,10.5,64.0,5.3,-0.40000000000000036,,58.6,,,,,,,,,,,,,,,18.6338,-0.2884250068226679,,,,,,,,,,,,,,,,,,,,,1.28,,,,238.0,56.0,60.0,118.0,35.833333333333336,-60.666666666666664,151.0
1955-01-01,-0.7484457678610945,158.0,54.0,16.0,25.0,-7.0,5.0,-0.2999999999999998,,58.1,,,,,,,,,,,,,,,18.8762,3.545274521527819,,,,,,,,,,,,,,,,,,,,,1.39,,,,151.0,238.0,56.0,148.33333333333334,72.66666666666667,-31.0,165.0
1955-02-01,0.054579635731477616,169.0,67.0,33.0,13.0,-4.0,4.9,-0.09999999999999964,,58.6,,,,,,,95.9,,,,,,,,19.307,6.6962139340049465,,,,,,,,,,,,,,,,,,,,,1.29,,,,165.0,151.0,238.0,184.66666666666666,110.16666666666667,2.25,148.0
1955-03-01,0.5305576930865419,178.0,104.0,10.0,9.5,-30.0,4.7,-0.20000000000000018,,58.4,,,,,,,,,,,,,,,19.5494,7.714940603442555,,,,,,,,,,,,,,,,,,,,,1.35,,,,148.0,165.0,151.0,154.66666666666666,136.33333333333334,21.833333333333332,318.0
1955-04-01,1.6376101063938053,303.0,120.0,56.0,32.5,15.0,4.6,-0.10000000000000053,,58.5,,,,,,,,,,,,,,,20.0071,10.89549591495118,,,,,,,,,,,,,,,,,,,,,1.43,,,,318.0,148.0,165.0,210.33333333333334,179.33333333333334,67.08333333333333,286.0
1955-05-01,2.173692023017959,265.0,117.0,36.0,17.100000000000364,21.0,4.7,0.10000000000000053,,59.0,,,,,,,99.1,,,,,,,,20.2495,12.913118876751595,,,,,,,,,,,,,,,,,,,,,1.43,,,,286.0,318.0,148.0,250.66666666666666,217.66666666666666,89.08333333333333,264.0
1955-06-01,3.1593995711222345,232.0,118.0,32.0,24.099999999999454,32.0,4.3,-0.40000000000000036,,58.8,,,,,,,,,,,,,,,20.5726,14.029953329564226,,,,,,,,,,,,,,,,,,,,,1.64,,,,264.0,286.0,318.0,289.3333333333333,222.0,128.91666666666666,278.0
1955-07-01,3.875651907147981,249.0,92.0,13.0,27.100000000000364,29.0,4.2,-0.09999999999999964,,58.8,,,,,,,,,,,,,,,20.5996,13.839505285902941,,,,,,,,,,,,,,,,,,,,,1.68,,,,278.0,264.0,286.0,276.0,243.16666666666666,157.91666666666666,197.0
1955-08-01,4.40667554008396,168.0,29.0,16.0,26.0,29.0,4.0,-0.20000000000000018,,59.3,,,,,,,,,,,,,,,20.7611,14.56169780710952,,,,,,,,,,,,,,,,,,,,,1.96,,,,197.0,278.0,264.0,246.33333333333334,248.5,179.33333333333334,124.0
1955-09-01,4.679883668537266,150.0,65.0,-10.0,16.699999999999818,-26.0,4.2,0.20000000000000018,,59.7,,,,,,,,,,,,,,,20.7342,14.58334484645183,,,,,,,,,,,,,,,,,,,,,2.18,,,,124.0,197.0,278.0,199.66666666666666,244.5,190.41666666666666,155.0
1955-10-01,4.868469500470485,111.0,-11.0,-1.0,33.0,44.0,4.1,-0.10000000000000053,,59.7,,,,,,,,,,,,,,,20.8688,15.155996512564695,,,,,,,,,,,,,,,,,,,,,2.24,,,,155.0,124.0,197.0,158.66666666666666,217.33333333333334,198.33333333333334,163.0
1955-11-01,5.081525070491599,112.0,72.0,-20.0,2.100000000000364,51.0,4.3,0.20000000000000018,,59.8,,,,,,,99.7,,,,,,,,21.2189,15.711894076138222,,,,,,,,,,,,,,,,,,,,,2.35,,,,163.0,155.0,124.0,147.33333333333334,196.83333333333334,207.25,163.0
1955-12-01,4.904432696217964,198.0,73.0,-3.0,22.199999999999818,-35.0,4.2,-0.09999999999999964,,59.9,,,,,,,,,,,,,,,21.2727,14.161899344202467,,,,,,,,,,,,,,,,,,,,,2.48,,,,163.0,163.0,155.0,160.33333333333334,180.0,201.0,213.0
1956-01-01,5.015102065638244,164.0,46.0,5.0,38.69999999999982,49.0,4.2,0.0,,60.2,,,,,,,,,,,,,,,21.3535,13.12393384261663,,,,,,,,,,,,,,,,,,,,,2.45,,,,213.0,163.0,163.0,179.66666666666666,169.16666666666666,206.16666666666666,170.0
1956-02-01,5.008485534184581,135.0,23.0,30.0,13.100000000000364,35.0,4.0,-0.20000000000000018,,60.2,,,,,,,,,,,,,,,21.4882,11.297456880924027,,,,,,,,,,,,,,,,,,,,,2.5,,,,170.0,213.0,163.0,182.0,164.66666666666666,206.58333333333334,192.0
1956-03-01,5.082185158327279,147.0,7.0,53.0,14.399999999999636,45.0,3.9,-0.10000000000000009,,59.9,,,,,,,,,,,,,,,21.2997,8.953215955476912,,,,,,,,,,,,,,,,,,,,,2.5,,,,192.0,170.0,213.0,191.66666666666666,176.0,210.25,127.0
1956-04-01,4.667547335975342,87.0,-60.0,13.0,59.0,40.0,4.2,0.30000000000000027,,59.8,,,,,,,,,,,,,,,21.2997,6.460706449210529,,,,,,,,,,,,,,,,,,,,,2.62,,,,127.0,192.0,170.0,163.0,171.33333333333334,194.33333333333334,81.0
1956-05-01,4.233004298678544,57.0,80.0,34.0,-96.09999999999945,24.0,4.0,-0.20000000000000018,,59.9,,,,,,,98.2,,,,,,,,21.4612,5.983851453122302,,,,,,,,,,,,,,,,,,,,,2.75,,,,81.0,127.0,192.0,133.33333333333334,157.66666666666666,177.25,131.0
1956-06-01,3.9475768134304756,40.0,-16.0,40.0,44.599999999999454,91.0,4.3,0.2999999999999998,,60.2,,,,,,,,,,,,,,,21.2728,3.403556186383816,,,,,,,,,,,,,,,,,,,,,2.71,,,,131.0,81.0,127.0,113.0,152.33333333333334,166.16666666666666,80.0
1956-07-01,3.536129159283319,80.0,-58.0,129.0,2.0,0.0,4.3,0.0,,60.1,,,,,,,,,,,,,,,21.0843,2.3529583098701012,,,,,,,,,,,,,,,,,,,,,2.75,,,,80.0,131.0,81.0,97.33333333333333,130.16666666666666,149.66666666666666,-631.0
1956-08-01,1.8985231529605517,-669.0,-367.0,-85.0,-21.899999999999636,38.0,4.4,0.10000000000000053,,60.1,,,,,,,99.9,,,,,,,,20.438,-1.5562759198693765,,,,,,,,,,,,,,,,,,,,,2.73,,,,-631.0,80.0,131.0,-140.0,-3.3333333333333335,80.66666666666667,676.0
1956-09-01,2.9739195085206616,630.0,425.0,43.0,1.0999999999994543,46.0,4.1,-0.3000000000000007,,60.0,,,,,,,,,,,,,,,21.2727,2.5971583181410463,,,,,,,,,,,,,,,,,,,,,2.95,,,,676.0,-631.0,80.0,41.666666666666664,77.33333333333333,126.66666666666667,-27.0
1956-10-01,2.6099169039909498,-57.0,-30.0,-31.0,-11.899999999999636,30.0,3.9,-0.19999999999999973,,60.0,,,,,,,,,,,,,,,21.7574,4.258031127808026,,,,,,,,,,,,,,,,,,,,,2.96,,,,-27.0,676.0,-631.0,6.0,51.666666666666664,111.5,173.0
1956-11-01,2.6210892687005494,135.0,74.0,-16.0,23.300000000000182,38.0,3.9,0.0,,59.8,,,,,,,100.2,,,,,,,,21.9459,3.4261908015966958,,,,,,,,,,,,,,,,,,,,,2.88,,,,173.0,-27.0,676.0,274.0,67.0,112.33333333333333,44.0
1956-12-01,2.382152271670024,10.0,-21.0,-8.0,4.399999999999636,34.0,4.3,0.3999999999999999,,59.8,,,,,,,,,,,,,,,21.7574,2.278507194667334,,,,,,,,,,,,,,,,,,,,,2.94,,,,44.0,173.0,-27.0,63.333333333333336,52.5,102.41666666666667,108.0
1957-01-01,2.169674741820282,77.0,41.0,1.0,0.6999999999998181,31.0,4.2,-0.09999999999999964,,59.8,,,,,,,,,,,,,,,22.0806,3.4050624019481557,,,,,,,,,,,,,,,,,,,,,2.84,,,,108.0,44.0,173.0,108.33333333333333,57.166666666666664,93.66666666666667,-42.0
1957-02-01,1.7546897546897533,-78.0,13.0,-110.0,-15.699999999999818,36.0,4.2,0.0,,59.5,,,,,,,,,,,,,,,21.9998,2.380841578168491,,,,,,,,,,,,,,,,,,,,,3.0,,,,-42.0,108.0,44.0,36.666666666666664,155.33333333333334,76.0,210.0
1957-03-01,1.7827362125481638,184.0,28.0,69.0,16.699999999999818,26.0,3.9,-0.30000000000000027,,59.9,,,,,,,,,,,,,,,22.2152,4.298182603510847,,,,,,,,,,,,,,,,,,,,,2.96,,,,210.0,-42.0,108.0,92.0,77.66666666666667,77.5,59.0
1957-04-01,1.6483726622557038,33.0,-4.0,8.0,5.0,26.0,3.7,-0.19999999999999973,,59.8,,,,,,,,,,,,,,,22.1883,4.171889744925994,,,,,,,,,,,,,,,,,,,,,3.0,,,,59.0,210.0,-42.0,75.66666666666667,92.0,71.83333333333333,82.0
1957-05-01,1.647732696897375,53.0,-24.0,-25.0,9.300000000000182,29.0,3.9,0.19999999999999973,,59.5,,,,,,,92.9,,,,,,,,21.8921,2.007809442156061,,,,,,,,,,,,,,,,,,,,,3.0,,,,82.0,59.0,210.0,117.0,76.83333333333333,71.91666666666667,-88.0
1957-06-01,1.2265264922104224,-100.0,-39.0,-13.0,-6.0,12.0,4.1,0.19999999999999973,,59.5,,,,,,,,,,,,,,,21.8113,2.531401602045791,,,,,,,,,,,,,,,,,,,,,3.0,,,,-88.0,82.0,59.0,17.666666666666668,54.833333333333336,53.666666666666664,-83.0
1957-07-01,0.9146921233788463,-72.0,-58.0,0.0,0.4000000000005457,-11.0,4.3,0.20000000000000018,,59.8,,,,,,,,,,,,,,,21.8652,3.70370370370372,,,,,,,,,,,,,,,,,,,,,2.99,,,,-83.0,-88.0,82.0,-29.666666666666668,23.0,40.083333333333336,56.0
1957-08-01,2.24809931671639,4.0,-19.0,-24.0,13.799999999999272,52.0,4.2,-0.09999999999999964,,60.0,,,,,,,,,,,,,,,21.9998,7.641647910754479,,,,,,,,,,,,,,,,,,,,,3.24,,,,56.0,-83.0,-88.0,-38.333333333333336,39.333333333333336,97.33333333333333,5.0
1957-09-01,0.9443103874142711,2.0,13.0,-25.0,-1.199999999999818,3.0,4.1,-0.10000000000000053,,59.3,,,,,,,,,,,,,,,21.9998,3.4179958350373907,,,,,,,,,,,,,,,,,,,,,3.47,,,,5.0,56.0,-83.0,-7.333333333333333,5.166666666666667,41.416666666666664,-194.0
1957-10-01,0.6273287202494204,-186.0,-157.0,-15.0,2.699999999999818,-8.0,4.4,0.3000000000000007,,59.6,,,,,,,,,,,,,,,21.8113,0.24773180619006574,,,,,,,,,,,,,,,,,,,,,3.5,,,,-194.0,5.0,56.0,-44.333333333333336,-37.0,27.5,-171.0
1957-11-01,-0.02652670670936219,-190.0,-111.0,-6.0,-20.199999999999818,19.0,4.5,0.09999999999999964,,59.5,,,,,,,83.7,,,,,,,,21.4882,-2.085583184102735,,,,,,,,,,,,,,,,,,,,,3.28,,,,-171.0,-194.0,5.0,-120.0,-79.16666666666667,-1.1666666666666667,-205.0
1957-12-01,-0.4979080290036131,-206.0,-133.0,-20.0,-1.0999999999994543,1.0,5.1,0.5999999999999996,,59.5,,,,,,,,,,,,,,,20.9765,-3.589123700442143,,,,,,,,,,,,,,,,,,,,,2.98,,,,-205.0,-171.0,-194.0,-190.0,-98.66666666666667,-21.916666666666668,-174.0
1958-01-01,-1.0296812711368064,-251.0,-134.0,-10.0,-25.700000000000728,77.0,5.2,0.10000000000000053,,59.6,,,,,,,,,,,,,,,20.5726,-6.829524560021005,,,,,,,,,,,,,,,,,,,,,2.72,,,,-174.0,-205.0,-171.0,-183.33333333333334,-113.83333333333333,-45.416666666666664,-308.0
1958-02-01,-1.5334581277062442,-283.0,-202.0,-10.0,4.300000000000182,-25.0,5.8,0.5999999999999996,,59.3,,,,,,,78.5,,,,,,,,20.1956,-8.20098364530587,,,,,,,,,,,,,,,,,,,,,1.67,,,,-308.0,-174.0,-205.0,-229.0,-174.5,-67.58333333333333,-500.0
1958-03-01,-2.8645686196960285,-511.0,-222.0,-133.0,-33.80000000000018,11.0,6.4,0.6000000000000005,,59.3,,,,,,,,,,,,,,,19.7648,-11.030285570240183,,,,,,,,,,,,,,,,,,,,,1.2,,,,-500.0,-308.0,-174.0,-327.3333333333333,-258.6666666666667,-126.75,-277.0
1958-04-01,-3.493490857099857,-293.0,-238.0,61.0,-9.0,16.0,6.7,0.2999999999999998,,59.3,,,,,,,,,,,,,,,19.5225,-12.014440042725226,,,,,,,,,,,,,,,,,,,,,1.26,,,,-277.0,-500.0,-308.0,-361.6666666666667,-272.5,-154.75,-272.0
1958-05-01,-4.153048574326612,-292.0,-164.0,-30.0,-57.79999999999927,20.0,7.4,0.7000000000000002,,59.6,,,,,,,80.9,,,,,,,,19.1993,-12.300327515405096,,,,,,,,,,,,,,,,,,,,,0.63,,,,-272.0,-277.0,-500.0,-349.6666666666667,-289.3333333333333,-184.25,-113.0
1958-06-01,-4.206961429915335,-139.0,-92.0,-8.0,30.899999999999636,26.0,7.4,0.0,,59.8,,,,,,,,,,,,,,,19.3878,-11.111212995098875,,,,,,,,,,,,,,,,,,,,,0.93,,,,-113.0,-272.0,-277.0,-220.66666666666666,-274.0,-186.33333333333334,0.0
1958-07-01,-4.057135319501759,-32.0,-6.0,-19.0,1.5,32.0,7.3,-0.10000000000000053,,59.5,,,,,,,,,,,,,,,19.8994,-8.990542048552042,,,,,,,,,,,,,,,,,,,,,0.68,,,,0.0,-113.0,-272.0,-128.33333333333334,-245.0,-179.41666666666666,125.0
1958-08-01,-3.9229712177399567,79.0,42.0,11.0,7.199999999999818,46.0,7.5,0.20000000000000018,,59.6,,,,,,,,,,,,,,,20.1956,-8.20098364530587,,,,,,,,,,,,,,,,,,,,,1.53,,,,125.0,0.0,-113.0,4.0,-172.83333333333334,-173.66666666666666,194.0
1958-09-01,-3.566857400993828,154.0,74.0,26.0,12.600000000000364,40.0,7.4,-0.09999999999999964,,59.8,,,,,,,,,,,,,,,20.5995,-6.365057864162404,,,,,,,,,,,,,,,,,,,,,1.76,,,,194.0,125.0,0.0,106.33333333333333,-57.166666666666664,-157.91666666666666,273.0
1958-10-01,-2.6976990214229057,269.0,134.0,41.0,24.399999999999636,4.0,7.1,-0.3000000000000007,,59.7,,,,,,,,,,,,,,,20.7881,-4.691146332405671,,,,,,,,,,,,,,,,,,,,,1.8,,,,273.0,194.0,125.0,197.33333333333334,34.5,-119.0,-21.0
1958-11-01,-2.4221518867388103,-36.0,-155.0,43.0,11.0,15.0,6.7,-0.39999999999999947,,59.6,,,,,,,90.8,,,,,,,,21.0304,-2.1304716076730457,,,,,,,,,,,,,,,,,,,,,2.27,,,,-21.0,273.0,194.0,148.66666666666666,76.33333333333333,-106.5,459.0
1958-12-01,-1.1682331899996234,462.0,324.0,65.0,14.800000000000182,-3.0,6.2,-0.5,,59.2,,,,,,,,,,,,,,,21.6497,3.209305651562455,,,,,,,,,,,,,,,,,,,,,2.42,,,,459.0,-21.0,273.0,237.0,171.66666666666666,-51.166666666666664,141.0
1959-01-01,-0.570784972510685,69.0,50.0,-72.0,23.699999999999818,72.0,6.2,0.0,,59.2,,,,,,,,,,,,,,,21.6767,5.366847165647504,,,,,,,,,,,,,,,,,,,,,2.48,,,,141.0,459.0,-21.0,193.0,195.16666666666666,-24.916666666666668,393.0
1959-02-01,0.7719486903756012,388.0,121.0,83.0,20.600000000000364,5.0,6.0,-0.20000000000000018,,59.3,,,,,,,,,,,,,,,21.9998,8.93362910733031,,,1657.0,,,,,,,,,,,,,,,,,,2.43,,,,393.0,141.0,459.0,331.0,239.83333333333334,33.5,210.0
1959-03-01,2.1560415697223556,199.0,117.0,-13.0,31.0,11.0,5.9,-0.09999999999999964,,59.0,,,,,,,,,,,,,,,22.4306,13.487614344693588,,,1667.0,,,,,,,,,,,,,,,,,,2.8,,,,210.0,393.0,141.0,248.0,242.5,92.66666666666667,326.0
1959-04-01,3.3431450905475835,310.0,144.0,33.0,50.30000000000018,16.0,5.6,-0.3000000000000007,,59.3,,,,,,,,,,,,,,,22.7538,16.551671148674597,,,1620.0,,,,,,,,,,,,,,,,,,2.96,,,,326.0,210.0,393.0,309.6666666666667,251.33333333333334,142.91666666666666,307.0
1959-05-01,4.495659160836429,297.0,126.0,72.0,-36.20000000000073,10.0,5.2,-0.39999999999999947,,59.4,,,,,,,95.3,,,,,,,,23.2384,21.03774616782903,,,1590.0,,,,,,,,,,,,,,,,,,2.9,,,,307.0,326.0,210.0,281.0,306.0,191.16666666666666,229.0
1959-06-01,5.177357897631296,218.0,102.0,2.0,60.900000000000546,11.0,5.1,-0.10000000000000053,,59.2,,,,,,,,,,,,,,,23.5885,21.6667182454946,,,1498.0,,,,,,,,,,,,,,,,,,3.39,,,,229.0,307.0,326.0,287.3333333333333,267.6666666666667,219.66666666666666,131.0
1959-07-01,5.434654515457438,141.0,67.0,13.0,11.5,-10.0,5.0,-0.09999999999999964,,59.2,,,,,,,,,,,,,,,23.6155,18.674432394946592,,,1503.0,,,,,,,,,,,,,,,,,,3.47,,,,131.0,229.0,307.0,222.33333333333334,266.0,230.58333333333334,123.0
1959-08-01,5.417425890005689,93.0,69.0,-13.0,3.5999999999994543,30.0,5.1,0.09999999999999964,,59.4,,,,,,,,,,,,,,,23.05,14.13377171265029,,,1547.0,,,,,,,,,,,,,,,,,,3.5,,,,123.0,131.0,229.0,161.0,221.0,230.41666666666666,-468.0
1959-09-01,4.104776218452955,-476.0,-421.0,-2.0,17.600000000000364,8.0,5.2,0.10000000000000053,,59.2,,,,,,,,,,,,,,,22.2691,8.105051093473147,,,1430.0,,,,,,,,,,,,,,,,,,3.76,,,,-468.0,123.0,131.0,-71.33333333333333,108.0,175.25,92.0
1959-10-01,3.731604084960982,34.0,52.0,-34.0,-4.600000000000364,58.0,5.5,0.2999999999999998,,59.3,,,,,,,,,,,,,,,22.2421,6.994386211342074,,,1540.0,,,,,,,,,,,,,,,,,,3.98,,,,92.0,-468.0,123.0,-84.33333333333333,69.0,160.16666666666666,-70.0
1959-11-01,3.6379528017869367,-96.0,-96.0,-35.0,9.900000000000546,26.0,5.7,0.20000000000000018,,59.4,,,,,,,93.8,,,,,,,,22.0806,4.9937233718807095,,,1355.0,,,,,,,,,,,,,,,,,,4.0,,,,-70.0,92.0,-468.0,-148.66666666666666,6.166666666666667,156.08333333333334,276.0
1959-12-01,3.2535037732943195,257.0,142.0,9.0,9.399999999999636,19.0,5.8,0.09999999999999964,,59.1,,,,,,,,,,,,,,,22.2152,2.6120454325002207,,,1416.0,,,,,,,,,,,,,,,,,,3.99,,,,276.0,-70.0,92.0,99.33333333333333,14.0,140.83333333333334,540.0
1960-01-01,4.01075165594702,456.0,273.0,33.0,24.199999999999818,84.0,5.3,-0.5,,59.5,,,,,,,,,,,,,,,23.5885,8.819608150687142,,,1601.0,,,,,,,,,,,,,,,,,,3.99,,,,540.0,276.0,-70.0,248.66666666666666,82.16666666666667,174.08333333333334,100.0
1960-02-01,3.422386523876675,161.0,114.0,-37.0,26.200000000000728,-61.0,5.2,-0.09999999999999964,,59.1,,,,,,,100.0,,,,,,,,24.2078,10.03645487686251,,,1460.0,-11.888955944477974,1092.0,,,,,,,,,,,,,,,,3.97,,,,100.0,540.0,276.0,305.3333333333333,78.33333333333333,149.66666666666666,239.0
1960-03-01,3.4637868205283917,220.0,78.0,32.0,23.899999999999636,19.0,4.8,-0.40000000000000036,,59.1,,,,,,,,,,,,,,,23.9924,6.962809733132436,,,1503.0,-9.838032393521301,1088.0,,,,,,,,,,,,,,,,3.84,,,,239.0,100.0,540.0,293.0,196.16666666666666,152.08333333333334,-59.0
1960-04-01,2.7162636284755015,-258.0,-58.0,-172.0,-5.0,199.0,5.4,0.6000000000000005,,58.5,,,,,,,,,,,,,,,23.777,4.496831298508397,,,1109.0,-31.54320987654321,955.0,,,,,,,,,,,,,,,,3.92,,,,-59.0,239.0,100.0,93.33333333333333,171.0,120.0,359.0
1960-05-01,2.798147071510293,350.0,-53.0,123.0,98.19999999999982,9.0,5.2,-0.20000000000000018,,59.5,,,,,,,93.3,,,,,,,,23.5885,1.5065581107132964,,,1289.0,-18.93081761006289,1016.0,,,,,,,,,,,,,,,,3.85,,,,359.0,-59.0,239.0,179.66666666666666,242.5,124.33333333333333,-338.0
1960-06-01,1.7273576097105448,-236.0,-79.0,17.0,-74.39999999999964,-102.0,5.1,-0.10000000000000053,,59.5,,,,,,,,,,,,,,,23.5616,-0.11403862051423408,,,1271.0,-15.153538050734316,1052.0,,,,,,,,,,,,,,,,3.32,,,,-338.0,359.0,-59.0,-12.666666666666666,140.16666666666666,77.08333333333333,-127.0
1960-07-01,1.242525288277041,-127.0,-109.0,-22.0,-2.0,0.0,5.4,0.3000000000000007,,59.7,,,,,,,,,,,,,,,23.2654,-1.4825008998327394,,,1247.0,-17.032601463739184,958.0,,,,,,,,,,,,,,,,3.23,,,,-127.0,-338.0,359.0,-35.333333333333336,29.0,55.583333333333336,-42.0
1960-08-01,0.9330161326295494,-52.0,-53.0,3.0,2.5,10.0,5.5,0.09999999999999964,,59.5,,,,,,,97.2,,,,,,,,23.1846,0.5839479392624636,,,1197.0,-22.62443438914027,999.0,,,,,,,,,,,,,,,,2.98,,,,-42.0,-127.0,-338.0,-169.0,5.333333333333333,41.833333333333336,-34.0
1960-09-01,1.7549122543872864,-64.0,-53.0,-29.0,-5.0,30.0,5.6,0.09999999999999964,,59.5,,,,,,,,,,,,,,,23.1577,3.9902824990682095,,,1344.0,-6.013986013986017,994.0,,,,,,,,,,,,,,,,2.6,,,,-34.0,-42.0,-127.0,-67.66666666666667,-40.166666666666664,78.0,-45.0
1960-10-01,1.4954705397918655,-67.0,-30.0,-14.0,-1.199999999999818,22.0,5.5,-0.09999999999999964,,59.7,,,,,,,,,,,,,,,22.9153,3.026692623448324,,,1097.0,-28.76623376623376,984.0,,,,,,,,,,,,,,,,2.47,,,,-45.0,-34.0,-42.0,-40.333333333333336,-37.833333333333336,66.58333333333333,-85.0
1960-11-01,1.4693204392968173,-93.0,-99.0,-3.0,5.699999999999818,8.0,6.1,0.5999999999999996,,59.4,,,,,,,90.1,,,,,,,,22.8884,3.658415079300381,,,1246.0,-8.04428044280443,972.0,,,,,,,,,,,,,,,,2.44,,,,-85.0,-45.0,-34.0,-54.666666666666664,-111.83333333333333,65.33333333333333,-181.0
1960-12-01,0.6096878845508469,-195.0,-119.0,-20.0,-21.800000000000182,14.0,6.1,0.0,,59.8,,,,,,,,,,,,,,,22.5653,1.5759479995678616,,,1246.0,-12.005649717514121,979.0,,,,,,,,,,,,,,,,1.98,,,,-181.0,-85.0,-45.0,-103.66666666666667,-85.66666666666667,27.25,-219.0
1961-01-01,-0.7974305017166894,-300.0,-165.0,-74.0,-10.899999999999636,81.0,6.6,0.5,,59.7,,,,,,,,,,,,,,,22.1344,-6.1644445386523135,,,1063.0,-33.60399750156152,951.0,,,,,,,,,,,,,,,,1.45,,,,-219.0,-181.0,-85.0,-161.66666666666666,-101.0,-36.0,-59.0
1961-02-01,-1.088919187824744,-26.0,-84.0,47.0,1.3999999999996362,-33.0,6.6,0.0,,59.6,,,,,,,91.6,,,,,,,,22.1613,-8.453886763770345,,,1183.0,-18.972602739726028,969.0,-11.263736263736268,,,,,,,,,,,,,,,2.54,,,,-59.0,-219.0,-181.0,-153.0,-103.83333333333333,-49.25,-126.0
1961-03-01,-1.753710124190555,-149.0,-62.0,-21.0,-30.100000000000364,23.0,6.9,0.3000000000000007,,59.6,,,,,,,,,,,,,,,22.1344,-7.744118971007485,,,1226.0,-18.429807052561543,961.0,-11.672794117647056,,,,,,,,,,,,,,,2.02,,,,-126.0,-59.0,-219.0,-134.66666666666666,-119.16666666666667,-79.66666666666667,102.0
1961-04-01,-1.4599478458882764,78.0,1.0,22.0,42.20000000000073,24.0,6.9,0.0,,59.7,,,,,,,,,,,,,,,22.2691,-6.3418429574799156,,,1312.0,18.304779080252477,1000.0,4.712041884816753,,,,,,,,,,,,,,,1.49,,,,102.0,-126.0,-59.0,-27.666666666666668,-94.66666666666667,-66.25,-32.0
1961-05-01,-2.16372028533377,-50.0,23.0,-27.0,-62.600000000000364,18.0,7.0,0.09999999999999964,,59.3,,,,,,,92.5,,,,,,,,22.7268,-3.653051274985686,,,1166.0,-9.542280837858808,1002.0,-1.3779527559055094,,,,,,,,,,,,,,,1.98,,,,-32.0,102.0,-126.0,-18.666666666666668,-85.83333333333333,-98.83333333333333,159.0
1961-06-01,-1.2648003671408947,124.0,107.0,-17.0,20.199999999999818,35.0,7.1,0.09999999999999964,,59.4,,,,,,,,,,,,,,,23.0769,-2.0571608040200973,,,1228.0,-3.3831628638867017,1027.0,-2.376425855513309,,,,,,,,,,,,,,,1.73,,,,159.0,-32.0,102.0,76.33333333333333,-29.166666666666668,-57.416666666666664,191.0
1961-07-01,-0.6826378155589952,167.0,49.0,41.0,16.199999999999818,24.0,6.9,-0.1999999999999993,,59.7,,,,,,,,,,,,,,,23.4,0.578541525183307,,,1382.0,10.82598235765837,1070.0,11.69102296450939,,,,,,,,,,,,,,,1.17,,,,191.0,159.0,-32.0,106.0,39.166666666666664,-30.916666666666668,146.0
1961-08-01,-0.3369793392995257,110.0,48.0,-24.0,12.700000000000728,36.0,7.0,0.09999999999999964,,59.3,,,,,,,99.2,,,,,,,,23.6693,2.090611871673431,,,1335.0,11.528822055137855,1083.0,8.40840840840842,,,,,,,,,,,,,,,2.0,,,,146.0,191.0,159.0,165.33333333333334,73.33333333333333,-15.25,175.0
1961-09-01,0.047906839622635644,135.0,64.0,19.0,1.0,40.0,6.6,-0.40000000000000036,,59.3,,,,,,,,,,,,,,,23.8847,3.139344580852166,,,1312.0,-2.3809523809523836,1159.0,16.59959758551308,,,,,,,,,,,,,,,1.88,,,,175.0,146.0,191.0,170.66666666666666,123.5,2.1666666666666665,90.0
1961-10-01,0.2969000682316869,58.0,-13.0,16.0,-1.9000000000005457,32.0,6.7,0.10000000000000053,,59.0,,,,,,,,,,,,,,,23.8578,4.11297255545422,,,1429.0,30.26435733819508,1098.0,11.585365853658548,,,,,,,,,,,,,,,2.26,,,,90.0,175.0,146.0,137.0,121.5,13.416666666666666,134.0
1961-11-01,0.7018580769088789,125.0,63.0,17.0,9.199999999999818,9.0,6.5,-0.20000000000000018,,59.1,,,,,,,93.0,,,,,,,,24.3156,6.235472990685231,,,1415.0,13.56340288924558,1123.0,15.534979423868322,,,,,,,,,,,,,,,2.61,,,,134.0,90.0,175.0,133.0,149.16666666666666,31.666666666666668,220.0
1961-12-01,1.4473415985619242,213.0,116.0,6.0,23.900000000000546,7.0,6.1,-0.40000000000000036,,59.1,,,,,,,,,,,,,,,24.6926,9.427306528164925,,,1385.0,11.15569823434992,1152.0,17.67109295199183,,,,,,,,,,,,,,,2.33,,,,220.0,134.0,90.0,148.0,159.33333333333334,65.08333333333333,130.0
1962-01-01,2.102638532246659,106.0,50.0,10.0,7.399999999999636,24.0,6.0,-0.09999999999999964,,58.8,,,,,,,,,,,,,,,24.908,12.530721411016344,,,1365.0,28.410159924741297,1161.0,22.082018927444793,,,,,,,,,,,,,,4.1,2.15,,,,130.0,220.0,134.0,161.33333333333334,149.16666666666666,94.16666666666667,19.0
1962-02-01,2.250246819291024,4.0,13.0,-59.0,0.4000000000005457,15.0,5.8,-0.20000000000000018,,58.8,,,,,,,99.9,,,,,,,,24.6925,11.421712625161874,,,1361.0,15.046491969568887,1122.0,15.789473684210531,,,,,,,,,,,,,,4.0,2.37,,,,19.0,130.0,220.0,123.0,128.0,100.66666666666667,297.0
1962-03-01,3.0453535485557515,270.0,89.0,83.0,23.799999999999272,27.0,5.5,-0.2999999999999998,,59.0,,,,,,,,,,,,,,,25.0964,13.381885210351307,,,1278.0,4.241435562805873,1194.0,24.245577523413118,,,,,,,,,,,,,,3.86,2.85,,,,297.0,19.0,130.0,148.66666666666666,148.33333333333334,135.91666666666666,87.0
1962-04-01,3.011610354274219,64.0,40.0,-34.0,15.700000000000728,23.0,5.6,0.09999999999999964,,58.9,,,,,,,,,,,,,,,25.2311,13.300941663560707,,,1443.0,9.984756097560975,1134.0,13.39999999999999,,,,,,,,,,,,,,3.86,2.78,,,,87.0,297.0,19.0,134.33333333333334,147.83333333333334,134.66666666666666,327.0
1962-05-01,3.6828463274096945,306.0,73.0,77.0,39.69999999999982,21.0,5.6,0.0,,58.7,,,,,,,95.4,,,,,,,,25.285,11.256314131333923,,,1524.0,30.70325900514579,1235.0,23.25349301397206,,,,,,,,,,,,,,3.9,2.36,,,,327.0,87.0,297.0,237.0,180.0,164.58333333333334,26.0
1962-06-01,3.42468300301193,-10.0,-11.0,7.0,-16.199999999999818,36.0,5.5,-0.09999999999999964,,58.9,,,,,,,,,,,,,,,25.258,9.45144278477612,,,1483.0,20.76547231270358,1142.0,11.197663096397271,,,,,,,,,,,,,,4.0,2.68,,,,26.0,327.0,87.0,146.66666666666666,147.66666666666666,153.5,16.0
1962-07-01,3.088352446412368,-26.0,5.0,-65.0,4.299999999999272,42.0,5.5,0.0,,58.8,,,,,,,,,,,,,,,25.2042,7.710256410256422,,,1404.0,1.591895803183796,1154.0,7.8504672897196315,,,,,,,,,,,,,,4.04,2.71,,,,16.0,26.0,327.0,123.0,128.66666666666666,138.91666666666666,102.0
1962-08-01,2.9987251261016645,76.0,4.0,65.0,4.700000000000728,26.0,5.4,-0.09999999999999964,,58.5,,,,,,,91.6,,,,,,,,25.4465,7.508460326245392,,,1450.0,8.614232209737827,1189.0,9.787626962142193,,,,,,,,,,,,,,3.96,2.93,,,,102.0,16.0,26.0,48.0,142.5,135.25,92.0
1962-09-01,2.8362002283693677,55.0,-5.0,2.0,8.299999999999272,37.0,5.7,0.2999999999999998,,59.0,,,,,,,,,,,,,,,25.4734,6.651538432553061,,,1517.0,15.625,1200.0,3.5375323554788674,,,,,,,,,,,,,,3.94,2.9,,,,92.0,102.0,16.0,70.0,108.33333333333333,128.33333333333334,140.0
1962-10-01,2.9234389938957106,114.0,51.0,6.0,15.5,26.0,5.6,-0.10000000000000053,,59.0,,,,,,,,,,,,,,,25.635,7.449136131579603,,,1324.0,-7.347795661301615,1223.0,11.384335154826953,,,,,,,,,,,,,,3.92,2.9,,,,140.0,92.0,102.0,111.33333333333333,117.16666666666667,132.5,63.0
1962-11-01,2.7860313268038617,38.0,1.0,-2.0,1.6000000000003638,25.0,5.4,-0.1999999999999993,,58.7,,,,,,,95.0,,,,,,,,25.6619,5.536774745430906,,,1533.0,8.339222614840992,1181.0,5.164737310774714,,,,,,,,,,,,,,3.92,2.94,,,,63.0,140.0,92.0,98.33333333333333,73.16666666666667,126.58333333333333,15.0
1962-12-01,2.400350736180634,-16.0,-39.0,4.0,12.100000000000364,31.0,5.7,0.2999999999999998,,58.5,,,,,,,,,,,,,,,25.7696,4.361630609980316,,,1622.0,17.11191335740072,1236.0,7.291666666666674,,,,,,,,,,,,,,3.85,2.93,,,,15.0,63.0,140.0,72.66666666666667,71.33333333333333,109.5,-28.0
1963-01-01,2.1067210963697347,-9.0,-10.0,-27.0,2.0999999999994543,-19.0,5.5,-0.20000000000000018,,58.4,,,,,,,,,,,,,,,25.7696,3.4591295969166547,,,1564.0,14.578754578754571,1236.0,6.459948320413433,,,,,,,,,,,,,,3.87,2.92,,,,-28.0,15.0,63.0,16.666666666666668,64.0,96.33333333333333,87.0
1963-02-01,2.2298737497950416,9.0,25.0,13.0,9.900000000000546,78.0,5.7,0.20000000000000018,,58.6,,,,,,,98.4,,,,,,,,25.9581,5.125442948263648,,,1244.0,-8.596620132255694,1248.0,11.229946524064172,,,,,,,,,,,,,,3.94,3.0,,,,87.0,-28.0,15.0,24.666666666666668,61.5,102.0,115.0
1963-03-01,1.888091614119003,88.0,-3.0,-24.0,8.0,27.0,5.9,0.20000000000000018,,58.6,,,,,,,,,,,,,,,26.2544,4.614207615434895,,,1456.0,13.928012519561817,1212.0,1.5075376884422065,,,,,,,,,,,,,,3.95,2.98,,,,115.0,87.0,-28.0,58.0,65.33333333333333,86.83333333333333,90.0
1963-04-01,1.8905472636815857,76.0,22.0,-18.0,19.099999999999454,14.0,5.7,-0.20000000000000018,,58.6,,,,,,,,,,,,,,,26.4159,4.695792097847495,,,1534.0,6.3063063063063085,1258.0,10.934744268077612,,,,,,,,,,,,,,3.95,2.9,,,,90.0,115.0,87.0,97.33333333333333,57.0,87.08333333333333,260.0
1963-05-01,1.7589295349088152,241.0,38.0,67.0,32.400000000000546,19.0,5.7,0.0,,58.8,,,,,,,91.7,,,,,,,,26.6582,5.430887878188662,,,1689.0,10.826771653543311,1288.0,4.2914979757084915,,,,,,,,,,,,,,3.96,3.0,,,,260.0,90.0,115.0,155.0,89.83333333333333,81.5,36.0
1963-06-01,1.7760839864816358,12.0,39.0,15.0,-32.0,24.0,5.9,0.20000000000000018,,58.8,,,,,,,,,,,,,,,26.9814,6.82318473354977,,,1641.0,10.654079568442354,1350.0,18.213660245183895,,,,,,,,,,,,,,4.0,2.99,,,,36.0,260.0,90.0,128.66666666666666,93.33333333333333,82.33333333333333,43.0
1963-07-01,1.8240960391057381,29.0,-17.0,-1.0,9.899999999999636,14.0,5.6,-0.3000000000000007,,58.5,,,,,,,,,,,,,,,27.0622,7.371787241808914,,,1588.0,13.10541310541311,1345.0,16.551126516464464,,,,,,,,,,,,,,4.0,3.02,,,,43.0,36.0,260.0,113.0,105.16666666666667,84.58333333333333,135.0
1963-08-01,1.8799555125031286,103.0,22.0,28.0,7.699999999999818,32.0,5.6,0.0,,58.7,,,,,,,96.4,,,,,,,,26.9545,5.926158803764747,,,1614.0,11.310344827586217,1321.0,11.1017661900757,,,,,,,,,,,,,,4.02,3.49,,,,135.0,43.0,36.0,71.33333333333333,113.16666666666667,87.33333333333333,116.0
1963-09-01,1.9198395357999942,82.0,-2.0,11.0,19.100000000000364,34.0,5.4,-0.1999999999999993,,58.5,,,,,,,,,,,,,,,27.0083,6.025501110962805,,,1639.0,8.04218852999341,1310.0,9.166666666666657,,,,,,,,,,,,,,4.07,3.48,,,,116.0,135.0,43.0,98.0,113.33333333333333,89.33333333333333,168.0
1963-10-01,1.9650577012397807,119.0,30.0,11.0,16.099999999999454,49.0,5.5,0.09999999999999964,,58.7,,,,,,,,,,,,,,,27.2776,6.407645796762229,,,1763.0,33.15709969788521,1413.0,15.535568274734256,,,,,,,,,,,,,,4.15,3.5,,,,168.0,116.0,135.0,139.66666666666666,126.33333333333333,91.66666666666667,205.0
1963-11-01,2.2162345425670527,143.0,40.0,-6.0,18.100000000000364,62.0,5.5,0.0,,58.8,,,,,,,94.4,,,,,,,,27.4661,7.0306563426714375,,,1779.0,16.046966731898248,1414.0,19.7290431837426,,,,,,,,,,,,,,4.08,3.48,,,,205.0,168.0,116.0,163.0,117.16666666666667,103.5,-28.0
1963-12-01,2.138932496075352,-33.0,-39.0,-21.0,10.199999999999818,5.0,5.7,0.20000000000000018,,58.8,,,,,,,,,,,,,,,27.6007,7.105659381596907,,,1622.0,0.0,1357.0,9.789644012944976,,,,,,,,,,,,,,4.14,3.38,,,,-28.0,205.0,168.0,115.0,106.5,99.91666666666667,106.0
1964-01-01,2.3791675590776107,93.0,37.0,-1.0,16.900000000000546,13.0,5.5,-0.20000000000000018,,58.5,,,,,,,,,,,,,,,27.5469,6.8968862535701,,,1491.0,-4.667519181585678,1423.0,15.129449838187693,,,,,,,,,,,,,,4.15,3.48,,,,106.0,-28.0,205.0,94.33333333333333,117.0,111.08333333333333,126.0
1964-02-01,2.4449790608571664,61.0,3.0,-86.0,28.899999999999636,65.0,5.6,0.09999999999999964,,58.6,,,,,,,99.5,,,,,,,,27.7892,7.054060197009804,,,1603.0,28.85852090032155,1296.0,3.8461538461538547,,,,,,,,,,,,,,4.18,3.48,,,,126.0,106.0,-28.0,68.0,115.5,114.33333333333333,266.0
1964-03-01,2.7085185843855664,247.0,27.0,136.0,26.300000000000182,19.0,5.4,-0.1999999999999993,,58.8,,,,,,,,,,,,,,,27.9777,6.5638521543055495,,,1820.0,25.0,1442.0,18.97689768976898,,,,,,,,,,,,,,4.23,3.43,,,,266.0,126.0,106.0,166.0,140.5,126.91666666666667,144.0
1964-04-01,2.8000710227272796,114.0,28.0,-7.0,49.5,30.0,5.4,0.0,,58.7,,,,,,,,,,,,,,,27.9777,5.912348244807086,,,1517.0,-1.1082138200782299,1313.0,4.3720190779014345,,,,,,,,,,,,,,4.22,3.47,,,,144.0,266.0,126.0,178.66666666666666,136.5,131.41666666666666,25.0
1964-05-01,2.3718628490632776,-8.0,15.0,-12.0,-82.69999999999982,33.0,5.3,-0.10000000000000053,,59.1,,,,,,,98.5,,,,,,,,28.4355,6.666991769886943,,,1448.0,-14.268798105387804,1264.0,-1.8633540372670843,,,,,,,,,,,,,,4.19,3.5,,,,25.0,144.0,266.0,145.0,106.5,111.83333333333333,167.0
1964-06-01,2.6017380245866972,141.0,27.0,12.0,55.79999999999927,26.0,5.1,-0.20000000000000018,,59.1,,,,,,,,,,,,,,,28.597,5.987828652330873,,,1467.0,-10.60329067641682,1299.0,-3.77777777777778,,,,,,,,,,,,,,4.15,3.5,,,,167.0,25.0,144.0,112.0,139.0,122.75,130.0
1964-07-01,2.753313683616021,131.0,27.0,22.0,31.800000000000182,-1.0,5.2,0.10000000000000053,,58.7,,,,,,,,,,,,,,,28.6778,5.969950706151028,,,1550.0,-2.3929471032745564,1280.0,-4.832713754646845,,,,,,,,,,,,,,4.19,3.42,,,,130.0,167.0,25.0,107.33333333333333,143.0,130.0,193.0
1964-08-01,2.8488924886431732,185.0,48.0,10.0,27.0,8.0,4.9,-0.2999999999999998,,58.6,,,,,,,100.6,,,,,,,,28.8663,7.092693242315762,,,1562.0,-3.2218091697645557,1304.0,-1.2869038607115857,,,,,,,,,,,,,,4.21,3.5,,,,193.0,130.0,167.0,163.33333333333334,154.16666666666666,134.83333333333334,207.0
1964-09-01,3.002987172728866,152.0,61.0,9.0,24.400000000000546,55.0,5.0,0.09999999999999964,,58.6,,,,,,,,,,,,,,,29.0548,7.577300311385771,,,1569.0,-4.270896888346554,1306.0,-0.3053435114503844,,,,,,,,,,,,,,4.18,3.45,,,,207.0,193.0,130.0,176.66666666666666,144.33333333333334,142.41666666666666,284.0
1964-10-01,3.197379025193592,230.0,125.0,5.0,11.5,54.0,5.1,0.09999999999999964,,58.7,,,,,,,,,,,,,,,29.1625,6.910065401648247,,,1455.0,-17.47022121384004,1265.0,-10.474168435951881,,,,,,,,,,,,,,4.16,3.36,,,,284.0,207.0,193.0,228.0,167.66666666666666,152.08333333333334,-110.0
1964-11-01,2.6360351238587265,-169.0,-252.0,29.0,22.0,59.0,5.1,0.0,,58.6,,,,,,,99.9,,,,,,,,28.7586,4.705800969194751,,,1524.0,-14.333895446880273,1230.0,-13.012729844413018,,,,,,,,,,,,,,4.2,3.52,,,,-110.0,284.0,207.0,127.0,145.16666666666666,125.83333333333333,425.0
1964-12-01,3.4285215265042357,391.0,275.0,26.0,20.0,34.0,4.8,-0.2999999999999998,,58.5,,,,,,,,,,,,,,,29.6472,7.414667019314725,,,1486.0,-8.38471023427867,1254.0,-7.590272660280029,,,,,,,,,,,,,,4.21,3.85,,,,425.0,-110.0,284.0,199.66666666666666,188.16666666666666,163.58333333333334,203.0
1965-01-01,3.591290249472645,185.0,80.0,7.0,29.599999999999454,18.0,5.0,0.20000000000000018,,58.6,,,,,,,,,,,,,,,29.9973,8.895374797164113,,,1484.0,-0.46948356807511304,1164.0,-18.200983836964156,,,,,,,,,,,,,,4.19,3.9,,,,203.0,425.0,-110.0,172.66666666666666,200.33333333333334,171.66666666666666,161.0
1965-02-01,3.6443021900603556,121.0,69.0,-2.0,28.800000000000182,40.0,4.9,-0.09999999999999964,,58.6,3.200000000000003,,,,,,102.0,,,,,,,,30.3204,9.108574554143335,,,1361.0,-15.09669369931379,1264.0,-2.4691358024691357,,,,,,,,,,,,,,4.22,3.98,,,,161.0,203.0,425.0,263.0,195.0,174.58333333333334,218.0
1965-03-01,3.544404619673447,181.0,46.0,-6.0,30.199999999999818,37.0,5.1,0.1999999999999993,,58.7,3.600000000000003,,,,,,,,,,,,,,30.5089,9.047205452914287,,,1433.0,-21.263736263736266,1185.0,-17.822468793342583,,,,,,,,,,,,,,4.2,4.05,,,,218.0,161.0,203.0,194.0,196.83333333333334,170.58333333333334,203.0
1965-04-01,3.6374941706824204,167.0,62.0,16.0,9.699999999999818,36.0,4.7,-0.39999999999999947,,58.7,3.984063745019917,,,,,,,,,,,,,,30.9128,10.490855216833417,,,1423.0,-6.1964403427818056,1211.0,-7.7684691546077715,,,,,,,,,,,,,,4.21,4.09,,,,203.0,218.0,161.0,194.0,183.33333333333334,175.5,256.0
1965-05-01,4.0347363696005,215.0,65.0,-41.0,53.80000000000018,41.0,4.8,0.09999999999999964,,58.8,3.1746031746031855,,,,,,105.4,,,,,,,,31.0474,9.185349299291378,,,1438.0,-0.6906077348066253,1162.0,-8.069620253164555,,,,,,,,,,,,,,4.23,4.1,,,,256.0,203.0,218.0,225.66666666666666,244.33333333333334,194.75,232.0
1965-06-01,4.135034171702046,189.0,59.0,69.0,21.199999999999818,43.0,4.6,-0.20000000000000018,,59.0,3.9682539682539764,,,,,,,,,,,,,,31.2898,9.416372346749657,,,1478.0,0.749829584185413,1207.0,-7.0823710546574326,,,,,,,,,,,,,,4.2,4.05,,,,232.0,256.0,203.0,230.33333333333334,212.16666666666666,200.16666666666666,199.0
1965-07-01,4.2443188649753605,165.0,77.0,10.0,20.400000000000546,34.0,4.6,0.0,,58.8,3.9525691699604737,,,,,,,,,,,,,,31.5321,9.952994999616415,,,1488.0,-4.0000000000000036,1241.0,-3.0468750000000044,,,,,,,,,,,,,,4.22,4.09,,,,199.0,232.0,256.0,229.0,211.5,205.91666666666666,275.0
1965-08-01,4.370677258097655,202.0,115.0,-30.0,19.599999999999454,73.0,4.4,-0.1999999999999993,,59.1,3.543307086614167,,,,,,103.4,,,,,,,,31.8283,10.261100314207216,,,1529.0,-2.1126760563380254,1237.0,-5.138036809815949,,,,,,,,,,,,,,4.27,4.12,,,,275.0,199.0,232.0,235.33333333333334,230.5,212.75,263.0
1965-09-01,4.450775345877611,193.0,63.0,54.0,13.100000000000364,70.0,4.4,0.0,,58.9,3.529411764705892,,,,,,,,,,,,,,31.963,10.009361620110969,,,1432.0,-8.731676226896113,1249.0,-4.364471669218995,,,,,,,,,,,,,,4.35,4.02,,,,263.0,275.0,199.0,245.66666666666666,238.0,217.41666666666666,262.0
1965-10-01,4.391966453321561,195.0,70.0,17.0,25.0,67.0,4.3,-0.10000000000000053,,58.7,3.515625,,,,,,,,,,,,,,32.0438,9.880154307758238,,,1482.0,1.855670103092777,1227.0,-3.0039525691699653,,,,,,,,,,,,,,4.41,4.08,,,,262.0,263.0,275.0,266.6666666666667,247.83333333333334,215.58333333333334,229.0
1965-11-01,4.976782950351222,189.0,62.0,20.0,21.800000000000182,40.0,4.2,-0.09999999999999964,,58.9,4.313725490196085,,,,,,102.9,,,,,,,,32.3669,12.546855549296554,,,1452.0,-4.7244094488189,1279.0,3.98373983739837,,,,,,,,,,,,,,4.48,4.1,,,,229.0,262.0,263.0,251.33333333333334,243.33333333333334,243.83333333333334,277.0
1965-12-01,4.691141207065419,219.0,98.0,25.0,24.699999999999818,58.0,4.1,-0.10000000000000053,,58.8,4.296875,,,,,,,,,,,,,,32.5015,9.62755336085701,,,1460.0,-1.749663526244949,1306.0,4.146730462519943,,,,,,,,,,,,,,4.65,4.32,,,,277.0,229.0,262.0,256.0,250.83333333333334,231.5,326.0
1966-01-01,4.8821123845105285,263.0,89.0,41.0,44.399999999999636,63.0,4.0,-0.09999999999999964,,59.0,3.48837209302324,,,,,,,,,,,,,,32.9054,9.694539175192428,,,1656.0,11.590296495956864,1315.0,12.97250859106529,,,,,,,,,,,,,,4.69,4.42,,,,326.0,277.0,229.0,277.3333333333333,272.0,241.75,207.0
1966-02-01,4.946124668524043,165.0,92.0,-27.0,10.0,42.0,4.0,0.0,,59.0,3.875968992248069,,,,,,100.0,,,,,,,,33.2286,9.591562116594776,,,1370.0,0.6612784717119791,1325.0,4.8259493670886,,,,,,,,,,,,,,5.02,4.6,,,,207.0,326.0,277.0,270.0,260.6666666666667,245.58333333333334,267.0
1966-03-01,5.010033444816053,197.0,145.0,-43.0,9.300000000000182,70.0,3.8,-0.20000000000000018,,58.8,3.8610038610038755,,,,,,,,,,,,,,33.444,9.620471403426546,,,1378.0,-3.8381018841591064,1159.0,-2.1940928270042237,,,,,,,,,,,,,,4.71,4.66,,,,267.0,207.0,326.0,266.6666666666667,261.3333333333333,249.66666666666666,396.0
1966-04-01,5.3147342632868355,315.0,112.0,85.0,28.100000000000364,81.0,3.8,0.0,,58.8,3.4482758620689724,,,,,,,,,,,,,,33.9018,9.66913382158847,,,1394.0,-2.037947997189038,1234.0,1.8992568125516085,,,,,,,,,,,,,,4.79,4.67,,,,396.0,267.0,207.0,290.0,283.6666666666667,265.75,245.0
1966-05-01,5.273900994042391,178.0,117.0,-27.0,17.199999999999818,67.0,3.8,0.0,,59.0,4.230769230769216,,,,,,95.7,,,,,,,,33.9556,9.366967926460813,,,1352.0,-5.980528511821969,1145.0,-1.462994836488818,,,,,,,,,,,,,,4.8,4.9,,,,245.0,396.0,267.0,302.6666666666667,286.3333333333333,264.8333333333333,275.0
1966-06-01,5.324759055066042,213.0,108.0,-34.0,35.399999999999636,62.0,3.9,0.10000000000000009,,59.0,3.8167938931297662,,,,,,,,,,,,,,34.2787,9.552314172669686,,,1265.0,-14.411366711772667,1078.0,-10.687655343827673,,,,,,,,,,,,,,4.97,5.17,,,,275.0,245.0,396.0,305.3333333333333,286.0,268.4166666666667,399.0
1966-07-01,5.636842972483103,318.0,108.0,62.0,31.300000000000182,81.0,3.8,-0.10000000000000009,,59.1,3.802281368821303,,,,,,,,,,,,,,34.4403,9.222982294233507,,,1194.0,-19.758064516129036,956.0,-22.965350523771157,,,,,,,,,,,,,,5.05,5.3,,,,399.0,275.0,245.0,306.3333333333333,298.1666666666667,285.0833333333333,190.0
1966-08-01,5.471992126630032,118.0,27.0,-2.0,20.100000000000364,72.0,3.8,0.0,,59.1,4.1825095057034245,,,,,,91.2,,,,,,,,34.6288,8.798773418624295,,,1086.0,-28.973185088292997,932.0,-24.656426839126922,,,,,,,,,,,,,,5.36,5.53,,,,190.0,399.0,275.0,288.0,295.3333333333333,278.0,206.0
1966-09-01,5.355392957470428,174.0,122.0,-26.0,17.399999999999636,32.0,3.8,0.0,,59.3,4.166666666666652,,,,,,,,,,,,,,34.6557,8.424428245158477,,,1119.0,-21.857541899441348,877.0,-29.783827061649315,,,,,,,,,,,,,,5.02,5.4,,,,206.0,190.0,399.0,265.0,285.1666666666667,273.25,136.0
1966-10-01,5.1276630346397845,79.0,4.0,-27.0,5.900000000000546,57.0,3.7,-0.09999999999999964,,59.3,4.150943396226414,,,,,,,,,,,,,,34.9789,9.159650228749427,,,1046.0,-29.41970310391363,774.0,-36.91931540342298,,,,,,,,,,,,,,4.97,5.53,,,,136.0,206.0,190.0,177.33333333333334,241.83333333333334,262.75,211.0
1966-11-01,5.079473095805187,147.0,70.0,-27.0,14.699999999999818,64.0,3.7,0.0,,59.3,4.135338345864659,,,,,,88.3,,,,,,,,35.2212,8.818577003049421,,,843.0,-41.942148760330575,739.0,-42.22048475371384,,,,,,,,,,,,,,5.12,5.76,,,,211.0,136.0,206.0,184.33333333333334,236.16666666666666,261.25,165.0
1966-12-01,4.876121040067094,89.0,25.0,-26.0,5.5,76.0,3.6,-0.10000000000000009,,59.6,4.1198501872659055,,,,,,,,,,,,,,34.9788,7.622109748780814,,,961.0,-34.178082191780824,736.0,-43.64471669218989,,,,,,,,,,,,,,4.64,5.4,,,,165.0,211.0,136.0,170.66666666666666,217.83333333333334,251.91666666666666,180.0
1967-01-01,4.61634735727352,127.0,17.0,4.0,28.599999999999454,53.0,3.8,0.19999999999999973,,59.5,4.1198501872659055,,,,,,,,,,,,,,35.0596,6.546645839284748,,,990.0,-40.21739130434783,743.0,-43.49809885931559,204000.0,1103000.0,209000.0,,,207000.0,1119000.0,,,,,,,4.52,4.94,,,,180.0,165.0,211.0,185.33333333333334,181.33333333333334,239.75,208.0
1967-02-01,4.6026643637352205,149.0,35.0,11.0,-0.8999999999996362,59.0,3.9,0.10000000000000009,,59.5,4.477611940298498,,,,,,94.1,,,,,,,,35.225,6.00807737912521,,,1067.0,-22.11678832116788,995.0,-24.905660377358487,242000.0,1199000.0,229000.0,38000.0,96000.0,229000.0,1167000.0,,,,,,,4.72,5.0,,,,208.0,180.0,165.0,184.33333333333334,184.33333333333334,239.83333333333334,22.0
1967-03-01,4.192942225619456,-16.0,-55.0,-12.0,-2.0,38.0,3.8,-0.10000000000000009,,59.3,4.460966542750944,,,,,,,,,,,,,,34.8255,4.130785791173297,,,1123.0,-18.505079825834546,907.0,-21.742881794650557,247000.0,1268000.0,260750.0,5000.0,69000.0,245000.0,1236000.0,,,,,,,4.5,4.53,,,,22.0,208.0,180.0,136.66666666666666,153.66666666666666,219.41666666666666,101.0
1967-04-01,3.699835422205333,57.0,-38.0,-27.0,38.69999999999982,44.0,3.8,0.0,,59.1,4.074074074074074,,,,,,,,,,,,,,34.6292,2.145608787733977,,,1056.0,-24.246771879483497,955.0,-22.60940032414911,255000.0,1286000.0,264000.0,8000.0,18000.0,299000.0,1278000.0,,,,,,,4.78,4.05,,,,101.0,22.0,208.0,110.33333333333333,147.83333333333334,194.83333333333334,-64.0
1967-05-01,3.198448854769298,-102.0,-62.0,-13.0,-50.399999999999636,38.0,3.8,0.0,,59.4,4.0590405904058935,,,,,,95.9,,,,,,,,34.9558,2.945611327733877,,,1091.0,-19.304733727810653,1035.0,-9.606986899563319,228000.0,1253000.0,235750.0,-27000.0,-33000.0,231000.0,1284000.0,,,,,,,4.81,3.94,,,,-64.0,101.0,22.0,19.666666666666668,102.0,169.08333333333334,154.0
1967-06-01,2.9947262682069375,115.0,-46.0,-15.0,60.899999999999636,39.0,3.8,0.0,,59.3,4.044117647058809,,,,,,,,,,,,,,34.6508,1.0855137446869279,,,1304.0,3.0830039525691744,1076.0,-0.18552875695733162,218000.0,1220000.0,232000.0,-10000.0,-33000.0,224000.0,1248000.0,,,,,,,5.22,3.98,,,,154.0,-64.0,101.0,63.666666666666664,100.16666666666667,159.0,130.0
1967-07-01,2.556503564130952,70.0,-20.0,2.0,20.199999999999818,60.0,3.9,0.10000000000000009,,59.6,4.395604395604402,,,,,,,,,,,,,,34.6465,0.5987172004889629,,,1248.0,4.522613065326642,1169.0,22.28033472803348,209000.0,1280000.0,232500.0,-9000.0,60000.0,241000.0,1258000.0,,,,,,,5.16,3.79,,,,130.0,154.0,-64.0,73.33333333333333,91.83333333333333,136.58333333333334,138.0
1967-08-01,2.46807981213355,128.0,-28.0,39.0,21.100000000000364,10.0,3.8,-0.10000000000000009,,59.6,4.379562043795615,,,,,,97.0,,,,,,,,34.5676,-0.17673150672272708,,,1364.0,25.59852670349907,1177.0,26.287553648068673,213000.0,1180000.0,212750.0,4000.0,-100000.0,202000.0,1215000.0,,,,,,,5.27,3.9,,,,138.0,130.0,154.0,140.66666666666666,80.16666666666667,132.25,255.0
1967-09-01,2.5361588664795987,209.0,121.0,9.0,10.0,46.0,3.8,0.0,,59.7,4.727272727272713,,,,,,,,,,,,,,35.2299,1.6568702983924544,,,1407.0,25.737265415549594,1229.0,40.13683010262257,204000.0,1157000.0,216000.0,-9000.0,-23000.0,220000.0,1179000.0,,,,,,,5.31,3.99,,,,255.0,138.0,130.0,174.33333333333334,119.0,136.33333333333334,21.0
1967-10-01,2.352922976965788,-12.0,-111.0,2.0,32.19999999999982,33.0,3.8,0.0,,59.7,4.347826086956519,,,,,,,,,,,,,,35.1727,0.5540482976880146,,,1421.0,35.850860420650086,1279.0,65.24547803617571,207000.0,1161000.0,216750.0,3000.0,4000.0,206000.0,1189000.0,,,,,,,5.64,3.88,,,,21.0,255.0,138.0,138.0,105.66666666666667,126.75,61.0
1967-11-01,2.1139790914978196,42.0,6.0,-1.0,5.5,19.0,4.0,0.20000000000000018,,59.9,4.332129963898912,,,,,,92.9,,,,,,,,35.4591,0.6754454703417068,,,1491.0,76.86832740213522,1280.0,73.20703653585927,191000.0,1142000.0,206250.0,-16000.0,-19000.0,198000.0,1133000.0,,,,,,,5.74,4.13,,,,61.0,21.0,255.0,112.33333333333333,126.5,114.25,478.0
1967-12-01,2.5900121502945295,425.0,185.0,31.0,39.19999999999982,53.0,3.9,-0.10000000000000009,,59.8,4.676258992805771,,,,,,,,,,,,,,35.9663,2.823138586801144,,,1538.0,60.04162330905307,1297.0,76.22282608695652,216000.0,1167000.0,215000.0,25000.0,25000.0,204000.0,1188000.0,,,,,,,5.7,4.51,,,,478.0,61.0,21.0,186.66666666666666,180.5,140.33333333333334,197.0
1968-01-01,2.6089357198729957,157.0,40.0,1.0,45.400000000000546,40.0,3.8,-0.10000000000000009,,59.9,5.035971223021596,,,,,,,,,,,,,,36.3536,3.6908578534837755,,,1308.0,32.121212121212125,1315.0,76.98519515477793,198000.0,1157000.0,215750.0,-18000.0,-10000.0,222000.0,1187000.0,,,,,,,5.54,4.61,,,,197.0,478.0,61.0,245.33333333333334,191.66666666666666,141.75,-96.0
1968-02-01,2.135857018361942,-155.0,15.0,-134.0,-41.5,59.0,3.7,-0.09999999999999964,,59.2,5.000000000000004,,,,,,97.2,,,,,,,,36.3145,3.0929737402413116,,,1380.0,29.334582942830355,1179.0,18.492462311557787,193000.0,1165000.0,210750.0,-5000.0,8000.0,196000.0,1143000.0,,,,,,,5.56,4.71,,,,-96.0,197.0,478.0,193.0,152.66666666666666,116.41666666666667,411.0
1968-03-01,2.7296764431673948,386.0,14.0,186.0,48.5,25.0,3.8,0.09999999999999964,,59.6,4.982206405693956,,,,,,,,,,,,,,36.4446,4.649179480553056,,,1520.0,35.35173642030276,1342.0,47.960308710033075,192000.0,1119000.0,196500.0,-1000.0,-46000.0,190000.0,1143000.0,,,,,,,5.76,5.05,,,,411.0,-96.0,197.0,170.66666666666666,178.66666666666666,148.83333333333334,80.0
1968-04-01,2.693422859758887,57.0,13.0,-9.0,17.300000000000182,23.0,3.7,-0.09999999999999964,,59.6,5.693950177935947,,,,,,,,,,,,,,36.5584,5.571020988067876,,,1466.0,38.82575757575757,1370.0,43.455497382198956,251000.0,1087000.0,199000.0,59000.0,-32000.0,171000.0,1079000.0,,,,,,,5.74,5.76,,,,80.0,411.0,-96.0,131.66666666666666,188.5,147.08333333333334,261.0
1968-05-01,3.192496868603545,225.0,64.0,13.0,45.79999999999927,36.0,3.5,-0.20000000000000018,,59.5,6.028368794326244,,,,,10.1,92.4,,,,,,,,36.6113,4.735980867266654,,,1554.0,42.43813015582034,1286.0,24.251207729468604,194000.0,1073000.0,199000.0,-57000.0,-14000.0,199000.0,1071000.0,,,,,,,5.86,6.12,,,,261.0,80.0,411.0,250.66666666666666,221.83333333333334,174.16666666666666,96.0
1968-06-01,3.096616885096015,69.0,59.0,-11.0,15.300000000000182,27.0,3.5,0.0,,59.9,6.0070671378091856,,,,,12.2,,,,,,,,,37.022,6.843132048899303,,,1408.0,7.975460122699385,1297.0,20.53903345724908,194000.0,1038000.0,192250.0,0.0,-35000.0,194000.0,1071000.0,,,,,,,5.64,6.07,,,,96.0,261.0,80.0,145.66666666666666,158.16666666666666,169.33333333333334,253.0
1968-07-01,3.2775665399239484,171.0,38.0,-27.0,21.199999999999818,82.0,3.7,0.20000000000000018,,60.0,5.6140350877192935,,,,,12.9,,,,,,,,,37.158,7.248928463192517,,,1405.0,12.580128205128215,1300.0,11.206159110350722,205000.0,1036000.0,196250.0,11000.0,-2000.0,186000.0,1076000.0,,,,,,,5.39,6.03,,,,253.0,96.0,261.0,203.33333333333334,167.5,179.58333333333334,221.0
1968-08-01,3.396673142302098,190.0,37.0,23.0,29.100000000000364,31.0,3.7,0.0,,59.8,5.944055944055937,,,,,13.3,92.4,,,,,,,,37.101,7.3288281512167375,,,1512.0,10.850439882697938,1344.0,14.188615123194559,188000.0,1064000.0,197750.0,-17000.0,28000.0,192000.0,1107000.0,,,,,,,5.42,6.03,,,,221.0,253.0,96.0,190.0,220.33333333333334,186.5,204.0
1968-09-01,3.306472340232536,180.0,-11.0,31.0,38.5,24.0,3.5,-0.20000000000000018,,59.6,5.555555555555558,,,,,1.9,,,,,,,,,37.2045,5.604898112114998,,,1495.0,6.254442075337607,1357.0,10.414971521562254,189000.0,1048000.0,191000.0,1000.0,-16000.0,195000.0,1044000.0,,,,,,,5.49,5.78,,,,204.0,221.0,253.0,226.0,185.83333333333334,182.25,154.0
1968-10-01,3.506438546641677,129.0,-2.0,40.0,27.100000000000364,25.0,3.4,-0.10000000000000009,,59.5,6.59722222222221,,,,,10.1,,,,,,,,,37.3454,6.17723404799746,,,1556.0,9.500351864883893,1464.0,14.464425332290842,182000.0,1033000.0,186000.0,-7000.0,-15000.0,186000.0,1045000.0,,,,,,,5.61,5.91,,,,154.0,204.0,221.0,193.0,198.16666666666666,193.33333333333334,237.0
1968-11-01,3.7689694224235515,203.0,41.0,33.0,31.599999999999454,34.0,3.4,0.0,,59.5,6.57439446366781,,,,,11.1,91.7,,,,,,,,37.4196,5.528905132956008,,,1569.0,5.231388329979869,1421.0,11.015624999999996,162000.0,1056000.0,184000.0,-20000.0,23000.0,192000.0,1076000.0,,,,,,,5.78,5.82,,,,237.0,154.0,204.0,198.33333333333334,194.16666666666666,208.0,263.0
1968-12-01,3.4196362982174655,257.0,53.0,-4.0,21.100000000000364,6.0,3.4,0.0,,59.6,6.529209621993126,,,,,14.3,,,,,,,,,37.9036,5.38643118697224,,,1630.0,5.981794538361518,1436.0,10.71703932151118,223000.0,1116000.0,199500.0,61000.0,60000.0,195000.0,1061000.0,,,,,,,6.16,6.02,,,,263.0,237.0,154.0,218.0,222.0,190.08333333333334,264.0
1969-01-01,3.5097159940209233,226.0,64.0,40.0,28.399999999999636,38.0,3.4,0.0,,59.7,6.506849315068486,,,,,13.4,,,,,,,,,38.0233,4.592942652172005,,,1548.0,18.34862385321101,1389.0,5.627376425855513,193000.0,1077000.0,191500.0,-30000.0,-39000.0,192000.0,1072000.0,,,,,,,6.19,6.3,,,,264.0,263.0,237.0,254.66666666666666,223.83333333333334,195.66666666666666,191.0
1969-02-01,3.9443745883479986,127.0,22.0,8.0,20.300000000000182,64.0,3.4,0.0,,59.6,6.1224489795918435,,,,,16.9,98.2,,,,,,,,38.2533,5.338914207823331,,,1769.0,28.188405797101446,1459.0,23.74893977947412,192000.0,1092000.0,196000.0,-1000.0,15000.0,192000.0,1115000.0,,,,,,,6.26,6.61,,,,191.0,264.0,263.0,239.33333333333334,218.83333333333334,219.58333333333334,260.0
1969-03-01,3.6956036598973396,245.0,70.0,41.0,21.199999999999818,15.0,3.4,0.0,,60.0,6.440677966101682,,,,,15.0,,,,,,,,,38.4981,5.634579608501666,,,1705.0,12.171052631578938,1495.0,11.400894187779432,183000.0,1041000.0,186000.0,-9000.0,-51000.0,189000.0,1080000.0,,,,,,,6.3,6.79,,,,260.0,191.0,264.0,238.33333333333334,228.16666666666666,207.0,206.0
1969-04-01,3.8784456497511055,201.0,56.0,4.0,27.199999999999818,5.0,3.4,0.0,,59.9,6.3973063973064015,,,,,10.7,,,,,,,,,38.8,6.131559368024853,,,1561.0,6.4802182810368425,1438.0,4.963503649635026,177000.0,992000.0,184000.0,-6000.0,-49000.0,190000.0,1050000.0,,,,,,,6.2,7.41,,,,206.0,260.0,191.0,219.0,236.83333333333334,217.5,167.0
1969-05-01,3.724317603173666,151.0,-4.0,11.0,21.700000000000728,16.0,3.4,0.0,,60.0,6.35451505016722,,,,,10.2,91.5,,,,,,,,38.6573,5.588438542198726,,,1524.0,-1.9305019305019266,1441.0,12.052877138413676,187000.0,988000.0,182250.0,10000.0,-4000.0,179000.0,1007000.0,,,,,,,6.56,8.67,,,,167.0,206.0,260.0,211.0,225.16666666666666,209.66666666666666,256.0
1969-06-01,3.955537160763911,217.0,34.0,45.0,43.69999999999982,39.0,3.4,0.0,,59.8,6.333333333333324,,,,,13.2,,,,,,,,,38.5111,4.022203014423864,,,1583.0,12.42897727272727,1328.0,2.390131071703938,203000.0,1021000.0,192000.0,16000.0,33000.0,182000.0,1010000.0,,,,,,,6.73,8.9,,,,256.0,167.0,206.0,209.66666666666666,224.0,223.0,308.0
1969-07-01,4.021795154995944,233.0,52.0,29.0,35.5,75.0,3.5,0.10000000000000009,,60.1,6.644518272425248,,,,,13.1,,,,,,,,,38.8874,4.654179449916573,,,1528.0,8.754448398576509,1349.0,3.769230769230769,192000.0,1110000.0,208750.0,-11000.0,89000.0,210000.0,1092000.0,,,,,,,6.66,8.61,,,,308.0,256.0,167.0,243.66666666666666,231.33333333333334,227.58333333333334,93.0
1969-08-01,3.820861345154558,112.0,2.0,0.0,18.099999999999454,-19.0,3.5,0.0,,60.1,6.270627062706291,,,,,2.0,86.4,,,,,,,,39.0927,5.368318913236836,,,1368.0,-9.523809523809524,1278.0,-4.91071428571429,195000.0,1074000.0,199000.0,3000.0,-36000.0,199000.0,1067000.0,,,,,,,6.83,9.19,,,,93.0,308.0,256.0,219.0,215.0,216.91666666666666,279.0
1969-09-01,3.9192155714912857,246.0,125.0,-10.0,23.300000000000182,33.0,3.5,0.0,,60.3,6.578947368421062,,,,,7.1,,,,,,,,,39.1825,5.316561168675826,,,1358.0,-9.163879598662206,1317.0,-2.9476787030213725,193000.0,1086000.0,194750.0,-2000.0,12000.0,209000.0,1082000.0,,,,,,,7.51,9.15,,,,279.0,93.0,308.0,226.66666666666666,218.16666666666666,223.16666666666666,-94.0
1969-10-01,3.5482740494130027,-100.0,-147.0,22.0,6.0,6.0,3.7,0.20000000000000018,,60.3,6.1889250814332275,,,,,3.8,,,,,,,,,39.1737,4.895649798904289,,,1507.0,-3.1491002570694038,1263.0,-13.729508196721307,205000.0,1136000.0,199250.0,12000.0,50000.0,199000.0,1118000.0,,,,,,,6.94,9.0,,,,-94.0,279.0,93.0,92.66666666666667,168.16666666666666,202.5,207.0
1969-11-01,3.4923822412363137,156.0,-7.0,-4.0,37.19999999999982,51.0,3.7,0.0,,60.4,6.493506493506485,,,,,5.6,79.7,,,,,,,,39.1852,4.718382879560434,,,1381.0,-11.982154238368391,1216.0,-14.426460239268124,202000.0,1211000.0,206750.0,-3000.0,75000.0,197000.0,1181000.0,,,,,,,7.29,8.85,,,,207.0,-94.0,279.0,130.66666666666666,174.83333333333334,200.0,-35.0
1969-12-01,3.0470833816537146,-53.0,-146.0,11.0,21.0,18.0,3.5,-0.20000000000000018,,60.2,6.451612903225801,,,,,2.3,,,,,,,,,38.8158,2.4066315600629107,,,1229.0,-24.601226993865033,1191.0,-17.06128133704735,223000.0,1304000.0,219750.0,21000.0,93000.0,222000.0,1233000.0,,,,,,,7.88,8.97,,,,-35.0,207.0,-94.0,26.0,126.33333333333333,175.16666666666666,155.0
1970-01-01,2.878061460258774,126.0,18.0,24.0,17.700000000000728,29.0,3.5,0.0,,60.2,6.430868167202575,,,,,-7.4,,,,,,,,,38.7116,1.8102058474672056,,,1327.0,-14.27648578811369,1155.0,-16.846652267818573,239000.0,1385000.0,251250.0,16000.0,81000.0,268000.0,1371000.0,,,,,,,7.75,8.98,,,,155.0,-35.0,207.0,109.0,100.83333333333333,166.08333333333334,-65.0
1970-02-01,2.5014761157274634,-84.0,-61.0,-92.0,0.5999999999994543,19.0,3.9,0.3999999999999999,,60.4,6.08974358974359,,,,,1.0,78.1,,,,,,,,37.9948,-0.6757586927141013,,,1085.0,-38.66591294516676,1062.0,-27.210418094585332,242000.0,1430000.0,258500.0,3000.0,45000.0,265000.0,1445000.0,,,,,,,6.9,8.98,,,,-65.0,155.0,-35.0,18.333333333333332,74.5,144.75,129.0
1970-03-01,2.304193747399541,107.0,-63.0,88.0,16.100000000000364,22.0,4.2,0.30000000000000027,,60.4,6.050955414012726,,,,,-10.5,,,,,,,,,37.9698,-1.372275514895549,,,1305.0,-23.46041055718475,1118.0,-25.217391304347824,276000.0,1537000.0,268250.0,34000.0,107000.0,271000.0,1456000.0,,,,,,,7.08,7.76,,,,129.0,-65.0,155.0,73.0,49.5,133.83333333333334,146.0
1970-04-01,2.2115728488663278,61.0,-1.0,-6.0,23.699999999999818,85.0,4.4,0.20000000000000018,,60.6,6.329113924050622,,,,,3.1,,,,,,,,,37.9205,-2.2667525773195862,,,1319.0,-15.50288276745676,1132.0,-21.27955493741307,349000.0,1748000.0,325250.0,73000.0,211000.0,374000.0,1653000.0,,,,,,,7.82,8.1,,,,146.0,129.0,-65.0,70.0,89.5,128.83333333333334,-103.0
1970-05-01,1.8209841306085162,-205.0,-153.0,-28.0,-18.100000000000364,102.0,4.6,0.1999999999999993,,60.6,5.660377358490565,,,,,-0.3,75.4,,,,,,,,37.823,-2.1581952179795305,,,1264.0,-17.06036745406824,1224.0,-15.058986814712005,301000.0,1807000.0,304500.0,-48000.0,59000.0,303000.0,1840000.0,,,,,,,7.95,7.95,,,,-103.0,146.0,129.0,57.333333333333336,37.833333333333336,106.33333333333333,-224.0
1970-06-01,1.1318393811853067,-187.0,-178.0,-35.0,6.0,-37.0,4.8,0.20000000000000018,,60.3,5.642633228840133,,,,,-4.8,,,,,,,,,37.7789,-1.9012700234477875,,,1290.0,-18.509159823120658,1328.0,0.0,291000.0,1866000.0,296500.0,-10000.0,59000.0,298000.0,1852000.0,,,,,,,7.68,7.61,,,,-224.0,-103.0,146.0,-60.333333333333336,6.333333333333333,66.33333333333333,-95.0
1970-07-01,0.5563735205843967,-94.0,-99.0,2.0,0.5,-1.0,4.9,0.10000000000000053,,60.2,5.919003115264787,,,,,-2.6,,,,,,,,,37.6567,-3.1647783086552472,,,1385.0,-9.358638743455494,1322.0,-2.0014825796886626,287000.0,1918000.0,286500.0,-4000.0,52000.0,294000.0,1877000.0,,,,,,,7.38,7.21,,,,-95.0,-224.0,-103.0,-140.66666666666666,-35.333333333333336,32.75,24.0
1970-08-01,0.4580864991728939,-6.0,-53.0,9.0,9.200000000000728,30.0,5.0,0.09999999999999964,,60.4,5.900621118012417,,,,,-1.3,77.6,,,,,,,,37.7491,-3.436958818398328,,,1517.0,10.891812865497075,1324.0,3.5993740219092407,297000.0,2005000.0,291500.0,10000.0,87000.0,300000.0,1933000.0,,,,,,,7.49,6.62,,,,24.0,-95.0,-224.0,-98.33333333333333,-20.5,27.0,-116.0
1970-09-01,-0.09998873366381389,-130.0,-98.0,4.0,-2.4000000000005457,14.0,5.1,0.09999999999999964,,60.3,6.1728395061728225,,,,,0.0,,,,,,,,,37.6818,-3.8300261596375784,,,1399.0,3.0191458026509466,1394.0,5.846621108580097,333000.0,2092000.0,318500.0,36000.0,87000.0,292000.0,2068000.0,,,,,,,7.29,6.29,,,,-116.0,24.0,-95.0,-62.333333333333336,-61.333333333333336,-5.916666666666667,7.0
1970-10-01,0.04230476351636536,-23.0,-87.0,-31.0,18.699999999999818,30.0,5.4,0.3000000000000007,,60.2,5.828220858895716,,,,,-8.1,,,,,,,,,37.4221,-4.471367269366944,,,1534.0,1.791639017916391,1426.0,12.905779889152802,327000.0,2233000.0,329500.0,-6000.0,141000.0,334000.0,2210000.0,,,,,,,7.33,6.2,,,,7.0,-116.0,24.0,-28.333333333333332,-84.5,2.5,-423.0
1970-11-01,-0.8436326823301088,-475.0,-519.0,8.0,16.800000000000182,52.0,5.5,0.09999999999999964,,60.4,5.182926829268308,,,,,-8.3,72.4,,,,,,,,36.6735,-6.409817992507383,,,1580.0,14.409847936278064,1564.0,28.61842105263157,337000.0,2292000.0,325250.0,10000.0,59000.0,314000.0,2343000.0,,,,,,,6.49,5.6,,,,-423.0,7.0,-116.0,-177.33333333333334,-137.83333333333334,-50.0,-112.0
1970-12-01,-0.9523675547927879,-149.0,-149.0,17.0,-29.0,37.0,5.9,0.40000000000000036,,60.4,5.151515151515174,,,,,-7.1,,,,,,,,,36.4514,-6.091333941333177,,,1647.0,34.01139137510172,1502.0,26.112510495382036,321000.0,2147000.0,306000.0,-16000.0,-145000.0,306000.0,2193000.0,,,,,,,6.5,4.9,,,,-112.0,-423.0,7.0,-176.0,-119.16666666666667,-56.416666666666664,383.0
1971-01-01,-0.6302550497606751,368.0,285.0,45.0,47.30000000000018,15.0,6.1,0.1999999999999993,,60.4,5.740181268882183,,,,,-4.0,,,,,,,,,37.2885,-3.676159084098818,,,1893.0,42.65259984928409,1767.0,52.98701298701298,292000.0,2086000.0,297750.0,-29000.0,-61000.0,299000.0,2100000.0,,,,,,,6.09,4.14,,,,383.0,-112.0,-423.0,-50.666666666666664,-39.5,-37.416666666666664,73.0
1971-02-01,-0.43694503765314696,40.0,-29.0,-45.0,42.80000000000018,33.0,5.9,-0.1999999999999993,,60.4,6.646525679758297,,,,,-10.3,78.1,,,,,,,,37.5753,-1.1040984555781286,,,1828.0,68.47926267281106,1643.0,54.70809792843691,290000.0,2081000.0,284000.0,-2000.0,-5000.0,282000.0,2079000.0,,,,,,,6.14,3.72,,,,73.0,383.0,-112.0,114.66666666666667,-31.333333333333332,-25.916666666666668,-58.0
1971-03-01,-0.6984082462660357,-57.0,-64.0,-10.0,-2.699999999999818,-1.0,5.9,0.0,,60.1,6.606606606606591,,,,,-1.2,,,,,,,,,37.5037,-1.2275545301792423,,,1741.0,33.40996168582375,1588.0,42.039355992844364,300000.0,2157000.0,293750.0,10000.0,76000.0,287000.0,2126000.0,,,,,,,5.53,3.71,,,,-58.0,73.0,383.0,132.66666666666666,-21.666666666666668,-41.5,53.0
1971-04-01,-0.8271402779527204,22.0,-62.0,41.0,15.099999999999454,31.0,6.0,0.09999999999999964,,60.0,5.952380952380953,,,,,-2.5,,,,,,,,,37.4631,-1.2062077240542757,,,1910.0,44.80667172100077,1759.0,55.388692579505296,288000.0,2127000.0,287500.0,-12000.0,-30000.0,284000.0,2163000.0,,,,,,,6.08,4.16,,,,53.0,-58.0,73.0,22.666666666666668,-14.0,-49.25,176.0
1971-05-01,-0.43729326680496117,139.0,-5.0,61.0,31.300000000000182,37.0,5.9,-0.09999999999999964,,60.1,6.547619047619047,,,,,11.0,80.2,,,,,,,,37.6735,-0.3952621420828639,,,1986.0,57.12025316455696,1745.0,42.56535947712419,299000.0,2171000.0,292750.0,11000.0,44000.0,284000.0,2179000.0,,,,,,,6.38,4.63,,,,176.0,53.0,-58.0,57.0,85.83333333333333,-26.0,211.0
1971-06-01,0.17293740509531919,186.0,76.0,15.0,22.5,25.0,5.9,0.0,,60.2,7.121661721068251,,,,,-4.9,,,,,,,,,37.8646,0.2268462025098783,,,2049.0,58.83720930232559,1972.0,48.49397590361446,291000.0,2172000.0,296500.0,-8000.0,1000.0,295000.0,2199000.0,,,,,,,6.7,4.91,,,,211.0,176.0,53.0,146.66666666666666,139.66666666666666,10.25,7.0
1971-07-01,0.3167720226949555,-31.0,-86.0,9.0,16.5,38.0,5.9,0.0,,59.8,6.470588235294117,,,,,-8.4,,,,,,,,,38.0234,0.9737974915486447,,,2026.0,46.28158844765342,1903.0,43.948562783661124,308000.0,2150000.0,297250.0,17000.0,-22000.0,313000.0,2087000.0,,,,,,,6.85,5.31,,,,7.0,211.0,176.0,131.33333333333334,77.0,18.75,61.0
1971-08-01,0.3687388287616278,58.0,-13.0,27.0,29.5,3.0,6.0,0.09999999999999964,,60.1,6.451612903225801,,,,,-6.5,82.1,,,,,,,,37.9131,0.4344474437801171,,,2083.0,37.310481212920244,2069.0,56.26888217522659,307000.0,2188000.0,325250.0,-1000.0,38000.0,325000.0,2202000.0,,,,,,,6.28,5.57,,,,61.0,7.0,211.0,93.0,75.0,21.833333333333332,58.0
1971-09-01,0.6146298828537899,28.0,-11.0,0.0,27.600000000000364,30.0,6.1,0.09999999999999964,,60.2,6.395348837209314,,,,,-11.5,,,,,,,,,37.693,0.029722571639356765,,,2158.0,54.253037884202996,2004.0,43.75896700143471,308000.0,2233000.0,320250.0,1000.0,45000.0,302000.0,2246000.0,,,,,,,6.0,5.55,,,,58.0,61.0,7.0,42.0,94.33333333333333,36.333333333333336,241.0
1971-10-01,0.9444068561118568,214.0,39.0,34.0,24.199999999999818,27.0,6.0,-0.09999999999999964,,60.1,6.376811594202891,,,,,3.5,,,,,,,,,38.3056,2.36090438537655,,,2041.0,33.05084745762712,1996.0,39.9719495091164,283000.0,2194000.0,297250.0,-25000.0,-39000.0,299000.0,2190000.0,,,,,,,5.87,5.2,,,,241.0,58.0,61.0,120.0,125.66666666666667,55.833333333333336,28.0
1971-11-01,1.58959742488054,-19.0,-28.0,47.0,7.199999999999818,47.0,5.8,-0.20000000000000018,,60.1,6.666666666666665,,,,,-4.0,82.0,,,,,,,,38.5924,5.232388509414165,,,2128.0,34.683544303797476,2026.0,29.53964194373402,278000.0,2111000.0,287000.0,-5000.0,-83000.0,295000.0,2134000.0,,,,,,,5.93,4.91,,,,28.0,241.0,58.0,109.0,101.0,93.41666666666667,205.0
1971-12-01,2.04235254015821,172.0,40.0,36.0,1.5,33.0,6.0,0.20000000000000018,,60.4,6.628242074927959,,,,,3.2,,,,,,,,,38.7561,6.322665247425352,,,2182.0,32.48330297510624,2079.0,38.41544607190413,244000.0,2037000.0,273000.0,-34000.0,-74000.0,269000.0,2109000.0,,,,,,,5.89,4.14,,,,205.0,28.0,241.0,158.0,100.0,119.83333333333333,262.0
1972-01-01,1.8603797039213443,220.0,36.0,-36.0,57.69999999999982,42.0,6.0,0.0,,60.4,6.571428571428561,,,,,4.9,,,,,,,,,39.2035,5.135631629054527,,,2295.0,21.236133122028523,2133.0,20.713073005093374,269000.0,1921000.0,269250.0,25000.0,-116000.0,250000.0,1923000.0,,,,,,,6.09,3.51,,,,262.0,205.0,28.0,165.0,142.5,109.75,332.0
1972-02-01,2.223946941367383,256.0,81.0,45.0,105.90000000000055,76.0,5.8,-0.20000000000000018,,60.2,7.64872521246458,,,,,7.0,92.8,,,,,,,,40.1408,6.827623465414789,,,2494.0,36.43326039387309,2238.0,36.21424223980523,254000.0,1903000.0,263500.0,-15000.0,-18000.0,266000.0,1960000.0,,,,,,,6.04,3.3,,,,332.0,262.0,205.0,266.3333333333333,187.66666666666666,131.33333333333334,207.0
1972-03-01,2.600025421215424,175.0,78.0,-24.0,30.799999999999272,32.0,5.7,-0.09999999999999964,,60.2,7.605633802816891,,,,,11.4,,,,,,,,,40.5459,8.11173297567973,,,2390.0,37.2774267662263,2169.0,36.58690176322419,264000.0,1877000.0,262750.0,10000.0,-26000.0,266000.0,1907000.0,,,,,,,6.12,3.83,,,,207.0,332.0,262.0,267.0,212.5,153.41666666666666,296.0
1972-04-01,2.94101044312729,265.0,86.0,33.0,23.800000000000182,31.0,5.8,0.09999999999999964,,60.5,7.86516853932584,,,,,-2.4,,,,,,,,,40.8263,8.977367062522879,,,2334.0,22.198952879581157,2105.0,19.670267197271187,265000.0,1870000.0,264250.0,1000.0,-7000.0,259000.0,1891000.0,,,,,,,6.14,4.17,,,,296.0,207.0,332.0,278.3333333333333,221.66666666666666,173.66666666666666,218.0
1972-05-01,2.9928486964356127,189.0,61.0,10.0,25.900000000000546,29.0,5.7,-0.09999999999999964,,60.4,7.8212290502793325,,,,,6.8,88.6,,,,,,,,41.2348,9.453063824704365,,,2249.0,13.24269889224572,2139.0,22.578796561604577,267000.0,1871000.0,267750.0,2000.0,1000.0,266000.0,1874000.0,,,,,,,6.05,4.27,,,,218.0,296.0,207.0,240.33333333333334,253.33333333333334,177.16666666666666,307.0
1972-06-01,3.118727806083066,249.0,94.0,26.0,16.799999999999272,58.0,5.7,0.0,,60.4,7.479224376731297,,,,,10.6,,,,,,,,,41.2405,8.915715470386566,,,2221.0,8.394338701805747,2067.0,4.817444219066935,286000.0,1871000.0,273250.0,19000.0,0.0,275000.0,1855000.0,,,,,,,6.15,4.46,,,,307.0,218.0,296.0,273.6666666666667,270.3333333333333,185.16666666666666,289.0
1972-07-01,3.514188677126895,300.0,39.0,12.0,29.800000000000182,-11.0,5.7,0.0,,60.4,7.182320441988943,,,,,3.8,,,,,,,,,41.3497,8.748034105314083,,,2254.0,11.253701875616983,2183.0,14.71361008933263,247000.0,1928000.0,284500.0,-39000.0,57000.0,318000.0,1947000.0,,,,,,,6.12,4.55,,,,289.0,307.0,218.0,271.3333333333333,274.8333333333333,208.66666666666666,-49.0
1972-08-01,3.3569375306737648,-126.0,-85.0,-30.0,13.300000000000182,77.0,5.6,-0.10000000000000053,,60.4,7.438016528925617,,,,,14.0,95.2,,,,,,,,41.3035,8.94255547554803,,,2252.0,8.11329812770043,2195.0,6.089898501691637,262000.0,1792000.0,253500.0,15000.0,-136000.0,246000.0,1812000.0,,,,,,,6.42,4.81,,,,-49.0,289.0,307.0,182.33333333333334,211.33333333333334,199.5,432.0
1972-09-01,3.878217253022842,384.0,185.0,44.0,33.899999999999636,48.0,5.6,0.0,,60.6,7.1038251366120075,,,,,-1.9,,,,,,,,,41.879,11.105510306953548,,,2382.0,10.37998146431882,2263.0,12.924151696606788,251000.0,1763000.0,255750.0,-11000.0,-29000.0,258000.0,1799000.0,,,,,,,6.54,4.87,,,,432.0,-49.0,289.0,224.0,248.83333333333334,230.66666666666666,123.0
1972-10-01,3.7003937777529528,78.0,33.0,17.0,7.400000000000546,45.0,5.5,-0.09999999999999964,,60.4,7.3569482288828425,,,,,6.0,,,,,,,,,42.2132,10.20111941857067,,,2481.0,21.558059774620286,2393.0,19.88977955911824,234000.0,1750000.0,251000.0,-17000.0,-13000.0,250000.0,1760000.0,,,,,,,6.41,5.05,,,,123.0,432.0,-49.0,168.66666666666666,220.0,220.83333333333334,410.0
1972-11-01,4.232154322883219,379.0,119.0,38.0,50.19999999999982,31.0,5.6,0.09999999999999964,,60.3,7.880434782608692,,,,,7.4,90.7,,,,,,,,42.7494,10.771550875301884,,,2485.0,16.776315789473696,2354.0,16.18953603158935,235000.0,1743000.0,250750.0,1000.0,-7000.0,271000.0,1727000.0,,,,,,,6.28,5.06,,,,410.0,123.0,432.0,321.6666666666667,252.0,252.66666666666666,299.0
1972-12-01,4.350912355421932,262.0,112.0,-36.0,45.5,37.0,5.3,-0.2999999999999998,,60.3,7.837837837837847,,,,,17.1,,,,,,,,,43.2548,11.607721107128931,,,2421.0,10.953253895508697,2234.0,7.4555074555074485,225000.0,1663000.0,246500.0,-10000.0,-80000.0,263000.0,1756000.0,,,,,,,6.41,5.33,,,,299.0,410.0,123.0,277.3333333333333,250.66666666666666,260.5,295.0
1973-01-01,4.380867852833914,254.0,153.0,-65.0,54.399999999999636,41.0,5.2,-0.09999999999999964,,60.5,7.238605898123329,,,,,18.1,,,,,,,,,43.7367,11.563253280957063,,,2366.0,3.093681917211333,2419.0,13.408345053914683,214000.0,1601000.0,228500.0,-11000.0,-62000.0,245000.0,1660000.0,,,,,,,6.54,5.94,,,,295.0,299.0,410.0,334.6666666666667,251.66666666666666,263.25,349.0
1973-02-01,4.384257533717095,343.0,118.0,67.0,31.100000000000364,6.0,4.9,-0.2999999999999998,,60.0,6.052631578947376,,,,,18.8,81.9,,,,,,,,44.0529,9.745944276147966,,,2481.0,-0.5212510024057759,2271.0,1.4745308310991856,218000.0,1582000.0,222000.0,4000.0,-19000.0,216000.0,1582000.0,,,,,,,6.64,6.58,,,,349.0,295.0,299.0,314.3333333333333,318.0,264.6666666666667,397.0
1973-03-01,4.633300297324072,376.0,134.0,67.0,25.5,21.0,5.0,0.09999999999999964,,60.5,6.020942408376961,,,,,18.4,,,,,,,,,44.6827,10.202757862077295,,,2289.0,-4.225941422594137,2226.0,2.6279391424619547,222000.0,1547000.0,227750.0,4000.0,-35000.0,228000.0,1578000.0,,,,,,,6.73,7.09,,,,397.0,349.0,295.0,347.0,312.1666666666667,280.5,270.0
1973-04-01,4.578855012064054,236.0,83.0,18.0,26.100000000000364,34.0,4.9,-0.09999999999999964,,60.8,5.729166666666652,,,,,24.1,,,,,,,,,44.7045,9.499268853655618,,,2365.0,1.328191945158519,2062.0,-2.042755344418057,236000.0,1551000.0,239000.0,14000.0,4000.0,230000.0,1539000.0,,,,,,,6.7,7.12,,,,270.0,397.0,349.0,338.6666666666667,336.6666666666667,278.3333333333333,171.0
1973-05-01,4.5009704491402625,139.0,37.0,17.0,16.69999999999891,32.0,5.0,0.09999999999999964,,60.8,5.958549222797926,,,,,15.2,77.0,,,,,,,,44.6387,8.254920601045711,,,2084.0,-7.336594041796351,1908.0,-10.799438990182331,238000.0,1567000.0,240250.0,2000.0,16000.0,238000.0,1557000.0,,,,,,,6.93,7.84,,,,171.0,270.0,397.0,279.3333333333333,296.8333333333333,274.4166666666667,193.0
1973-06-01,4.3269950591405815,153.0,34.0,31.0,27.600000000000364,40.0,4.9,-0.09999999999999964,,60.6,5.670103092783507,,,,,9.8,,,,,,,,,44.9429,8.97758271601945,,,2266.0,2.0261143628995892,1931.0,-6.5795839380745065,237000.0,1571000.0,240500.0,-1000.0,4000.0,237000.0,1576000.0,,,,,,,6.94,8.49,,,,193.0,171.0,270.0,211.33333333333334,279.1666666666667,264.9166666666667,239.0
1973-07-01,4.242251687952492,184.0,42.0,56.0,19.600000000000364,55.0,4.9,0.0,,60.9,6.185567010309279,,,,,12.6,,,,,,,,,45.0035,8.83633980415821,,,2067.0,-8.296362023070103,2051.0,-6.046724690792482,250000.0,1603000.0,242750.0,13000.0,32000.0,232000.0,1605000.0,,,,,,,7.43,10.4,,,,239.0,193.0,171.0,201.0,269.8333333333333,260.75,26.0
1973-08-01,4.346823318726334,33.0,-8.0,39.0,-2.7000000000007276,-7.0,4.8,-0.10000000000000053,,60.9,6.410256410256432,,,,,5.0,72.0,,,,,,,,45.1636,9.345697095887772,,,2123.0,-5.728241563055059,1819.0,-17.12984054669704,254000.0,1675000.0,258250.0,4000.0,72000.0,258000.0,1672000.0,,,,,,,7.25,10.5,,,,26.0,239.0,193.0,152.66666666666666,216.0,267.0,255.0
1973-09-01,4.082761225233011,216.0,31.0,1.0,13.800000000001091,39.0,4.8,0.0,,60.7,6.1224489795918435,,,,,7.9,,,,,,,,,45.1019,7.695742496239166,,,2051.0,-13.895885810243492,1809.0,-20.061864781263804,249000.0,1658000.0,248000.0,-5000.0,-17000.0,245000.0,1666000.0,,,,,,,6.9,10.78,,,,255.0,26.0,239.0,173.33333333333334,192.33333333333334,252.25,108.0
1973-10-01,4.0558009264246575,120.0,-20.0,4.0,19.399999999999636,-12.0,4.8,0.0,,60.8,6.598984771573613,,,,,11.6,,,,,,,,,45.4624,7.6971184368870516,,,1874.0,-24.465941152760983,1704.0,-28.792310906811537,235000.0,1675000.0,241500.0,-14000.0,17000.0,246000.0,1679000.0,,,,,,,6.71,10.01,,,,108.0,255.0,26.0,129.66666666666666,165.33333333333334,251.0,331.0
1973-11-01,3.9277392398960886,246.0,93.0,-5.0,42.100000000000364,85.0,4.6,-0.20000000000000018,,60.9,6.045340050377823,,,,,11.6,76.5,,,,,,,,45.847,7.2459496507553345,,,1677.0,-32.51509054325956,1411.0,-40.05947323704333,233000.0,1755000.0,253750.0,-2000.0,80000.0,254000.0,1698000.0,,,,,,,6.69,10.03,,,,331.0,108.0,255.0,231.33333333333334,192.0,244.41666666666666,313.0
1973-12-01,3.930748402758333,255.0,71.0,0.0,38.19999999999891,58.0,4.8,0.20000000000000018,,61.2,6.265664160400997,,,,,8.7,,,,,,,,,46.0553,6.474425959662278,,,1724.0,-28.789756299049984,1402.0,-37.24261414503134,300000.0,1805000.0,291000.0,67000.0,50000.0,272000.0,1779000.0,,,,,,,6.9,9.95,,,,313.0,331.0,108.0,250.66666666666666,212.0,245.58333333333334,111.0
1974-01-01,3.6708827124408705,76.0,47.0,7.0,-7.199999999998909,35.0,4.9,0.10000000000000053,,61.2,6.25,,,,,5.2,,,,,,,,,45.923,4.998776770995539,,,1526.0,-35.502958579881664,1288.0,-46.75485737908227,291000.0,1950000.0,305250.0,-9000.0,145000.0,340000.0,1949000.0,,,,,,,7.0,9.65,,,,111.0,313.0,331.0,251.66666666666666,190.66666666666666,230.25,69.0
1974-02-01,3.283653146779164,49.0,-32.0,-43.0,-10.899999999999636,20.0,5.1,0.1999999999999993,,61.3,5.955334987593042,,,,,6.6,61.8,,,,,,,,45.6204,3.5582220466756853,,,1451.0,-41.515517936316,1331.0,-41.39145750770585,292000.0,2027000.0,318500.0,1000.0,77000.0,311000.0,2049000.0,,,,,,,7.01,8.97,,,,69.0,111.0,313.0,164.33333333333334,197.83333333333334,206.91666666666666,154.0
1974-03-01,2.946825584760693,109.0,-61.0,63.0,-2.5,45.0,5.2,0.10000000000000053,,61.4,5.9259259259259345,,,,,0.7,,,,,,,,,45.4759,1.775183684065662,,,1752.0,-23.460026212319796,1360.0,-38.90386343216532,323000.0,2062000.0,314250.0,31000.0,35000.0,315000.0,2068000.0,,,,,,,7.41,9.35,,,,154.0,69.0,111.0,111.33333333333333,181.0,186.66666666666666,42.0
1974-04-01,2.6375124534633754,25.0,-27.0,-4.0,9.299999999999272,17.0,5.1,-0.10000000000000053,,61.3,6.403940886699533,,,,,4.1,,,,,,,,,45.4777,1.7295797962173731,,,1555.0,-34.24947145877378,1440.0,-30.164888457807947,283000.0,2045000.0,293000.0,-40000.0,-17000.0,297000.0,2072000.0,,,,,,,7.66,10.51,,,,42.0,154.0,69.0,88.33333333333333,170.0,167.66666666666666,86.0
1974-05-01,2.5204368582826486,47.0,2.0,-30.0,28.200000000000728,39.0,5.1,0.0,,61.1,5.867970660146704,,,,,-3.9,72.1,,,,,,,,45.3451,1.5824833608505617,,,1607.0,-22.88867562380038,1254.0,-34.27672955974843,309000.0,2057000.0,297500.0,26000.0,12000.0,298000.0,2053000.0,,,,,,,7.52,11.31,,,,86.0,42.0,154.0,94.0,129.16666666666666,160.58333333333334,167.0
1974-06-01,2.4801690846466995,137.0,-14.0,-27.0,32.29999999999927,30.0,5.1,0.0,,61.2,7.317073170731736,,,,,-8.7,,,,,,,,,45.7044,1.6943721922706434,,,1426.0,-37.069726390114745,1138.0,-41.06680476437079,325000.0,2074000.0,312500.0,16000.0,17000.0,303000.0,2095000.0,,,,,,,7.64,11.93,,,,167.0,86.0,42.0,98.33333333333333,104.83333333333333,158.41666666666666,55.0
1974-07-01,2.233147346105313,37.0,2.0,-52.0,9.600000000000364,18.0,5.4,0.3000000000000007,,61.2,7.7669902912621325,,,,,5.6,,,,,,,,,45.6238,1.3783372404368555,,,1513.0,-26.802128688921144,1086.0,-47.050219405168214,320000.0,2097000.0,309500.0,-5000.0,23000.0,304000.0,2125000.0,,,,,,,7.89,12.92,,,,55.0,167.0,86.0,102.66666666666667,95.5,143.08333333333334,32.0
1974-08-01,2.240193465343965,-17.0,-34.0,-101.0,28.600000000000364,49.0,5.5,0.09999999999999964,,61.4,7.2289156626506035,,,,,0.0,64.4,,,,,,,,45.7221,1.2366153273875247,,,1316.0,-38.01224682053698,1002.0,-44.91478834524464,350000.0,2211000.0,343000.0,30000.0,114000.0,332000.0,2168000.0,,,,,,,8.11,12.01,,,,32.0,55.0,167.0,84.66666666666667,89.33333333333333,143.58333333333334,-17.0
1974-09-01,1.8803130831432702,-57.0,-86.0,14.0,-3.7000000000007276,40.0,5.5,0.0,,61.2,7.932692307692313,,,,,-4.9,,,,,,,,,45.2366,0.2986570410559164,,,1142.0,-44.31984397854705,917.0,-49.309010503040355,366000.0,2306000.0,360750.0,16000.0,95000.0,357000.0,2274000.0,,,,,,,7.94,11.34,,,,-17.0,32.0,55.0,23.333333333333332,60.833333333333336,120.91666666666667,-9.0
1974-10-01,1.7262798281484582,-103.0,-78.0,-50.0,25.799999999999272,94.0,5.9,0.40000000000000036,,61.4,7.857142857142851,,,,,-16.4,,,,,,,,,45.2365,-0.4968941366931823,,,1150.0,-38.63393810032017,840.0,-50.70422535211267,414000.0,2520000.0,396750.0,48000.0,214000.0,413000.0,2396000.0,,,,,,,7.79,10.06,,,,-9.0,-17.0,32.0,2.0,52.333333333333336,111.16666666666667,20.0
1974-11-01,1.3181800610769567,-42.0,-128.0,-37.0,34.0,62.0,6.0,0.09999999999999964,,61.3,8.313539192399034,,,,,-10.5,59.5,,,,,,,,45.1133,-1.6003228128339875,,,1070.0,-36.195587358378056,824.0,-41.60170092133239,474000.0,3086000.0,470500.0,60000.0,566000.0,449000.0,2862000.0,,,,,,,7.64,9.45,,,,20.0,-9.0,-17.0,-2.0,41.333333333333336,85.25,-365.0
1974-12-01,0.44276180698152867,-413.0,-287.0,-61.0,-38.5,48.0,6.6,0.5999999999999996,,61.3,7.7830188679245405,,,,,-27.7,,,,,,,,,43.6278,-5.27083744976149,,,1026.0,-40.48723897911833,783.0,-44.151212553495014,537000.0,3396000.0,524000.0,63000.0,310000.0,510000.0,3291000.0,,,,,,,7.4,8.53,,,,-365.0,20.0,-9.0,-118.0,-47.333333333333336,28.75,-613.0
1975-01-01,-0.4857043995335153,-640.0,-384.0,-51.0,-61.599999999998545,27.0,7.2,0.6000000000000005,,61.2,8.23529411764705,,,,,-32.8,,,,,,,,,42.0533,-8.426496526794857,,,975.0,-36.107470511140235,869.0,-32.53105590062112,555000.0,3708000.0,535000.0,18000.0,312000.0,575000.0,3658000.0,,,,,,,7.53,7.13,,,,-613.0,-365.0,20.0,-319.3333333333333,-158.66666666666666,-31.583333333333332,-359.0
1975-02-01,-1.033290653008967,-424.0,-349.0,-19.0,-8.800000000001091,65.0,8.1,0.8999999999999995,,61.4,7.962529274004693,,,,,-21.3,57.6,,,,,,,,41.4676,-9.10294517365038,,,1032.0,-28.87663680220538,726.0,-45.45454545454546,544000.0,3969000.0,544500.0,-11000.0,261000.0,530000.0,3863000.0,,,,,,,7.46,6.24,,,,-359.0,-613.0,-365.0,-445.6666666666667,-223.83333333333334,-67.25,-375.0
1975-03-01,-1.7072609706852093,-498.0,-340.0,-123.0,9.600000000000364,123.0,8.1,0.0,,61.0,8.158508158508159,,,,,-34.5,,,,,,,,,40.5165,-10.905556569523645,,,904.0,-48.401826484018265,729.0,-46.39705882352941,555000.0,4310000.0,546750.0,11000.0,341000.0,531000.0,4195000.0,,,,,,,8.01,5.54,,,,-375.0,-359.0,-613.0,-449.0,-283.5,-111.33333333333333,-270.0
1975-04-01,-2.1048329416572975,-277.0,-151.0,-90.0,-1.7999999999992724,7.0,8.6,0.5,,61.2,8.101851851851837,,,,,-40.2,,,,,,,,,40.0638,-11.90451583963129,,,993.0,-36.141479099678456,709.0,-50.763888888888886,513000.0,4520000.0,525250.0,-42000.0,210000.0,520000.0,4449000.0,,,,,,,8.31,5.49,,,,-270.0,-375.0,-359.0,-334.6666666666667,-327.0,-137.33333333333334,-188.0
1975-05-01,-2.4520935929167376,-229.0,-94.0,-63.0,-33.80000000000109,41.0,8.8,0.20000000000000107,,61.3,7.852193995381063,,,,,-15.0,72.8,,,,,,,,40.1573,-11.440706934156065,,,1005.0,-37.461107654013695,866.0,-30.94098883572568,475000.0,4637000.0,497250.0,-38000.0,117000.0,514000.0,4592000.0,,,,,,,8.04,5.22,,,,-188.0,-270.0,-375.0,-277.6666666666667,-361.6666666666667,-160.16666666666666,164.0
1975-06-01,-2.4506995633298945,132.0,-13.0,-13.0,45.600000000000364,32.0,9.0,0.1999999999999993,,61.5,6.590909090909092,,,,,-18.0,,,,,,,,,40.0253,-12.425718311584877,,,1121.0,-21.388499298737727,914.0,-19.683655536028123,459000.0,4090000.0,495500.0,-16000.0,-547000.0,497000.0,4529000.0,,,,,,,7.96,5.55,,,,164.0,-188.0,-270.0,-98.0,-273.5,-160.41666666666666,-103.0
1975-07-01,-2.6499923668006686,-60.0,-56.0,-26.0,44.399999999999636,-43.0,8.8,-0.1999999999999993,,61.2,6.306306306306286,,,,,-10.1,,,,,,,,,40.2772,-11.71888356515679,,,1087.0,-28.155981493721082,946.0,-12.89134438305709,454000.0,4075000.0,442000.0,-5000.0,-15000.0,446000.0,4057000.0,,,,,,,8.2,6.1,,,,-103.0,164.0,-188.0,-42.333333333333336,-188.5,-173.58333333333334,249.0
1975-08-01,-2.372958950099191,172.0,-12.0,-25.0,32.399999999999636,77.0,8.6,-0.20000000000000107,,61.3,6.516853932584277,,,,,-1.3,75.7,,,,,,,,40.6994,-10.985278453964275,,,1226.0,-6.838905775075988,1020.0,1.7964071856287456,446000.0,3854000.0,451500.0,-8000.0,-221000.0,444000.0,3934000.0,,,,,,,8.22,6.14,,,,249.0,-103.0,164.0,103.33333333333333,-87.16666666666667,-155.5,383.0
1975-09-01,-1.8646891972678326,374.0,146.0,46.0,40.400000000001455,9.0,8.4,-0.1999999999999993,,61.3,6.458797327394206,,,,,2.1,,,,,,,,,41.0998,-9.144807523111819,,,1260.0,10.332749562171628,994.0,8.3969465648855,445000.0,3851000.0,445250.0,-1000.0,-3000.0,456000.0,3880000.0,,,,,,,8.48,6.24,,,,383.0,249.0,-103.0,176.33333333333334,39.166666666666664,-122.16666666666667,75.0
1975-10-01,-1.758046050120854,121.0,80.0,26.0,2.1999999999989086,-46.0,8.4,0.0,,61.2,5.739514348785857,,,,,3.5,,,,,,,,,41.6304,-7.971660053275553,,,1264.0,9.913043478260875,1064.0,26.66666666666666,426000.0,3662000.0,421250.0,-19000.0,-189000.0,404000.0,3720000.0,,,,,,,7.91,5.82,,,,75.0,383.0,249.0,235.66666666666666,96.66666666666667,-115.16666666666667,312.0
1975-11-01,-1.3862393488490388,236.0,80.0,14.0,29.899999999999636,76.0,8.4,0.0,,61.2,5.701754385964919,,,,,9.2,75.6,,,,,,,,41.8135,-7.314472672138828,,,1344.0,25.607476635514015,1096.0,33.00970873786409,387000.0,3391000.0,397250.0,-39000.0,-271000.0,386000.0,3551000.0,,,,,,,8.14,5.22,,,,312.0,75.0,383.0,256.6666666666667,180.0,-90.83333333333333,145.0
1975-12-01,-0.7410719989778269,142.0,41.0,17.0,13.5,3.0,8.3,-0.09999999999999964,,61.1,6.345733041575485,,,,,7.3,,,,,,,,,41.8697,-4.029770009030942,,,1360.0,32.55360623781676,1110.0,41.76245210727969,391000.0,3072000.0,374250.0,4000.0,-319000.0,368000.0,3266000.0,,,,,,,7.76,5.2,,,,145.0,312.0,75.0,177.33333333333334,176.83333333333334,-48.333333333333336,332.0
1976-01-01,0.4700458455674017,289.0,115.0,37.0,43.20000000000073,43.0,8.2,-0.10000000000000142,,61.1,5.869565217391304,,,,,7.4,,,,,,,,,42.4414,0.9228764448925508,,,1321.0,35.487179487179475,1091.0,25.546605293440727,359000.0,2895000.0,373500.0,-32000.0,-177000.0,370000.0,3026000.0,,,,,,,7.8,4.87,,,,332.0,145.0,312.0,263.0,249.33333333333334,30.416666666666668,486.0
1976-02-01,1.5654716468503027,463.0,147.0,47.0,64.10000000000036,23.0,7.9,-0.29999999999999893,,61.3,6.290672451193058,,,,,0.0,84.6,,,,,,,,43.0012,3.6983090412755937,,,1367.0,32.461240310077514,1195.0,64.60055096418733,349000.0,2822000.0,348250.0,-10000.0,-73000.0,344000.0,2867000.0,,,,,,,7.77,4.77,,,,486.0,332.0,145.0,321.0,288.8333333333333,100.83333333333333,313.0
1976-03-01,2.4675628591487087,301.0,97.0,-1.0,63.19999999999891,12.0,7.7,-0.20000000000000018,,61.3,6.25,,,,,3.4,,,,,,,,,43.4229,7.173373810669714,,,1538.0,70.13274336283186,1190.0,63.237311385459535,366000.0,2830000.0,360500.0,17000.0,8000.0,360000.0,2837000.0,,,,,,,7.66,4.84,,,,313.0,486.0,332.0,377.0,277.1666666666667,158.16666666666666,232.0
1976-04-01,3.131197161047905,226.0,86.0,-2.0,12.600000000000364,6.0,7.6,-0.10000000000000053,,61.3,5.995717344753748,,,,,5.4,,,,,,,,,43.5168,8.61875308882334,,,1421.0,43.10171198388721,1164.0,64.17489421720732,367000.0,2900000.0,370250.0,1000.0,70000.0,361000.0,2890000.0,,,,,,,7.67,4.82,,,,232.0,313.0,486.0,343.6666666666667,303.3333333333333,200.0,244.0
1976-05-01,3.703897462725614,246.0,71.0,-1.0,52.80000000000109,-2.0,7.7,0.10000000000000053,,61.6,6.6381156316916545,,,,,6.5,83.3,,,,,,,,43.7327,8.903487037226121,,,1395.0,38.80597014925373,1132.0,30.71593533487298,402000.0,2916000.0,393250.0,35000.0,16000.0,382000.0,2947000.0,,,,,,,7.96,5.29,,,,244.0,232.0,313.0,263.0,292.0,236.0,20.0
1976-06-01,3.508039256629769,34.0,-28.0,-35.0,22.69999999999891,-14.0,7.4,-0.2999999999999998,,61.5,6.823027718550101,,,,,9.4,,,,,,,,,43.9186,9.72709761076118,,,1459.0,30.15165031222122,1194.0,30.634573304157552,387000.0,3035000.0,393750.0,-15000.0,119000.0,407000.0,2950000.0,,,,,,0.84,7.86,5.48,,,,20.0,244.0,232.0,165.33333333333334,271.1666666666667,224.0,64.0
1976-07-01,3.7310019471779032,72.0,8.0,-17.0,-4.0,-8.0,7.6,0.1999999999999993,,61.5,6.567796610169507,,,,,17.8,,,,,,,,,43.9637,9.152820950810892,,,1495.0,37.5344986200552,1188.0,25.581395348837212,388000.0,2996000.0,390000.0,1000.0,-39000.0,406000.0,3011000.0,,,,,,1.12,7.86,5.31,,,,64.0,20.0,244.0,109.33333333333333,226.5,237.91666666666666,171.0
1976-08-01,3.617298423863491,141.0,3.0,-5.0,27.200000000000728,30.0,7.8,0.20000000000000018,,61.8,6.751054852320659,,,,,6.6,89.7,,,,,,,,44.2141,8.63575384403703,,,1401.0,14.274061990212061,1245.0,22.058823529411775,394000.0,3081000.0,388500.0,6000.0,85000.0,382000.0,2990000.0,,,,,,1.16,7.66,5.29,,,,171.0,64.0,20.0,85.0,174.0,231.41666666666666,157.0
1976-09-01,3.306417119230609,143.0,72.0,5.0,33.899999999999636,14.0,7.8,0.0,,61.8,6.903765690376562,,,,,-2.6,,,,,,,,,44.5182,8.317315412727066,,,1550.0,23.015873015873023,1309.0,31.690140845070424,423000.0,3103000.0,407500.0,29000.0,22000.0,403000.0,3097000.0,,,,,,1.22,7.55,5.25,,,,157.0,171.0,64.0,130.66666666666666,148.0,212.58333333333334,188.0
1976-10-01,3.449526078624343,224.0,69.0,2.0,22.200000000000728,-36.0,7.6,-0.20000000000000018,,61.6,7.306889352818358,,,,,-9.1,,,,,,,,,44.6721,7.306439524962527,,,1720.0,36.0759493670886,1481.0,39.19172932330828,414000.0,3080000.0,409250.0,-9000.0,-23000.0,403000.0,3074000.0,,,,,,1.39,7.42,5.02,,,,188.0,157.0,171.0,172.0,140.66666666666666,222.0,19.0
1976-11-01,3.0577766314160426,-38.0,-117.0,11.0,10.099999999998545,57.0,7.7,0.10000000000000053,,61.6,7.05394190871369,,,,,-2.2,87.0,,,,,,,,44.6585,6.804022624272066,,,1629.0,21.20535714285714,1425.0,30.01824817518248,377000.0,3019000.0,389500.0,-37000.0,-61000.0,383000.0,3064000.0,,,,,,1.59,7.01,4.95,,,,19.0,188.0,157.0,121.33333333333333,103.16666666666667,197.58333333333334,329.0
1976-12-01,3.288923215549988,284.0,134.0,33.0,10.100000000000364,45.0,7.8,0.09999999999999964,,61.9,7.201646090534974,,,,,1.1,,,,,,,,,45.3392,8.286421923252373,,,1641.0,20.661764705882348,1531.0,37.92792792792792,333000.0,2822000.0,373750.0,-44000.0,-197000.0,365000.0,2900000.0,,,,,,1.47,6.81,4.65,,,,329.0,19.0,188.0,178.66666666666666,154.66666666666666,212.91666666666666,208.0
1977-01-01,3.1159875411769233,206.0,37.0,10.0,19.899999999999636,2.0,7.8,0.0,,61.8,7.392197125256672,,,,,4.5,,,,,,,,,45.8294,7.9827715391104,,,1804.0,36.563209689629076,1511.0,38.4967919340055,422000.0,2879000.0,407250.0,89000.0,57000.0,368000.0,2841000.0,,,,,,1.22,7.4,4.61,,,,208.0,329.0,19.0,185.33333333333334,178.66666666666666,202.58333333333334,242.0
1977-02-01,2.785880794364548,261.0,84.0,-28.0,54.5,-19.0,7.5,-0.2999999999999998,,61.6,7.346938775510181,,,,,6.0,87.1,,,,,,,,45.5087,5.831232616764193,,,1527.0,11.704462326261877,1466.0,22.67782426778242,362000.0,2764000.0,450750.0,-60000.0,-115000.0,477000.0,2904000.0,,,,,,1.37,7.45,4.68,,,,242.0,208.0,329.0,259.6666666666667,190.5,182.25,298.0
1977-03-01,2.755785627283802,298.0,40.0,115.0,29.700000000000728,0.0,7.6,0.09999999999999964,,61.9,7.50507099391482,,,,,20.3,,,,,,,,,46.2277,6.459264581591739,,,1943.0,26.33289986996099,1560.0,31.092436974789916,356000.0,2671000.0,360250.0,-6000.0,-93000.0,355000.0,2728000.0,,,,,,1.41,7.42,4.69,,,,298.0,242.0,208.0,249.33333333333334,214.0,181.0,403.0
1977-04-01,2.964021860135624,409.0,98.0,84.0,57.79999999999927,-6.0,7.4,-0.1999999999999993,,62.0,7.4747474747474785,,,,,19.7,,,,,,,,,46.8185,7.587184719464668,,,2063.0,45.17945109078114,1660.0,42.611683848797256,375000.0,2644000.0,371750.0,19000.0,-27000.0,361000.0,2680000.0,,,,,,1.31,7.45,4.73,,,,403.0,298.0,242.0,314.3333333333333,249.83333333333334,195.25,337.0
1977-05-01,3.072188871512882,312.0,83.0,45.0,36.0,25.0,7.2,-0.20000000000000018,,62.1,7.63052208835342,,,,,19.4,90.2,,,,,,,,47.2684,8.08479695971207,,,1892.0,35.62724014336918,1660.0,46.64310954063604,381000.0,2625000.0,380250.0,6000.0,-19000.0,381000.0,2635000.0,,,,,,1.2,7.38,5.35,,,,337.0,403.0,298.0,346.0,302.8333333333333,203.0,360.0
1977-06-01,3.500100867460154,303.0,83.0,26.0,45.30000000000109,57.0,7.0,-0.20000000000000018,,62.2,7.784431137724557,,,,,6.3,,,,,,,,,47.6411,8.475907701975927,,,1971.0,35.09252912954077,1668.0,39.69849246231156,365000.0,2616000.0,361250.0,-16000.0,-9000.0,359000.0,2622000.0,,,,,,1.12,7.2,5.39,,,,360.0,337.0,403.0,366.6666666666667,308.0,231.33333333333334,400.0
1977-07-01,3.920580528119322,325.0,85.0,32.0,44.899999999999636,75.0,7.2,0.20000000000000018,,62.4,7.753479125248508,,,,,8.2,,,,,,,,,48.0116,9.207368806538119,,,1893.0,26.62207357859532,1752.0,47.47474747474747,365000.0,2605000.0,364250.0,0.0,-11000.0,366000.0,2591000.0,,,,,,0.92,7.42,5.42,,,,400.0,360.0,337.0,365.6666666666667,340.0,259.3333333333333,346.0
1977-08-01,4.132148289690374,254.0,67.0,19.0,29.100000000000364,92.0,6.9,-0.2999999999999998,,62.1,7.905138339920947,,,,,-6.9,89.0,,,,,,,,48.073,8.727758791878614,,,2058.0,46.895074946466806,1687.0,35.50200803212851,365000.0,2607000.0,367250.0,0.0,2000.0,359000.0,2618000.0,,,,,,0.69,7.28,5.9,,,,346.0,400.0,360.0,368.6666666666667,357.3333333333333,273.9166666666667,241.0
1977-09-01,4.22939877546924,212.0,17.0,14.0,40.100000000000364,29.0,7.0,0.09999999999999964,,62.3,7.240704500978468,,,,,11.8,,,,,,,,,48.1205,8.091746746274552,,,2020.0,30.32258064516129,1780.0,35.981665393430106,380000.0,2581000.0,368750.0,15000.0,-26000.0,362000.0,2605000.0,,,,,,0.59,7.41,6.14,,,,241.0,346.0,400.0,329.0,347.8333333333333,280.9166666666667,457.0
1977-10-01,4.556150803584846,382.0,58.0,28.0,46.099999999998545,75.0,6.8,-0.20000000000000018,,62.3,7.198443579766534,,,,,10.6,,,,,,,,,48.3189,8.163484591053471,,,1949.0,13.3139534883721,1674.0,13.031735313977034,349000.0,2587000.0,361750.0,-31000.0,6000.0,358000.0,2575000.0,,,,,,0.39,7.62,6.47,,,,457.0,241.0,346.0,348.0,356.8333333333333,303.3333333333333,268.0
1977-11-01,4.866664163882328,208.0,22.0,11.0,40.400000000001455,60.0,6.8,0.0,,62.4,7.558139534883712,,,,,7.3,84.4,,,,,,,,48.3871,8.349138461882966,,,2042.0,25.352977286678936,1758.0,23.36842105263157,354000.0,2620000.0,353500.0,5000.0,33000.0,334000.0,2592000.0,,,,,,0.44,7.55,6.51,,,,268.0,457.0,241.0,322.0,345.3333333333333,324.0833333333333,373.0
1977-12-01,4.901545363908277,321.0,63.0,24.0,54.69999999999891,52.0,6.8,0.0,,62.8,7.101727447216888,,,,,10.7,,,,,,,,,48.4761,6.918736986978158,,,2042.0,24.43631931748933,1771.0,15.676028739386027,364000.0,2461000.0,357750.0,10000.0,-159000.0,359000.0,2558000.0,,,,,,0.56,7.78,6.56,,,,373.0,268.0,457.0,366.0,347.5,327.75,237.0
1978-01-01,4.924920445505165,214.0,112.0,29.0,53.899999999999636,23.0,6.4,-0.39999999999999947,,62.7,7.265774378585088,,,,,6.5,83.7,,,,,,,,48.5629,5.964511863563571,,,2142.0,18.736141906873605,1754.0,16.082064857710133,363000.0,2578000.0,351000.0,-1000.0,117000.0,343000.0,2418000.0,,,,,,0.47,7.94,6.7,,,,237.0,373.0,268.0,292.6666666666667,320.3333333333333,330.1666666666667,184.0
1978-02-01,4.8382699219234215,111.0,62.0,-58.0,32.70000000000073,73.0,6.4,0.0,,62.8,7.604562737642584,,,,,9.1,84.3,,,,,,,,47.8481,5.140555542127112,,,1718.0,12.508185985592668,1740.0,18.690313778990443,371000.0,2553000.0,383250.0,8000.0,-25000.0,429000.0,2545000.0,,,,,,0.47,8.04,6.78,,,,184.0,237.0,373.0,264.6666666666667,293.3333333333333,325.3333333333333,354.0
1978-03-01,4.889613276040894,294.0,46.0,29.0,29.299999999999272,60.0,6.3,-0.10000000000000053,,62.7,7.358490566037745,,,,,4.1,78.8,,,,,,,,48.1044,4.059687157267189,,,1738.0,-10.5506948018528,1736.0,11.282051282051286,335000.0,2473000.0,349000.0,-36000.0,-80000.0,347000.0,2471000.0,,,,,,0.45,8.15,6.79,,,,354.0,184.0,237.0,258.3333333333333,312.1666666666667,330.0,512.0
1978-04-01,4.9993242496099155,452.0,60.0,120.0,42.80000000000109,60.0,6.3,0.0,,62.8,7.70676691729324,,,,,5.5,81.6,,,,,,,,49.0265,4.716084453794966,,,2032.0,-1.5026660203587006,1799.0,8.373493975903612,324000.0,2272000.0,324250.0,-11000.0,-201000.0,309000.0,2339000.0,,,,,,0.27,8.24,6.89,,,,512.0,354.0,184.0,350.0,321.3333333333333,339.0833333333333,702.0
1978-05-01,5.425313234142526,636.0,73.0,130.0,53.19999999999891,66.0,6.1,-0.20000000000000018,,63.0,8.02238805970148,,,,,17.2,82.9,,,,,,,,50.0206,5.822494520652288,,,2197.0,16.12050739957718,1948.0,17.34939759036145,318000.0,2211000.0,327000.0,-6000.0,-61000.0,322000.0,2231000.0,,,,,,0.3,8.42,7.36,,,,702.0,512.0,354.0,522.6666666666666,393.6666666666667,369.5,347.0
1978-06-01,5.385683656563689,310.0,76.0,-6.0,60.30000000000109,37.0,6.0,-0.09999999999999964,,63.1,7.777777777777772,,,,,21.9,80.0,,,,,,,,50.254,5.484550104846431,,,2075.0,5.276509386098427,1766.0,5.875299760191854,330000.0,2249000.0,324250.0,12000.0,38000.0,326000.0,2225000.0,,,,,,0.14,8.62,7.6,,,,347.0,702.0,512.0,520.3333333333334,389.3333333333333,368.4166666666667,441.0
1978-07-01,5.409271651634184,423.0,71.0,77.0,59.5,18.0,5.9,-0.09999999999999964,,63.3,8.11808118081181,,,,,21.1,82.4,,,,,,,,50.5801,5.349748810704069,,,2070.0,9.350237717908083,1983.0,13.184931506849317,346000.0,2344000.0,350750.0,16000.0,95000.0,352000.0,2328000.0,,,,,,0.09,8.56,7.81,,,,441.0,347.0,702.0,496.6666666666667,423.3333333333333,371.8333333333333,254.0
1978-08-01,5.2756114638916385,205.0,32.0,24.0,40.899999999999636,49.0,6.2,0.2999999999999998,,63.2,8.058608058608074,,,,,11.4,78.4,,,,,,,,50.5384,5.128450481559299,,,2092.0,1.6520894071914372,1786.0,5.8684054534676955,333000.0,2370000.0,348750.0,-13000.0,26000.0,354000.0,2422000.0,,,,,,-0.07,8.39,8.04,,,,254.0,441.0,347.0,347.3333333333333,435.0,364.1666666666667,279.0
1978-09-01,5.3060487511285,289.0,55.0,17.0,24.299999999999272,-10.0,5.9,-0.2999999999999998,,63.2,8.029197080291972,,,,,10.0,80.4,,,,,,,,50.7458,5.455678972579259,,,1996.0,-1.1881188118811892,1691.0,-5.000000000000004,318000.0,2217000.0,325000.0,-15000.0,-153000.0,322000.0,2271000.0,,,,,,-0.14,8.56,8.45,,,,279.0,254.0,441.0,324.6666666666667,422.5,367.3333333333333,138.0
1978-10-01,4.895130010056037,210.0,62.0,4.0,28.200000000000728,-72.0,6.0,0.09999999999999964,,63.3,8.34845735027223,,,,,17.5,79.3,,,,,,,,50.8744,5.288820730604393,,,1970.0,1.0774756285274467,1751.0,4.599761051373963,316000.0,2222000.0,328250.0,-2000.0,5000.0,316000.0,2274000.0,,,,,,-0.53,8.96,8.96,,,,138.0,279.0,254.0,223.66666666666666,360.1666666666667,340.75,335.0
1978-11-01,4.959427207637224,296.0,74.0,23.0,41.100000000000364,39.0,5.8,-0.20000000000000018,,63.3,8.46846846846847,,,,,7.2,75.0,,,,,,,,51.2559,5.928852938076479,,,1981.0,-2.9872673849167475,1781.0,1.3083048919226403,359000.0,2349000.0,330500.0,43000.0,127000.0,342000.0,2158000.0,,,,,,-0.69,8.86,9.76,,,,335.0,138.0,279.0,250.66666666666666,299.0,346.3333333333333,435.0
1978-12-01,5.0111080750359305,399.0,115.0,6.0,45.600000000000364,36.0,5.9,0.10000000000000053,,63.5,8.422939068100344,,,,,10.4,66.1,,,,,,,,51.6514,6.550238158597743,,,2094.0,2.5465230166503483,1795.0,1.3551665725578754,358000.0,2289000.0,350250.0,-1000.0,-60000.0,347000.0,2328000.0,,,,,,-0.83,9.15,10.03,,,,435.0,335.0,138.0,302.6666666666667,313.6666666666667,351.5,280.0
1979-01-01,5.0479800971448885,263.0,77.0,-3.0,25.0,17.0,6.0,0.09999999999999964,,63.6,8.734402852049893,,,,,17.7,72.1,,,,,,,,51.909,6.890239256716546,,,2044.0,-4.575163398692805,1818.0,3.6488027366020415,342000.0,2393000.0,357500.0,-16000.0,104000.0,392000.0,2368000.0,,,,,,-0.69,8.95,10.07,,,,280.0,435.0,335.0,350.0,286.8333333333333,355.0833333333333,137.0
1979-02-01,4.981440764120393,111.0,54.0,-77.0,29.799999999999272,26.0,5.9,-0.09999999999999964,,63.6,8.303886925795045,,,,,3.4,73.9,,,,,,,,51.6278,7.899373224851147,,,1630.0,-5.122235157159483,1461.0,-16.034482758620694,360000.0,2451000.0,358500.0,18000.0,58000.0,367000.0,2383000.0,,,,,,-0.72,9.17,10.06,,,,137.0,280.0,435.0,284.0,267.3333333333333,351.1666666666667,247.0
1979-03-01,4.834722418420689,237.0,21.0,16.0,22.399999999999636,10.0,5.9,0.0,,63.8,8.611599297012296,,,,,9.9,68.4,,,,,,,,51.8752,7.8387839781807855,,,1520.0,-12.543153049482159,1492.0,-14.055299539170507,360000.0,2335000.0,358750.0,0.0,-116000.0,359000.0,2377000.0,,,,,,-0.61,9.11,10.09,,,,247.0,137.0,280.0,221.33333333333334,262.0,342.25,424.0
1979-04-01,4.702784928621573,415.0,44.0,163.0,29.30000000000109,9.0,5.8,-0.10000000000000053,,63.8,8.551483420593353,,,,,6.3,66.0,,,,,,,,52.0446,6.156058458180791,,,1847.0,-9.104330708661411,1720.0,-4.39132851584213,357000.0,2351000.0,415500.0,-3000.0,16000.0,457000.0,2467000.0,,,,,,-0.56,9.35,10.01,,,,424.0,247.0,137.0,269.3333333333333,309.6666666666667,334.9166666666667,-62.0
1979-05-01,3.777767461293835,-83.0,-3.0,-36.0,7.199999999998909,21.0,5.8,0.0,,63.5,7.253886010362698,,,,,-3.8,68.1,,,,,,,,51.4193,2.7962479458462974,,,1748.0,-20.436959490213923,1597.0,-18.01848049281314,349000.0,2246000.0,348000.0,-8000.0,-105000.0,344000.0,2261000.0,,,,,,-0.5,9.06,10.24,,,,-62.0,424.0,247.0,203.0,243.5,271.25,372.0
1979-06-01,3.791513021766524,359.0,59.0,49.0,-5.0,13.0,5.6,-0.20000000000000018,,63.3,7.731958762886593,,,,,1.9,65.8,,,,,,,,51.8856,3.246706729812554,,,1876.0,-9.590361445783135,1684.0,-4.643261608154026,369000.0,2282000.0,366000.0,20000.0,36000.0,351000.0,2234000.0,,,,,,-0.16,8.81,10.29,,,,372.0,-62.0,424.0,244.66666666666666,233.0,273.3333333333333,319.0
1979-07-01,3.63197239792985,264.0,44.0,39.0,-8.699999999998909,55.0,5.7,0.10000000000000053,,63.5,7.849829351535842,,,,,-4.3,60.4,,,,,,,,51.8965,2.6026045816437637,,,1913.0,-7.5845410628019305,1640.0,-17.297024710035302,386000.0,2375000.0,379250.0,17000.0,93000.0,368000.0,2356000.0,,,,,,-0.3,9.01,10.47,,,,319.0,372.0,-62.0,209.66666666666666,239.5,263.1666666666667,109.0
1979-08-01,3.45511673776433,4.0,-22.0,17.0,-33.400000000001455,105.0,5.7,0.0,,63.6,7.7966101694915135,,,,,8.3,64.5,,,,,,,,51.8097,2.515512956484578,,,1760.0,-15.869980879541112,1534.0,-14.109742441209406,390000.0,2471000.0,393750.0,4000.0,96000.0,387000.0,2474000.0,,,,,,-0.6,9.24,10.94,,,,109.0,319.0,372.0,266.6666666666667,234.83333333333334,251.08333333333334,83.0
1979-09-01,3.220054181955345,4.0,-125.0,13.0,5.0,79.0,6.0,0.2999999999999998,,63.6,8.108108108108114,,,,,-3.7,66.7,,,,,,,,51.4684,1.423960209514874,,,1778.0,-10.921843687374755,1591.0,-5.913660555884093,390000.0,2426000.0,385000.0,0.0,-45000.0,384000.0,2431000.0,,,,,,-0.66,9.44,11.43,,,,83.0,109.0,319.0,170.33333333333334,207.5,234.75,27.0
1979-10-01,3.0883007498202497,128.0,36.0,-9.0,33.400000000001455,-101.0,5.9,-0.09999999999999964,,63.8,8.04020100502514,,,,,0.6,62.1,,,,,,,,51.4597,1.1504803987860246,,,1832.0,-7.005076142131983,1638.0,-6.453455168475153,398000.0,2522000.0,402250.0,8000.0,96000.0,393000.0,2535000.0,,,,,,-1.34,10.72,13.77,,,,27.0,83.0,109.0,73.0,141.33333333333334,225.5,154.0
1979-11-01,2.870753558597472,146.0,-52.0,-5.0,54.899999999999636,8.0,6.0,0.09999999999999964,,63.7,7.3089700996677776,,,,,10.5,63.3,,,,,,,,51.8334,1.126699560440847,,,1681.0,-15.143866733972743,1481.0,-16.844469399213924,414000.0,2648000.0,413250.0,16000.0,126000.0,430000.0,2656000.0,,,,,,-0.95,10.38,13.18,,,,154.0,27.0,83.0,88.0,177.33333333333334,210.41666666666666,92.0
1979-12-01,2.46857711757984,55.0,-91.0,-3.0,40.399999999999636,37.0,5.9,-0.09999999999999964,,63.7,7.603305785123959,,,,,1.7,61.0,,,,,,,,51.7531,0.19689688953252737,,,1524.0,-27.22063037249284,1276.0,-28.913649025069642,428000.0,2725000.0,431250.0,14000.0,77000.0,411000.0,2712000.0,,,,,,-0.9,10.33,13.78,,,,92.0,154.0,27.0,91.0,130.66666666666666,181.83333333333334,99.0
1980-01-01,2.256656629563225,92.0,2.0,13.0,1.8999999999996362,7.0,6.0,0.09999999999999964,,63.9,7.540983606557372,,,,,-7.2,67.0,,,,,,,,51.7878,-0.23348552274172762,,,1498.0,-26.71232876712328,1254.0,-31.02310231023102,412000.0,2817000.0,414250.0,-16000.0,92000.0,405000.0,2778000.0,,,,,,-0.62,11.13,13.82,,,,99.0,92.0,154.0,115.0,94.0,166.75,128.0
1980-02-01,2.2430411674623896,107.0,-19.0,-5.0,2.0,21.0,6.3,0.2999999999999998,,64.0,7.177814029363794,,,,,-8.3,66.9,,,,,,,,52.0679,0.8524477122790364,,,1341.0,-17.730061349693248,1280.0,-12.388774811772763,428000.0,2866000.0,418000.0,16000.0,49000.0,415000.0,2877000.0,,,,,,-2.01,12.72,14.13,,,,128.0,99.0,92.0,106.33333333333333,97.16666666666667,166.0,83.0
1980-03-01,2.0526640839930277,58.0,-63.0,-20.0,24.0,25.0,6.3,0.0,,64.0,7.281553398058249,,,,,-12.8,56.5,,,,,,,,52.082,0.3986490654493968,,,1350.0,-11.184210526315786,1199.0,-19.63806970509383,475000.0,2866000.0,440000.0,47000.0,0.0,432000.0,2888000.0,,,,,,-1.99,12.64,17.19,,,,83.0,128.0,99.0,103.33333333333333,97.16666666666667,152.33333333333334,111.0
1980-04-01,1.6931347019971232,41.0,-2.0,-57.0,5.600000000000364,70.0,6.3,0.0,,63.7,7.556270096463025,,,,,-4.8,52.7,,,,,,,,51.87,-0.3354814908751447,,,1047.0,-43.313481321061175,988.0,-42.55813953488372,563000.0,3226000.0,529750.0,88000.0,360000.0,544000.0,3085000.0,,,,,,-0.05,10.76,17.61,,,,111.0,83.0,128.0,107.33333333333333,111.16666666666667,126.25,-145.0
1980-05-01,1.601485176196915,-432.0,-244.0,-75.0,-63.100000000000364,287.0,6.9,0.6000000000000005,,63.8,8.212560386473422,,,,,-21.7,51.7,,,,,,,,50.8397,-1.1272032096897422,,,1051.0,-39.8741418764302,808.0,-49.40513462742643,637000.0,3731000.0,626750.0,74000.0,505000.0,642000.0,3544000.0,,,,,,1.0,10.25,10.98,,,,-145.0,111.0,83.0,16.333333333333332,61.333333333333336,119.33333333333333,-429.0
1980-06-01,0.70275868981724,-300.0,-247.0,-39.0,-16.299999999999272,-129.0,7.5,0.5999999999999996,,63.9,7.814992025518341,,,,,-29.6,58.7,,,,,,,,49.589,-4.4262762693309865,,,927.0,-50.5863539445629,861.0,-48.87173396674584,627000.0,3912000.0,607000.0,-10000.0,181000.0,592000.0,3779000.0,,,,,,1.12,10.09,9.47,,,,-429.0,-145.0,111.0,-154.33333333333334,-25.5,52.583333333333336,-319.0
1980-07-01,-0.007768455631018689,-306.0,-236.0,-39.0,-14.300000000001091,-13.0,7.6,0.09999999999999964,,63.7,7.911392405063289,,,,,-27.4,62.3,,,,,,,,48.9482,-5.68111529679266,,,1196.0,-37.4803972817564,1118.0,-31.829268292682922,558000.0,3851000.0,559250.0,-69000.0,-61000.0,533000.0,3836000.0,,,,,,1.04,10.76,9.03,,,,-319.0,-429.0,-145.0,-297.6666666666667,-95.16666666666667,-0.5833333333333334,-261.0
1980-08-01,-0.41788133056962495,-238.0,-214.0,-44.0,-10.199999999998909,-23.0,7.8,0.20000000000000018,,63.8,7.8616352201257955,,,,,-31.0,67.3,,,,,,,,48.6039,-6.187644398635772,,,1269.0,-27.89772727272727,1259.0,-17.92698826597132,502000.0,3808000.0,518000.0,-56000.0,-43000.0,525000.0,3813000.0,,,,,,0.19,11.55,9.61,,,,-261.0,-319.0,-429.0,-336.3333333333333,-160.0,-31.416666666666668,259.0
1980-09-01,-0.22259136212624542,267.0,138.0,26.0,19.0,-8.0,7.7,-0.09999999999999964,,63.7,7.968749999999991,,,,,-9.7,73.7,,,,,,,,48.7563,-5.269446883913231,,,1436.0,-19.23509561304837,1367.0,-14.079195474544315,463000.0,3679000.0,482750.0,-39000.0,-129000.0,492000.0,3699000.0,,,,,,-0.27,11.86,10.87,,,,259.0,-261.0,-319.0,-107.0,-130.66666666666666,-16.75,114.0
1980-10-01,-0.12620811053173364,194.0,31.0,24.0,12.699999999998909,-80.0,7.5,-0.20000000000000018,,63.6,7.751937984496116,,,,,-13.6,75.0,,,,,,,,49.5608,-3.6900720369531848,,,1471.0,-19.70524017467249,1484.0,-9.401709401709402,418000.0,3527000.0,438000.0,-45000.0,-152000.0,425000.0,3477000.0,,,,,,-0.62,12.46,12.81,,,,114.0,259.0,-261.0,37.333333333333336,-130.16666666666666,-9.5,277.0
1980-11-01,0.00994683966799581,221.0,61.0,10.0,7.200000000000728,56.0,7.5,0.0,,63.7,8.668730650154789,,,,,-1.7,76.7,,,,,,,,50.1908,-3.168999139550932,,,1523.0,-9.399167162403332,1366.0,-7.765023632680624,412000.0,3169000.0,411000.0,-6000.0,-358000.0,427000.0,3260000.0,,,,,,-1.41,12.72,15.85,,,,277.0,114.0,259.0,216.66666666666666,-59.833333333333336,0.75,257.0
1980-12-01,0.19211023152594375,252.0,95.0,-2.0,18.899999999999636,5.0,7.5,0.0,,63.8,8.909370199692779,,,,,-6.6,64.5,,,,,,,,51.0311,-1.3950855117857652,,,1510.0,-0.9186351706036766,1383.0,8.385579937304065,399000.0,3136000.0,410000.0,-13000.0,-33000.0,413000.0,3125000.0,,,,,,-0.63,12.43,18.9,,,,257.0,277.0,114.0,216.0,54.5,14.5,196.0
1981-01-01,0.29887947767779366,214.0,39.0,6.0,19.700000000000728,-18.0,7.2,-0.2999999999999998,,63.6,8.689024390243905,,,,,-9.6,71.4,,,,,,,,51.3708,-0.8052089488257752,,,1482.0,-1.0680907877169576,1249.0,-0.3987240829346095,419000.0,2975000.0,413750.0,20000.0,-161000.0,421000.0,3023000.0,,,,,,-0.58,12.68,19.08,,,,196.0,257.0,277.0,243.33333333333334,140.33333333333334,22.583333333333332,90.0
1981-02-01,0.2566079295154289,103.0,-1.0,-41.0,17.5,-13.0,7.5,0.2999999999999998,,63.9,9.284627092846254,,,,,-3.1,66.9,,,,,,,,51.0415,-1.9712721273567824,,,1547.0,15.361670395227446,1221.0,-4.609375000000004,434000.0,2901000.0,428750.0,15000.0,-74000.0,423000.0,3043000.0,,,,,,-0.65,13.43,15.93,,,,90.0,196.0,257.0,181.0,198.83333333333334,19.416666666666668,72.0
1981-03-01,0.2442701055202834,86.0,-26.0,-17.0,30.399999999999636,-14.0,7.4,-0.09999999999999964,,63.9,9.04977375565612,,,,,-7.9,66.5,,,,,,,,50.824,-2.415421834798981,,,1246.0,-7.7037037037037015,1199.0,0.0,412000.0,2876000.0,407500.0,-22000.0,-25000.0,408000.0,2905000.0,,,,,,-0.04,13.13,14.7,,,,72.0,90.0,196.0,119.33333333333333,167.66666666666666,18.5,105.0
1981-04-01,0.2373782886783804,159.0,34.0,39.0,10.299999999999272,-54.0,7.4,0.0,,64.1,8.968609865470857,,,,,-4.9,72.4,,,,,,,,51.0826,-1.5180258338153063,,,1306.0,24.737344794651396,1183.0,19.736842105263165,436000.0,2893000.0,410250.0,24000.0,17000.0,392000.0,2860000.0,,,,,,-0.73,14.11,15.72,,,,105.0,72.0,90.0,89.0,166.16666666666666,18.0,73.0
1981-05-01,0.4777157701240542,105.0,64.0,18.0,37.0,-32.0,7.2,-0.20000000000000018,,64.2,9.077380952380953,,,,,-2.4,76.3,,,,,,,,50.858,0.03599549171218186,,,1360.0,29.400570884871556,1190.0,47.277227722772274,417000.0,2962000.0,417250.0,-19000.0,69000.0,414000.0,2865000.0,,,,,,-0.9,13.5,18.52,,,,73.0,105.0,72.0,83.33333333333333,132.16666666666666,36.166666666666664,13.0
1981-06-01,0.9688122096881191,75.0,55.0,-71.0,13.900000000001455,-62.0,7.5,0.2999999999999998,,64.3,9.023668639053263,,,,,-6.1,73.1,,,,,,,,51.1495,3.1468672487850124,,,1140.0,22.977346278317157,1173.0,36.2369337979094,444000.0,2983000.0,433000.0,27000.0,21000.0,425000.0,2867000.0,,,,,,-0.8,13.86,19.1,,,,13.0,73.0,105.0,63.666666666666664,91.5,73.0,194.0
1981-07-01,1.541603311838946,233.0,23.0,-32.0,11.299999999999272,-39.0,7.5,0.0,,63.7,8.65102639296187,,,,,12.4,74.1,,,,,,,,51.4101,5.029602722878468,,,1045.0,-12.625418060200666,976.0,-12.701252236135963,407000.0,2899000.0,430750.0,-37000.0,-84000.0,430000.0,2902000.0,,,,,,-1.17,14.67,19.04,,,,194.0,13.0,73.0,93.33333333333333,91.16666666666667,115.75,111.0
1981-08-01,1.9601513802315118,95.0,-4.0,-12.0,8.100000000000364,16.0,7.2,-0.2999999999999998,,63.8,8.600583090379011,,,,,6.5,77.2,,,,,,,,51.7471,6.466970757490653,,,1041.0,-17.966903073286055,935.0,-25.734710087370928,451000.0,2954000.0,443750.0,44000.0,55000.0,442000.0,2966000.0,,,,,,-1.32,15.41,17.82,,,,111.0,194.0,13.0,106.0,94.66666666666667,146.75,-36.0
1981-09-01,1.6270990799009954,29.0,-37.0,-21.0,7.100000000000364,-65.0,7.4,0.20000000000000018,,63.8,8.827785817655553,,,,,-8.4,73.1,,,,,,,,51.6826,6.001891037671014,,,940.0,-34.540389972144844,889.0,-34.96708119970739,491000.0,3073000.0,473250.0,40000.0,119000.0,454000.0,3051000.0,,,,,,-0.85,15.84,15.87,,,,-36.0,111.0,194.0,89.66666666666667,76.66666666666667,122.16666666666667,-88.0
1981-10-01,1.4011284404686686,-9.0,-36.0,-24.0,-5.700000000000728,-79.0,7.6,0.1999999999999993,,63.5,8.776978417266168,,,,,-16.9,70.3,,,,,,,,51.4337,3.778994689351256,,,911.0,-38.0693405846363,847.0,-42.92452830188679,514000.0,3183000.0,493750.0,23000.0,110000.0,487000.0,3104000.0,,,,,,0.04,14.63,15.08,,,,-88.0,-36.0,111.0,-4.333333333333333,44.5,105.33333333333333,-97.0
1981-11-01,0.9835340921648728,-135.0,-146.0,-16.0,-13.299999999999272,38.0,7.9,0.3000000000000007,,63.8,8.119658119658135,,,,,-30.9,62.5,,,,,,,,51.0281,1.6682340189835498,,,873.0,-42.67892317793828,731.0,-46.48609077598829,552000.0,3360000.0,511750.0,38000.0,177000.0,517000.0,3291000.0,,,,,,0.77,13.13,13.31,,,,-97.0,-88.0,-36.0,-73.66666666666667,16.166666666666668,74.16666666666667,-209.0
1981-12-01,0.46723307657552393,-218.0,-157.0,-29.0,-35.70000000000073,9.0,8.3,0.40000000000000036,,63.9,7.616361071932309,,,,,-35.3,64.3,,,,,,,,50.435,-1.1681112106147085,,,837.0,-44.56953642384106,748.0,-45.91467823571945,556000.0,3636000.0,551000.0,4000.0,276000.0,551000.0,3397000.0,,,,,,0.35,13.98,12.37,,,,-209.0,-97.0,-88.0,-131.33333333333334,-20.833333333333332,35.333333333333336,-276.0
1982-01-01,-0.052780312943268015,-271.0,-186.0,-32.0,-25.799999999999272,-5.0,8.5,0.1999999999999993,,63.6,7.152875175315576,,,,,-26.0,71.0,,,,,,,,49.8987,-2.8656357308042835,,,910.0,-38.59649122807017,796.0,-36.269015212169734,583000.0,3521000.0,545250.0,27000.0,-115000.0,489000.0,3624000.0,,,,,,-0.1,14.14,13.22,,,,-276.0,-209.0,-97.0,-194.0,-99.16666666666667,-4.0,-330.0
1982-02-01,-0.5140992826777158,-298.0,-176.0,-108.0,-2.400000000001455,-32.0,8.6,0.09999999999999964,,63.7,7.520891364902504,,,,,-21.2,66.5,,,,,,,,48.8685,-4.257320023902123,,,843.0,-45.50743374272786,794.0,-34.97133497133497,528000.0,3553000.0,533750.0,-55000.0,32000.0,507000.0,3490000.0,,,,,,-0.41,14.03,14.78,,,,-330.0,-276.0,-209.0,-271.6666666666667,-172.66666666666666,-39.0,-2.0
1982-03-01,-0.5949179518138448,28.0,-66.0,62.0,21.30000000000109,-30.0,8.9,0.3000000000000007,,63.8,6.777316735822958,,,,,-21.0,62.0,,,,,,,,49.8636,-1.8896584290886143,,,866.0,-30.4975922953451,808.0,-32.61050875729775,574000.0,3714000.0,556500.0,46000.0,161000.0,539000.0,3605000.0,,,,,,-0.34,14.18,14.68,,,,-2.0,-330.0,-276.0,-202.66666666666666,-167.0,-45.166666666666664,-129.0
1982-04-01,-0.8507839052735444,-142.0,-124.0,-23.0,5.600000000000364,13.0,9.0,0.09999999999999964,,63.8,6.310013717421126,,,,,-27.5,65.5,,,,,,,,49.5323,-3.0348885922016455,,,931.0,-28.713629402756514,891.0,-24.68300929839391,588000.0,3930000.0,587000.0,14000.0,216000.0,597000.0,3967000.0,,,,,,-0.12,13.87,14.94,,,,-129.0,-2.0,-330.0,-153.66666666666666,-173.83333333333334,-64.66666666666667,-284.0
1982-05-01,-1.2411949651085052,-270.0,-174.0,-25.0,6.899999999999636,-14.0,9.3,0.3000000000000007,,63.9,6.00272851296042,,,,,-26.9,67.5,,,,,,,,49.075,-3.5058397892170245,,,917.0,-32.5735294117647,888.0,-25.3781512605042,588000.0,3956000.0,585750.0,0.0,26000.0,585000.0,3968000.0,,,,,,0.09,13.71,14.45,,,,-284.0,-129.0,-2.0,-138.33333333333334,-205.0,-94.41666666666667,-43.0
1982-06-01,-1.302357167893442,-36.0,-95.0,9.0,28.100000000000364,-7.0,9.4,0.09999999999999964,,64.2,6.3772048846675755,,,,,-16.9,65.7,,,,,,,,48.7483,-4.694474041779495,,,1025.0,-10.087719298245613,953.0,-18.755328218243818,582000.0,4057000.0,599500.0,-6000.0,101000.0,614000.0,4121000.0,,,,,,-0.22,14.44,14.15,,,,-43.0,-284.0,-129.0,-152.0,-177.33333333333334,-99.08333333333333,-242.0
1982-07-01,-1.7761503989507044,-255.0,-158.0,-62.0,5.899999999999636,13.0,9.6,0.1999999999999993,,63.9,5.937921727395401,,,,,-25.0,65.4,,,,,,,,48.6214,-5.424420493249382,,,902.0,-13.684210526315788,913.0,-6.454918032786883,605000.0,4040000.0,570000.0,23000.0,-17000.0,567000.0,4148000.0,,,,,,0.51,13.68,12.59,,,,-242.0,-43.0,-284.0,-189.66666666666666,-171.66666666666666,-135.41666666666666,-344.0
1982-08-01,-2.270717568585501,-218.0,-152.0,-29.0,8.199999999998909,-126.0,9.8,0.20000000000000107,,64.0,6.040268456375841,,,,,-28.5,65.4,,,,,,,,48.4616,-6.349148068200938,,,1166.0,12.007684918347739,1044.0,11.657754010695198,647000.0,4316000.0,629500.0,42000.0,276000.0,637000.0,4234000.0,,,,,,0.82,12.81,10.12,,,,-344.0,-242.0,-43.0,-209.66666666666666,-174.0,-173.33333333333334,-158.0
1982-09-01,-2.4048490143613876,-198.0,-118.0,-24.0,-0.7999999999992724,40.0,9.8,0.0,,64.1,5.585106382978733,,,,,-29.7,69.3,,,,,,,,48.0192,-7.088265683228013,,,1046.0,11.27659574468085,926.0,4.161979752530942,671000.0,4542000.0,660750.0,24000.0,226000.0,680000.0,4468000.0,,,,,,0.5,11.73,10.31,,,,-158.0,-344.0,-242.0,-248.0,-200.0,-183.5,-180.0
1982-10-01,-2.5077341845491263,-173.0,-86.0,-15.0,-14.0,-7.0,10.1,0.29999999999999893,,64.1,5.026455026455046,,,,,-20.1,73.4,,,,,,,,47.9008,-6.868842801509523,,,1144.0,25.57628979143798,1042.0,23.022432113341207,637000.0,4595000.0,641750.0,-34000.0,53000.0,656000.0,4599000.0,,,,,,0.86,10.71,9.71,,,,-180.0,-158.0,-344.0,-227.33333333333334,-208.5,-191.16666666666666,-276.0
1982-11-01,-2.706281462026705,-309.0,-221.0,-22.0,-12.0,33.0,10.4,0.3000000000000007,,64.1,4.87483530961792,,,,,-25.6,72.1,,,,,,,,47.4371,-7.0372990567941995,,,1173.0,34.36426116838487,1149.0,57.18194254445965,612000.0,4442000.0,594250.0,-25000.0,-153000.0,599000.0,4554000.0,,,,,,0.83,10.79,9.2,,,,-276.0,-180.0,-158.0,-204.66666666666666,-207.16666666666666,-206.08333333333334,-121.0
1982-12-01,-2.6159634094174655,-142.0,-131.0,7.0,-15.700000000000728,21.0,10.8,0.40000000000000036,,64.2,4.587155963302769,,,,,-22.7,71.9,,,,,,,,47.283,-6.24962823436106,,,1372.0,63.91875746714457,1229.0,64.3048128342246,489000.0,4381000.0,523750.0,-123000.0,-61000.0,516000.0,4371000.0,,,,,,0.88,10.36,8.95,,,,-121.0,-276.0,-180.0,-192.33333333333334,-220.16666666666666,-198.75,-15.0
1983-01-01,-2.336762198140707,-19.0,-32.0,1.0,8.100000000000364,4.0,10.8,0.0,,64.1,4.842931937172779,,,,,-20.7,70.4,,,,,,,,46.9485,-5.912378478798031,,,1303.0,43.18681318681319,1351.0,69.72361809045226,503000.0,3890000.0,492750.0,14000.0,-491000.0,479000.0,3950000.0,,,,,,1.22,10.8,8.68,,,,-15.0,-121.0,-276.0,-137.33333333333334,-182.33333333333334,-177.0,219.0
1983-02-01,-1.7390824269861382,177.0,15.0,73.0,59.30000000000109,42.0,10.4,-0.40000000000000036,,63.9,4.404145077720223,,,,,-13.9,74.6,,,,,,,,47.8234,-2.13859643737786,,,1586.0,88.13760379596678,1426.0,79.59697732997482,481000.0,3876000.0,488750.0,-22000.0,-14000.0,486000.0,3865000.0,,,,,,0.96,10.27,8.51,,,,219.0,-15.0,-121.0,27.666666666666668,-88.5,-131.25,-73.0
1983-03-01,-1.8175192959597242,-54.0,1.0,-57.0,9.099999999998545,-19.0,10.4,0.0,,63.8,4.792746113989632,,,,,-3.0,80.8,,,,,,,,47.5233,-4.693403605034529,,,1699.0,96.18937644341801,1471.0,82.05445544554455,481000.0,3734000.0,480250.0,0.0,-142000.0,475000.0,3787000.0,,,,,,0.75,10.62,8.77,,,,-73.0,219.0,-15.0,43.666666666666664,-74.33333333333333,-137.16666666666666,173.0
1983-04-01,-1.486166707211889,172.0,5.0,-22.0,38.5,1.0,10.3,-0.09999999999999964,,63.7,4.516129032258065,,,,,4.1,89.1,,,,,,,,47.9244,-3.2461646238918895,,,1606.0,72.50268528464017,1475.0,65.54433221099887,490000.0,3722000.0,497250.0,9000.0,-12000.0,515000.0,3744000.0,,,,,,0.92,10.27,8.8,,,,173.0,-73.0,219.0,106.33333333333333,-15.5,-112.0,274.0
1983-05-01,-0.8718801996672187,289.0,83.0,6.0,30.700000000000728,-15.0,10.2,-0.10000000000000142,,63.8,4.633204633204646,,,,,0.3,93.3,,,,,,,,48.5311,-1.1083036169128868,,,1472.0,60.523446019629226,1566.0,76.35135135135135,454000.0,3457000.0,468000.0,-36000.0,-265000.0,464000.0,3625000.0,,,,,,0.79,10.81,8.63,,,,274.0,173.0,-73.0,124.66666666666667,76.16666666666667,-65.5,280.0
1983-06-01,-0.5138335534420224,265.0,91.0,12.0,32.29999999999927,15.0,10.1,-0.09999999999999964,,63.7,4.2091836734693855,,,,,3.9,92.2,,,,,,,,48.8239,0.15508233107617286,,,1776.0,73.26829268292683,1669.0,75.1311647429171,442000.0,3369000.0,444250.0,-12000.0,-88000.0,434000.0,3452000.0,,,,,,0.73,10.96,8.98,,,,280.0,274.0,173.0,242.33333333333334,143.0,-38.583333333333336,377.0
1983-07-01,0.17359372391920758,362.0,75.0,46.0,49.0,15.0,10.1,0.0,,64.3,4.331210191082802,,,,,7.6,92.8,,,,,,,,49.123,1.0316445022150678,,,1733.0,92.12860310421287,1769.0,93.75684556407448,415000.0,3112000.0,404500.0,-27000.0,-257000.0,396000.0,3216000.0,,,,,,0.73,11.76,9.37,,,,377.0,280.0,274.0,310.3333333333333,208.33333333333334,13.0,416.0
1983-08-01,1.023223601166201,425.0,99.0,49.0,70.20000000000073,-9.0,9.4,-0.6999999999999993,,64.1,4.0506329113924044,,,,,14.5,90.9,,,,,,,,49.8546,2.8744407943608996,,,1785.0,53.08747855917668,1795.0,71.93486590038314,426000.0,3079000.0,435750.0,11000.0,-33000.0,457000.0,3107000.0,,,,,,0.8,11.98,9.56,,,,416.0,377.0,280.0,357.6666666666667,241.16666666666666,76.33333333333333,-308.0
1983-09-01,0.8571780267000895,-313.0,59.0,45.0,32.70000000000073,5.0,9.5,0.09999999999999964,,64.3,3.2745591939546514,,,,,18.1,89.9,,,,,,,,50.4443,5.050271558043451,,,1910.0,82.60038240917783,1713.0,84.98920086393089,416000.0,2973000.0,408750.0,-10000.0,-106000.0,405000.0,2993000.0,,,,,,0.91,11.44,9.45,,,,-308.0,416.0,377.0,161.66666666666666,202.0,63.833333333333336,1118.0
1983-10-01,2.3143424195194218,1092.0,137.0,38.0,67.39999999999964,26.0,9.2,-0.3000000000000007,,64.3,4.1561712846347465,,,,,12.9,89.3,,,,,,,,51.178,6.8416393880686766,,,1710.0,49.47552447552448,1585.0,52.111324376199605,404000.0,2860000.0,399500.0,-12000.0,-113000.0,394000.0,2913000.0,,,,,,1.13,11.74,9.48,,,,1118.0,-308.0,416.0,408.6666666666667,359.5,172.0,273.0
1983-11-01,2.9390261734171697,329.0,112.0,40.0,42.600000000000364,-56.0,8.8,-0.3999999999999986,,64.0,4.396984924623126,,,,,16.8,91.1,,,,,,,,51.5693,8.710903491149335,,,1715.0,46.20630861040069,1716.0,49.34725848563968,398000.0,2733000.0,392500.0,-6000.0,-127000.0,390000.0,2789000.0,,,,,,0.96,11.63,9.34,,,,273.0,1118.0,-308.0,361.0,359.3333333333333,217.75,355.0
1983-12-01,3.4791521185772556,344.0,112.0,39.0,50.0,11.0,8.5,-0.3000000000000007,,64.1,4.135338345864659,,,,,6.8,94.2,,,,,,,,51.7993,9.551635894507537,,,1785.0,30.102040816326525,1668.0,35.72009764035802,372000.0,2644000.0,369750.0,-26000.0,-89000.0,362000.0,2796000.0,,,,,,0.97,11.82,9.47,,,,355.0,273.0,1118.0,582.0,371.8333333333333,257.4166666666667,355.0
1984-01-01,3.8965427898750793,344.0,72.0,31.0,49.899999999999636,11.0,8.3,-0.1999999999999993,,64.1,3.995006242197263,,,,,14.5,100.1,,,,,,,,52.0594,10.886183797139415,,,1688.0,29.547198772064466,1627.0,20.429311621021462,364000.0,2556000.0,351000.0,-8000.0,-88000.0,351000.0,2522000.0,,,,,,1.09,11.67,9.56,,,,355.0,355.0,273.0,327.6666666666667,368.1666666666667,288.25,443.0
1984-02-01,4.138667265984952,441.0,79.0,57.0,77.69999999999891,2.0,8.0,-0.3000000000000007,,63.9,3.970223325062028,,,,,4.8,97.4,,,,,,,,53.0985,11.03037425193525,,,1897.0,19.609079445145028,1816.0,27.34922861150071,343000.0,2469000.0,339250.0,-21000.0,-87000.0,334000.0,2425000.0,,,,,,1.05,12.04,9.59,,,,443.0,355.0,355.0,384.3333333333333,372.6666666666667,306.9166666666667,484.0
1984-03-01,4.768491964416244,469.0,98.0,105.0,44.0,15.0,7.8,-0.20000000000000018,,64.1,3.584672435105074,,,,,12.3,101.0,,,,,,,,53.3318,12.222425631216694,,,2260.0,33.01942319011184,1987.0,35.078178110129166,341000.0,2412000.0,345500.0,-2000.0,-57000.0,349000.0,2426000.0,,,,,,0.93,12.53,9.91,,,,484.0,443.0,355.0,427.3333333333333,504.6666666666667,353.3333333333333,272.0
1984-04-01,4.870355819957339,267.0,78.0,-17.0,36.70000000000073,5.0,7.8,0.0,,64.1,3.827160493827164,,,,,5.8,96.1,,,,,,,,53.5929,11.828004106467693,,,1663.0,3.5491905354918973,1725.0,16.94915254237288,375000.0,2435000.0,369250.0,34000.0,23000.0,357000.0,2396000.0,,,,,,0.93,12.82,10.29,,,,272.0,484.0,443.0,399.6666666666667,363.6666666666667,361.5833333333333,363.0
1984-05-01,4.955015442460042,318.0,66.0,30.0,44.0,45.0,7.7,-0.09999999999999964,,64.3,3.936039360393595,,,,,15.2,98.1,,,,,,,,53.91,11.083408371126957,,,1851.0,25.747282608695656,1776.0,13.409961685823756,354000.0,2323000.0,360250.0,-21000.0,-112000.0,368000.0,2386000.0,,,,,,0.91,13.91,10.32,,,,363.0,272.0,484.0,373.0,378.6666666666667,369.0,306.0
1984-06-01,4.9685422337245155,278.0,44.0,33.0,23.0,28.0,7.4,-0.2999999999999998,,64.5,3.427172582619331,,,,,2.7,95.5,,,,,,,,54.2026,11.016530838380367,,,1774.0,-0.11261261261261701,1741.0,4.313960455362498,360000.0,2329000.0,363000.0,6000.0,6000.0,361000.0,2364000.0,,,,,,0.67,13.84,11.06,,,,306.0,363.0,272.0,313.6666666666667,370.5,371.1666666666667,381.0
1984-07-01,4.95217782517412,357.0,51.0,51.0,58.29999999999927,24.0,7.2,-0.20000000000000018,,64.6,3.5409035409035505,,,,,1.5,96.6,,,,,,,,54.4014,10.74527207214544,,,1843.0,6.347374495095215,1814.0,2.543810062182028,359000.0,2329000.0,360500.0,-1000.0,0.0,360000.0,2371000.0,,,,,,0.34,12.91,11.23,,,,381.0,306.0,363.0,350.0,374.8333333333333,371.5,310.0
1984-08-01,4.812189701117897,265.0,46.0,27.0,55.70000000000073,45.0,7.5,0.2999999999999998,,64.6,3.5279805352797844,,,,,5.3,99.1,,,,,,,,54.5521,9.422400340189284,,,1732.0,-2.9691876750700286,1605.0,-10.584958217270191,395000.0,2405000.0,389500.0,36000.0,76000.0,401000.0,2416000.0,,,,,,0.25,12.79,11.64,,,,310.0,381.0,306.0,332.3333333333333,352.6666666666667,362.6666666666667,243.0
1984-09-01,5.439980472433947,191.0,21.0,13.0,28.899999999999636,52.0,7.5,0.0,,64.4,3.780487804878052,,,,,0.8,100.9,,,,,,,,54.6083,8.254649187321462,,,1586.0,-16.963350785340314,1530.0,-10.683012259194392,402000.0,2474000.0,398000.0,7000.0,69000.0,393000.0,2434000.0,,,,,,0.4,12.47,11.3,,,,243.0,310.0,381.0,311.3333333333333,312.5,408.5833333333333,312.0
1984-10-01,4.490010630486485,281.0,-15.0,29.0,52.70000000000073,31.0,7.3,-0.20000000000000018,,64.4,3.38573155985491,,,,,1.1,96.3,,,,,,,,54.4466,6.386728672476449,,,1698.0,-0.7017543859649145,1523.0,-3.9116719242902165,425000.0,2574000.0,419250.0,23000.0,100000.0,410000.0,2538000.0,,,,,,0.7,11.79,9.99,,,,312.0,243.0,310.0,288.3333333333333,319.1666666666667,341.4166666666667,285.0
1984-11-01,4.489729020979016,266.0,5.0,14.0,66.69999999999891,19.0,7.4,0.10000000000000053,,64.4,2.8880866425992746,,,,,-3.9,95.7,,,,,,,,54.4406,5.567847537197523,,,1590.0,-7.288629737609331,1490.0,-13.170163170163175,429000.0,2569000.0,407000.0,4000.0,-5000.0,383000.0,2645000.0,,,,,,1.08,11.58,9.43,,,,285.0,312.0,243.0,280.0,306.1666666666667,342.4166666666667,353.0
1984-12-01,4.470204081632656,316.0,-8.0,27.0,111.90000000000146,37.0,7.2,-0.20000000000000018,,64.5,3.128760529482544,,,,,-4.6,92.9,,,,,,,,54.624,5.453162494473873,,,1689.0,-5.378151260504205,1643.0,-1.4988009592326157,379000.0,2536000.0,381750.0,-50000.0,-33000.0,386000.0,2594000.0,,,,,,1.53,11.55,8.38,,,,353.0,285.0,312.0,316.6666666666667,314.0,342.25,125.0
1985-01-01,4.203621381329281,154.0,7.0,35.0,-3.5,-29.0,7.3,0.09999999999999964,,64.6,3.361344537815114,,,,,-8.4,96.0,,,,,,,,54.6416,4.960103266653104,,,1612.0,-4.502369668246442,1626.0,-0.06146281499692652,368000.0,2601000.0,370750.0,-11000.0,65000.0,387000.0,2543000.0,,,,,,1.27,11.17,8.35,,,,125.0,353.0,285.0,254.33333333333334,271.3333333333333,323.0833333333333,265.0
1985-02-01,3.9914538215014117,211.0,-14.0,16.0,22.69999999999891,54.0,7.3,0.0,,64.7,2.744630071599019,,,,,-9.3,93.7,,,,,,,,54.6322,2.888405510513481,,,1711.0,-9.804955192409071,1660.0,-8.590308370044053,390000.0,2641000.0,391750.0,22000.0,40000.0,390000.0,2613000.0,,,,,,1.25,11.91,8.5,,,,265.0,125.0,353.0,247.66666666666666,263.8333333333333,308.25,131.0
1985-03-01,3.591785909808176,118.0,-43.0,-6.0,26.399999999999636,13.0,7.2,-0.09999999999999964,,64.7,3.1026252983293423,,,,,-0.3,93.7,,,,,,,,54.7825,2.7201407040452263,,,1632.0,-27.787610619469028,1662.0,-16.356316054353293,386000.0,2526000.0,382500.0,-4000.0,-115000.0,386000.0,2578000.0,,,,,,1.22,11.65,8.58,,,,131.0,265.0,125.0,173.66666666666666,245.16666666666666,278.8333333333333,339.0
1985-04-01,3.6530413469051393,293.0,-27.0,68.0,83.30000000000109,46.0,7.2,0.0,,64.9,2.9726516052318575,,,,,-8.6,94.6,,,,,,,,54.8653,2.3741950892748775,,,1800.0,8.238123872519543,1727.0,0.1159420289855051,386000.0,2562000.0,398250.0,0.0,36000.0,411000.0,2600000.0,,,,,,1.5,11.41,8.27,,,,339.0,131.0,265.0,245.0,249.66666666666666,284.4166666666667,196.0
1985-05-01,3.460849539406352,161.0,-53.0,34.0,37.29999999999927,35.0,7.3,0.09999999999999964,,64.9,2.8402366863905293,,,,,-8.4,91.8,,,,,,,,54.7459,1.5505472083101601,,,1821.0,-1.620745542949753,1664.0,-6.3063063063063085,396000.0,2545000.0,392750.0,10000.0,-17000.0,391000.0,2547000.0,,,,,,1.36,10.28,7.97,,,,196.0,339.0,131.0,222.0,234.83333333333334,270.5,274.0
1985-06-01,3.4155880039958397,230.0,-31.0,23.0,56.899999999999636,44.0,7.2,-0.09999999999999964,,64.8,2.9585798816567976,,,,,-9.2,96.5,,,,,,,,54.8255,1.1492068646153486,,,1680.0,-5.29875986471251,1709.0,-1.8380241240666284,390000.0,2505000.0,392250.0,-6000.0,-40000.0,390000.0,2549000.0,,,,,,1.58,10.25,7.53,,,,274.0,196.0,339.0,269.6666666666667,221.66666666666666,267.8333333333333,147.0
1985-07-01,3.154140073455469,123.0,-36.0,2.0,32.70000000000073,24.0,7.4,0.20000000000000018,,64.6,3.0660377358490587,,,,,-8.2,94.0,,,,,,,,54.7989,0.7306797251541264,,,1676.0,-9.061313076505694,1716.0,-5.402425578831316,362000.0,2522000.0,378250.0,-28000.0,17000.0,386000.0,2519000.0,,,,,,1.56,10.57,7.88,,,,147.0,274.0,196.0,205.66666666666666,225.33333333333334,248.33333333333334,189.0
1985-08-01,3.016172762662328,67.0,-43.0,10.0,12.0,122.0,7.4,0.0,,64.7,2.7027027027026973,,,,,-16.5,92.4,,,,,,,,54.5396,-0.02291387499290254,,,1684.0,-2.771362586605086,1697.0,5.73208722741434,409000.0,2595000.0,403750.0,47000.0,73000.0,399000.0,2574000.0,,,,,,1.32,10.28,7.9,,,,189.0,147.0,274.0,203.33333333333334,212.66666666666666,238.25,192.0
1985-09-01,2.954794174593811,193.0,-20.0,24.0,38.100000000000364,-1.0,7.1,-0.3000000000000007,,64.6,2.9377203290246845,,,,,-14.2,92.1,,,,,,,,54.7055,0.17799492018613083,,,1743.0,9.899117276166457,1808.0,18.16993464052288,399000.0,2623000.0,408500.0,-10000.0,28000.0,408000.0,2590000.0,,,,,,1.43,10.31,7.92,,,,192.0,189.0,147.0,176.0,222.83333333333334,234.0,205.0
1985-10-01,2.8328998154052654,186.0,-38.0,29.0,13.600000000000364,19.0,7.1,0.0,,64.9,2.923976608187129,,,,,-17.2,88.4,,,,,,,,54.8906,0.8154779178130456,,,1676.0,-1.2956419316843326,1916.0,25.804333552199598,418000.0,2657000.0,405750.0,19000.0,34000.0,400000.0,2569000.0,,,,,,1.31,10.01,7.99,,,,205.0,192.0,189.0,195.33333333333334,200.5,225.08333333333334,188.0
1985-11-01,2.7230233506572166,172.0,-10.0,16.0,14.5,16.0,7.1,0.0,,65.0,2.8070175438596356,,,,,-6.4,90.9,,,,,,,,54.7199,0.5130362266396737,,,1834.0,15.345911949685531,1743.0,16.979865771812076,393000.0,2638000.0,392250.0,-25000.0,-19000.0,397000.0,2618000.0,,,,,,1.13,9.59,8.05,,,,188.0,205.0,192.0,195.0,199.16666666666666,217.0,210.0
1985-12-01,2.564022420870571,190.0,-11.0,11.0,27.799999999999272,20.0,7.0,-0.09999999999999964,,64.9,2.8004667444574194,,,,,-4.9,93.9,,,,,,,,54.9124,0.5279730521382531,,,1698.0,0.5328596802841812,1692.0,2.9823493609251406,390000.0,2608000.0,385250.0,-3000.0,-30000.0,382000.0,2680000.0,,,,,,1.02,9.0,8.27,,,,210.0,188.0,205.0,201.0,188.5,205.08333333333334,166.0
1986-01-01,2.60334835131677,146.0,-4.0,8.0,25.600000000000364,20.0,7.0,0.0,,65.0,3.0197444831591147,,,,,-4.6,95.6,,,,,,,,55.4412,1.4633539281426744,,,1942.0,20.471464019851116,1794.0,10.332103321033204,344000.0,2570000.0,366750.0,-46000.0,-38000.0,364000.0,2516000.0,,,,,,1.09,9.08,8.14,18.95,,,166.0,210.0,188.0,188.0,191.66666666666666,208.5,123.0
1986-02-01,2.448844062590805,102.0,-7.0,21.0,9.199999999998909,21.0,6.7,-0.2999999999999998,,64.9,2.7874564459930307,,,,,1.8,95.9,,,,,,,,55.7481,2.042568302210057,,,1972.0,15.254237288135597,1847.0,11.265060240963853,390000.0,2626000.0,369500.0,46000.0,56000.0,358000.0,2569000.0,,,,,,0.42,8.13,7.86,13.23,,,123.0,166.0,210.0,166.33333333333334,180.66666666666666,196.66666666666666,115.0
1986-03-01,2.4289400329523536,71.0,-23.0,-4.0,7.200000000000728,44.0,7.2,0.5,,65.0,2.77777777777779,,,,,-9.9,95.1,,,,,,,,55.3568,1.0483274768402273,,,1848.0,13.235294117647056,1767.0,6.3176895306859215,396000.0,2614000.0,382750.0,6000.0,-12000.0,382000.0,2589000.0,,,,,,0.47,7.39,7.48,10.25,,,115.0,123.0,166.0,134.66666666666666,167.83333333333334,195.33333333333334,87.0
1986-04-01,2.1602197393692846,91.0,-39.0,10.0,57.5,-4.0,7.2,0.0,,65.1,2.6558891454965483,,,,,-20.6,96.2,,,,,,,,54.9625,0.17716115650512343,,,1876.0,4.222222222222216,1780.0,3.0689056166763207,391000.0,2627000.0,385750.0,-5000.0,13000.0,388000.0,2570000.0,,,,,,0.55,7.38,6.99,13.38,,,87.0,115.0,123.0,108.33333333333333,148.16666666666666,174.33333333333334,187.0
1986-05-01,2.1465817514787933,177.0,-8.0,36.0,30.299999999999272,10.0,7.1,-0.10000000000000053,,65.1,2.1864211737629535,,,,,-8.1,94.8,,,,,,,,55.0413,0.5395837861830843,,,1933.0,6.150466776496422,1858.0,11.658653846153854,373000.0,2708000.0,384500.0,-18000.0,81000.0,384000.0,2669000.0,,,,,,0.69,8.05,6.85,14.3,,,187.0,87.0,115.0,129.66666666666666,148.0,173.58333333333334,127.0
1986-06-01,1.9894771456757665,102.0,-23.0,-26.0,45.400000000001455,25.0,7.2,0.10000000000000053,,65.2,2.298850574712663,,,,,-6.7,99.3,,,,,,,,55.1226,0.541901122652777,,,1854.0,10.357142857142865,1797.0,5.149210064365128,371000.0,2606000.0,370500.0,-2000.0,-102000.0,369000.0,2644000.0,,,,,,0.54,7.35,6.92,12.8,,,127.0,187.0,87.0,133.66666666666666,134.16666666666666,161.33333333333334,-93.0
1986-07-01,1.7402189638719978,-82.0,-63.0,-7.0,15.799999999999272,-11.0,7.2,0.0,,65.4,2.0594965675057253,,,,,-5.9,97.7,,,,,,,,54.9005,0.18540518149086083,,,1847.0,10.202863961813847,1790.0,4.312354312354305,362000.0,2618000.0,362000.0,-9000.0,12000.0,361000.0,2552000.0,,,,,,0.77,7.34,6.56,11.23,,,-93.0,127.0,187.0,73.66666666666667,91.0,141.33333333333334,318.0
1986-08-01,1.868957889562517,318.0,-33.0,13.0,51.399999999999636,0.0,7.0,-0.20000000000000018,,65.4,1.94508009153318,,,,,-6.2,94.9,,,,,,,,55.2592,1.3194082831557319,,,1782.0,5.819477434679343,1780.0,4.8909840895698276,401000.0,2664000.0,405250.0,39000.0,46000.0,407000.0,2658000.0,,,,,,1.01,6.95,6.17,15.93,,,318.0,-93.0,127.0,117.33333333333333,123.5,152.08333333333334,115.0
1986-09-01,1.7865903515944304,94.0,-8.0,13.0,47.5,21.0,6.9,-0.09999999999999964,,65.3,2.054794520547931,,,,,-1.0,91.9,,,,,,,,55.1567,0.8247799581394988,,,1807.0,3.671830177854285,1726.0,-4.535398230088495,389000.0,2698000.0,395500.0,-12000.0,34000.0,394000.0,2671000.0,,,,,,1.07,7.45,5.89,14.7,,,115.0,318.0,-93.0,113.33333333333333,123.5,145.66666666666666,346.0
1986-10-01,1.9266663266867212,236.0,9.0,-4.0,43.399999999999636,110.0,7.0,0.09999999999999964,,65.4,1.5909090909090873,,,,,0.3,95.6,,,,,,,,55.2975,0.7412926803496367,,,1687.0,0.6563245823389074,1686.0,-12.004175365344471,370000.0,2707000.0,383250.0,-19000.0,9000.0,385000.0,2723000.0,,,,,,1.08,7.34,5.85,15.25,,,346.0,115.0,318.0,259.6666666666667,166.66666666666666,157.41666666666666,187.0
1986-11-01,1.9219610517850372,128.0,-21.0,15.0,14.200000000000728,59.0,7.0,0.0,,65.4,1.9340159271900026,,,,,-0.2,91.4,,,,,,,,55.5332,1.4862965758343893,,,1681.0,-8.342420937840789,1675.0,-3.9013195639701626,366000.0,2686000.0,363000.0,-4000.0,-21000.0,368000.0,2653000.0,,,,,,0.94,7.15,6.04,15.0,,,187.0,346.0,115.0,216.0,166.66666666666666,157.33333333333334,187.0
1986-12-01,1.8944973233241624,151.0,-5.0,6.0,14.600000000000364,36.0,6.9,-0.09999999999999964,,65.4,2.2701475595913623,,,,,6.5,89.1,,,,,,,,55.7557,1.5357187083427482,,,1623.0,-4.416961130742047,1644.0,-2.8368794326241176,345000.0,2565000.0,358250.0,-21000.0,-121000.0,375000.0,2587000.0,,,,,,0.88,7.23,6.91,17.93,,,187.0,187.0,346.0,240.0,176.66666666666666,155.41666666666666,201.0
1987-01-01,1.9268018132219122,185.0,6.0,33.0,9.299999999999272,16.0,6.6,-0.3000000000000007,,65.3,1.5783540022547893,,,,,-1.1,90.4,,,,,,,,56.2845,1.5210709724897686,,,1833.0,-5.612770339855821,1903.0,6.075808249721293,370000.0,2515000.0,351250.0,25000.0,-50000.0,341000.0,2443000.0,,,,,,0.85,7.18,6.43,18.73,,,201.0,187.0,187.0,191.66666666666666,225.66666666666666,158.33333333333334,169.0
1987-02-01,1.970992180853215,145.0,-13.0,14.0,-10.699999999998909,24.0,6.6,0.0,,65.4,1.9209039548022666,,,,,1.5,90.2,,,,,,,,56.0882,0.6100656345238598,,,1774.0,-10.040567951318458,1690.0,-8.500270709258261,348000.0,2460000.0,348750.0,-22000.0,-55000.0,338000.0,2451000.0,,,,,,0.84,7.19,6.1,16.45,,,169.0,201.0,187.0,185.66666666666666,200.83333333333334,162.16666666666666,241.0
1987-03-01,2.096168826570355,250.0,34.0,31.0,31.5,-9.0,6.6,0.0,,65.5,1.9144144144144226,,,,,-0.2,90.8,,,,,,,,56.8275,2.6567648418983847,,,1784.0,-3.463203463203468,1689.0,-4.414261460101865,326000.0,2410000.0,333250.0,-22000.0,-50000.0,335000.0,2450000.0,,,,,,0.97,7.51,6.13,18.82,,,241.0,169.0,201.0,203.66666666666666,221.83333333333334,172.66666666666666,245.0
1987-04-01,2.254027937817127,217.0,8.0,1.0,51.5,28.0,6.6,0.0,,65.5,2.0247469066366763,,,,,-4.9,92.8,,,,,,,,56.9098,3.54296110984762,,,1726.0,-7.995735607675902,1704.0,-4.269662921348316,328000.0,2386000.0,336250.0,2000.0,-24000.0,349000.0,2410000.0,,,,,,0.83,8.21,6.37,18.76,,,245.0,241.0,169.0,218.33333333333334,205.0,185.83333333333334,335.0
1987-05-01,2.3990879833738488,290.0,18.0,14.0,48.5,45.0,6.3,-0.2999999999999998,,65.4,2.2522522522522515,,,,,13.4,91.1,,,,,,,,57.2701,4.0493229629387395,,,1614.0,-16.5028453181583,1601.0,-13.832077502691064,326000.0,2370000.0,331250.0,-2000.0,-16000.0,341000.0,2326000.0,,,,,,0.8,8.49,6.85,19.36,,,335.0,245.0,241.0,273.6666666666667,229.66666666666666,198.16666666666666,229.0
1987-06-01,2.498790907625348,226.0,17.0,27.0,18.899999999999636,3.0,6.3,0.0,,65.7,2.359550561797752,,,,,0.1,91.5,,,,,,,,57.6322,4.552760573702974,,,1628.0,-12.189859762675292,1500.0,-16.52754590984975,326000.0,2321000.0,322250.0,0.0,-49000.0,316000.0,2278000.0,,,,,,0.9,8.38,6.73,20.22,,,229.0,335.0,245.0,269.6666666666667,236.66666666666666,206.66666666666666,172.0
1987-07-01,2.7683929201754776,160.0,-5.0,6.0,38.29999999999927,12.0,6.2,-0.09999999999999964,,65.5,2.130044843049328,,,,,6.3,93.7,,,,,,,,57.9307,5.519439713663821,,,1594.0,-13.697888467785601,1522.0,-14.97206703910614,324000.0,2247000.0,319250.0,-2000.0,-74000.0,310000.0,2211000.0,,,,,,1.03,8.66,6.58,21.43,,,172.0,229.0,335.0,245.33333333333334,231.83333333333334,228.75,347.0
1987-08-01,2.7886964301870876,311.0,56.0,6.0,38.600000000000364,36.0,6.1,-0.10000000000000053,,65.6,2.3569023569023573,,,,,12.9,94.4,,,,,,,,58.3258,5.549483162984625,,,1575.0,-11.616161616161612,1516.0,-14.831460674157304,322000.0,2179000.0,320000.0,-2000.0,-68000.0,319000.0,2194000.0,,,,,,1.03,9.0,6.73,19.76,,,347.0,172.0,229.0,249.33333333333334,261.5,231.16666666666666,173.0
1987-09-01,2.84371611037475,161.0,37.0,10.0,10.100000000000364,12.0,6.0,-0.09999999999999964,,65.7,2.684563758389258,,,,,7.4,93.6,,,,,,,,58.7636,6.539368743960372,,,1605.0,-11.178749308245706,1511.0,-12.456546929316337,317000.0,2139000.0,309750.0,-5000.0,-40000.0,297000.0,2172000.0,,,,,,1.03,9.63,7.22,19.62,,,173.0,347.0,172.0,230.66666666666666,250.16666666666666,236.0,227.0
1987-10-01,2.7147917625632845,264.0,61.0,-6.0,30.399999999999636,-37.0,5.9,-0.09999999999999964,,65.5,2.796420581655479,,,,,17.8,89.3,,,,,,,,58.9951,6.686739906867412,,,1695.0,0.47421458209839784,1514.0,-10.201660735468565,289000.0,1942000.0,299750.0,-28000.0,-197000.0,301000.0,2074000.0,,,,,,1.3,8.88,7.29,19.96,,,227.0,173.0,347.0,249.0,247.16666666666666,226.08333333333334,491.0
1987-11-01,3.0133538418513517,357.0,38.0,46.0,66.20000000000073,134.0,6.0,0.09999999999999964,,65.7,2.9017857142857206,,,,,7.5,83.1,,,,,,,,59.781,7.649118005085254,,,1515.0,-9.875074360499703,1447.0,-13.611940298507463,306000.0,2102000.0,306750.0,17000.0,160000.0,307000.0,2109000.0,,,,,,1.26,8.99,6.69,18.52,,,491.0,227.0,173.0,297.0,273.1666666666667,251.41666666666666,234.0
1987-12-01,3.054591857080191,204.0,46.0,10.0,23.599999999998545,30.0,5.8,-0.20000000000000018,,65.7,2.885682574916748,,,,,12.1,86.8,,,,,,,,60.0726,7.742526773047431,,,1656.0,2.0332717190388205,1457.0,-11.374695863746965,316000.0,2140000.0,318750.0,10000.0,38000.0,317000.0,2092000.0,,,,,,1.06,8.83,6.77,16.74,,,234.0,491.0,227.0,317.3333333333333,274.0,255.33333333333334,289.0
1988-01-01,3.136037568774941,241.0,34.0,28.0,8.100000000000364,48.0,5.7,-0.09999999999999964,,65.7,2.9966703662597016,,,,,14.1,90.8,,,,,,,,60.4095,7.328838312501662,,,1400.0,-23.622476813966177,1345.0,-29.32212296374146,342000.0,2213000.0,340750.0,26000.0,73000.0,361000.0,2186000.0,,,,,,1.04,8.26,6.83,16.97,,,289.0,234.0,491.0,338.0,293.5,262.6666666666667,92.0
1988-02-01,3.054291900911821,74.0,-19.0,-86.0,-9.299999999999272,18.0,5.7,0.0,,65.8,2.9933481152993213,,,,,12.2,91.6,,,,,,,,60.3976,7.683256014634088,,,1271.0,-28.354002254791432,1244.0,-26.390532544378697,319000.0,2111000.0,318750.0,-23000.0,-102000.0,311000.0,2184000.0,,,,,,1.03,8.16,6.58,15.98,,,92.0,289.0,234.0,205.0,251.0,256.25,461.0
1988-03-01,3.2649946987187706,437.0,33.0,68.0,94.79999999999927,24.0,5.7,0.0,,65.9,2.6519337016574385,,,,,17.9,94.6,,,,,,,,60.7003,6.815010338304517,,,1473.0,-17.43273542600897,1438.0,-14.860864416814678,304000.0,2077000.0,305500.0,-15000.0,-34000.0,304000.0,2112000.0,,,,,,1.16,8.57,6.58,17.09,,,461.0,92.0,289.0,280.6666666666667,299.0,274.5833333333333,275.0
1988-04-01,3.2867423194021583,217.0,21.0,39.0,31.100000000000364,58.0,5.7,0.0,,65.7,2.6460859977949225,,,,,15.8,91.2,,,,,,,,60.8501,6.92376356971911,,,1532.0,-11.239860950173808,1525.0,-10.50469483568075,313000.0,2077000.0,313000.0,9000.0,0.0,314000.0,2072000.0,,,,,,1.14,8.87,6.87,18.1,,,275.0,461.0,92.0,276.0,307.0,277.0833333333333,243.0
1988-05-01,3.1852530566803594,238.0,30.0,26.0,31.700000000000728,5.0,5.4,-0.2999999999999998,,65.8,3.083700440528636,,,,,17.0,94.8,,,,,,,,61.2031,6.867457888147577,,,1573.0,-2.5402726146220522,1429.0,-10.743285446595873,313000.0,2045000.0,313750.0,0.0,-32000.0,314000.0,2068000.0,,,,,,0.99,9.2,7.09,17.54,,,243.0,275.0,461.0,326.3333333333333,265.6666666666667,269.4166666666667,230.0
1988-06-01,3.1790657439446424,201.0,18.0,1.0,40.69999999999891,29.0,5.6,0.1999999999999993,,65.7,3.2930845225027428,,,,,14.0,94.7,,,,,,,,61.0797,5.981899007846314,,,1421.0,-12.714987714987714,1444.0,-3.733333333333333,307000.0,2030000.0,308250.0,-6000.0,-15000.0,311000.0,2034000.0,,,,,,0.8,8.82,7.51,15.2,,,230.0,243.0,275.0,249.33333333333334,265.0,269.5,364.0
1988-07-01,3.3621197252208024,330.0,24.0,33.0,49.399999999999636,34.0,5.4,-0.1999999999999993,,65.8,3.2930845225027428,,,,,13.7,93.4,,,,,,,,61.2569,5.741687913317128,,,1478.0,-7.277289836888334,1485.0,-2.431011826544016,331000.0,2108000.0,325750.0,24000.0,78000.0,315000.0,2073000.0,,,,,,0.73,9.12,7.75,16.37,,,364.0,230.0,243.0,279.0,277.5,285.5,224.0
1988-08-01,3.230412628243373,245.0,10.0,9.0,39.5,-21.0,5.4,0.0,,65.9,3.6184210526315708,,,,,3.4,97.4,,,,,,,,61.2659,5.040822414780433,,,1467.0,-6.857142857142861,1439.0,-5.079155672823221,315000.0,2082000.0,314750.0,-16000.0,-26000.0,312000.0,2070000.0,,,,,,0.54,9.25,8.01,15.19,,,224.0,364.0,230.0,272.6666666666667,299.5,275.25,124.0
1988-09-01,3.177113844952162,74.0,-35.0,-2.0,30.200000000000728,50.0,5.6,0.1999999999999993,,66.1,3.0501089324618924,,,,,17.6,97.3,,,,,,,,61.5731,4.781020904097089,,,1493.0,-6.9781931464174445,1460.0,-3.375248180013235,301000.0,2053000.0,304500.0,-14000.0,-29000.0,306000.0,2106000.0,,,,,,0.44,8.87,8.19,13.33,,,124.0,224.0,364.0,237.33333333333334,243.33333333333334,271.1666666666667,339.0
1988-10-01,3.2791995869338564,249.0,23.0,2.0,14.200000000000728,90.0,5.4,-0.1999999999999993,,65.9,3.482045701849845,,,,,20.6,94.1,,,,,,,,61.3807,4.043725665351872,,,1492.0,-11.976401179940998,1436.0,-5.151915455746369,294000.0,2015000.0,291250.0,-7000.0,-38000.0,293000.0,1994000.0,,,,,,0.4,8.65,8.3,13.54,,,339.0,124.0,224.0,229.0,254.0,280.5,263.0
1988-11-01,3.042525548294517,227.0,52.0,-8.0,-5.800000000001091,36.0,5.4,0.0,,66.0,3.6876355748373113,,,,,13.3,93.0,,,,,,,,61.6453,3.118549371874013,,,1522.0,0.46204620462046986,1516.0,4.76848652384243,299000.0,2023000.0,290500.0,5000.0,8000.0,284000.0,2011000.0,,,,,,0.22,9.06,8.35,15.42,,,263.0,339.0,124.0,242.0,257.3333333333333,261.5,341.0
1988-12-01,3.1391479317416815,265.0,37.0,11.0,6.800000000001091,76.0,5.3,-0.10000000000000053,,66.2,3.3441208198489836,,,,,9.9,91.9,,,,,,,,61.7944,2.8661985664013345,,,1569.0,-5.253623188405799,1508.0,3.5003431708991117,304000.0,2092000.0,292000.0,5000.0,69000.0,293000.0,2054000.0,,,,,,0.0,9.14,8.76,17.12,,,341.0,263.0,339.0,314.3333333333333,275.8333333333333,270.4166666666667,281.0
1989-01-01,3.1226787316348537,291.0,22.0,4.0,13.899999999999636,-10.0,5.3,0.0,,66.1,3.4482758620689724,,,,,8.4,97.9,,,,,,,,62.0743,2.755857936251749,,,1563.0,11.642857142857132,1501.0,11.598513011152424,295000.0,2071000.0,289750.0,-9000.0,-21000.0,283000.0,2069000.0,,,,,,-0.11,9.01,9.12,17.0,,,281.0,341.0,263.0,295.0,262.0,269.75,263.0
1989-02-01,3.2847242971287605,225.0,32.0,12.0,36.69999999999891,38.0,5.4,0.10000000000000053,,66.5,3.8751345532831216,,,,,8.6,95.4,,,,,,,,62.2574,3.0792614276063945,,,1621.0,27.53737214791503,1466.0,17.84565916398715,300000.0,2167000.0,303750.0,5000.0,96000.0,305000.0,2111000.0,,,,,,-0.23,9.32,9.36,18.21,,,263.0,281.0,341.0,295.0,268.5,284.0,266.0
1989-03-01,3.0830790488801885,228.0,-2.0,-11.0,41.5,38.0,5.2,-0.20000000000000018,,66.3,4.1980624327233595,,,,,9.1,94.3,,,,,,,,61.9819,2.111356945517584,,,1425.0,-3.258655804480648,1383.0,-3.8247566063977723,319000.0,2145000.0,322000.0,19000.0,-22000.0,319000.0,2108000.0,,,,,,-0.43,9.3,9.85,20.27,,,266.0,263.0,281.0,270.0,292.1666666666667,267.75,194.0
1989-04-01,2.997444707098351,184.0,5.0,-18.0,76.90000000000146,10.0,5.0,-0.20000000000000018,,66.3,4.189044038668088,,,,,6.0,91.5,,,,,,,,62.1369,2.1147048238211674,,,1422.0,-7.180156657963444,1214.0,-20.39344262295082,311000.0,2064000.0,309000.0,-8000.0,-81000.0,307000.0,2092000.0,,,,,,-0.2,9.02,9.84,20.38,,,194.0,266.0,263.0,241.0,268.0,261.0,170.0
1989-05-01,2.920788297750443,152.0,-5.0,35.0,13.299999999999272,18.0,5.2,0.20000000000000018,,66.4,4.166666666666674,,,,,-2.4,90.7,,,,,,,,62.1276,1.510544400528735,,,1339.0,-14.876033057851235,1376.0,-3.7088873337998596,325000.0,2056000.0,324500.0,14000.0,-8000.0,332000.0,2144000.0,,,,,,-0.22,8.6,9.81,19.93,,,170.0,194.0,266.0,210.0,252.5,254.91666666666666,122.0
1989-06-01,2.811493683428279,86.0,-15.0,4.0,36.100000000000364,36.0,5.2,0.0,,66.3,3.506907545164717,,,,,-2.3,90.6,,,,,,,,61.7744,1.1373664245240223,,,1331.0,-6.333567909922588,1381.0,-4.3628808864265896,338000.0,2151000.0,333000.0,13000.0,95000.0,337000.0,2113000.0,,,,,,0.02,8.1,9.53,20.29,,,122.0,170.0,194.0,162.0,216.0,245.91666666666666,114.0
1989-07-01,2.5644190418320223,78.0,-27.0,-1.0,26.0,36.0,5.3,0.09999999999999964,,66.5,3.825717321997879,,,,,3.8,92.0,,,,,,,,61.7697,0.8371301845179868,,,1397.0,-5.480378890392423,1322.0,-10.976430976430972,337000.0,2181000.0,339750.0,-1000.0,30000.0,349000.0,2217000.0,,,,,,0.29,7.82,9.24,18.33,,,114.0,122.0,170.0,135.33333333333334,188.16666666666666,225.08333333333334,42.0
1989-08-01,2.3865466603505414,49.0,-33.0,19.0,4.600000000000364,-7.0,5.2,-0.09999999999999964,,66.5,4.0211640211640365,,,,,1.9,89.6,,,,,,,,61.1738,-0.150328322933313,,,1427.0,-2.726653033401505,1283.0,-10.8408617095205,332000.0,2184000.0,334500.0,-5000.0,3000.0,341000.0,2214000.0,,,,,,-0.16,8.26,8.99,18.83,,,42.0,114.0,122.0,92.66666666666667,151.33333333333334,209.91666666666666,51.0
1989-09-01,2.314665859151721,-33.0,-16.0,13.0,26.899999999999636,84.0,5.2,0.0,,66.5,3.9112050739957605,,,,,-6.3,95.8,,,,,,,,61.7732,0.32497957712054326,,,1332.0,-10.783657066309448,1334.0,-8.630136986301373,347000.0,2220000.0,337750.0,15000.0,36000.0,334000.0,2169000.0,,,,,,-0.15,8.31,9.02,20.15,,,51.0,42.0,114.0,69.0,115.5,203.83333333333334,249.0
1989-10-01,2.2223689547508307,211.0,-42.0,-7.0,-13.600000000000364,38.0,5.3,0.09999999999999964,,66.4,3.785488958990535,,,,,-10.6,93.9,,,,,,,,61.5796,0.3240432253134973,,,1279.0,-14.276139410187671,1314.0,-8.495821727019504,354000.0,2257000.0,363250.0,7000.0,37000.0,345000.0,2293000.0,,,,,,0.07,7.92,8.84,19.88,,,249.0,51.0,42.0,114.0,124.66666666666667,196.33333333333334,107.0
1989-11-01,2.0700816741314965,101.0,-27.0,24.0,-33.20000000000073,6.0,5.3,0.0,,66.5,3.765690376569042,,,,,-0.6,90.9,,,,,,,,61.4966,-0.24121871415987428,,,1410.0,-7.3587385019710965,1365.0,-9.96042216358839,342000.0,2300000.0,336750.0,-12000.0,43000.0,336000.0,2289000.0,,,,,,0.09,7.84,8.55,19.87,,,107.0,249.0,51.0,135.66666666666666,114.16666666666667,183.33333333333334,276.0
1989-12-01,2.0024949116932644,252.0,-9.0,17.0,-1.5,24.0,5.4,0.10000000000000053,,66.6,3.653444676409179,,,,,-5.0,90.5,,,,,,,,61.7044,-0.14564426549978915,,,1351.0,-13.894200127469725,1344.0,-10.875331564986734,358000.0,2302000.0,358000.0,16000.0,2000.0,355000.0,2295000.0,,,,,,0.06,7.93,8.45,21.84,,,276.0,107.0,249.0,210.66666666666666,139.83333333333334,177.91666666666666,84.0
1990-01-01,1.8129431794795092,66.0,-5.0,-55.0,-71.09999999999854,18.0,5.4,0.0,,66.5,3.9583333333333526,,,,,-8.9,93.0,,,,,,,,62.0428,-0.05074563869427173,,,1251.0,-19.961612284069098,1422.0,-5.263157894736848,345000.0,2316000.0,361000.0,-13000.0,14000.0,369000.0,2349000.0,,,,,,0.15,8.43,8.23,22.69,25.36,,84.0,276.0,107.0,155.66666666666666,134.83333333333334,161.5,360.0
1990-02-01,1.8990117673407303,284.0,-84.0,113.0,181.0,76.0,5.4,0.0,,66.8,3.83419689119171,,,,,0.3,89.5,,,,,,,,61.729,-0.848734447631927,,,1551.0,-4.318322023442322,1748.0,19.236016371077767,350000.0,2347000.0,358250.0,5000.0,31000.0,348000.0,2382000.0,,,,,,0.08,8.51,8.24,21.55,21.99,,360.0,84.0,276.0,240.0,187.83333333333334,169.58333333333334,240.0
1990-03-01,1.8701071425246907,214.0,96.0,-6.0,-25.100000000000364,26.0,5.3,-0.10000000000000053,,66.7,4.028925619834722,,,,,-16.1,91.3,,,,,,,,62.2896,0.49643524964546604,,,1437.0,0.8421052631578885,1329.0,-3.90455531453362,346000.0,2365000.0,343750.0,-4000.0,18000.0,349000.0,2384000.0,,,,,,0.01,8.65,8.28,20.34,19.73,,240.0,360.0,84.0,228.0,219.33333333333334,167.41666666666666,204.0
1990-04-01,1.8760279127679524,87.0,-25.0,-24.0,-1.5,117.0,5.2,-0.09999999999999964,,66.7,4.226804123711347,,,,,-10.0,93.9,,,,,,,,62.5999,0.7451289008624462,,,1289.0,-9.353023909985936,1246.0,2.635914332784184,363000.0,2403000.0,361750.0,17000.0,38000.0,357000.0,2410000.0,,,,,,0.08,9.04,8.26,18.5,19.52,,204.0,240.0,360.0,268.0,211.83333333333334,168.25,34.0
1990-05-01,1.7468990917609117,-49.0,-23.0,-37.0,1.0,83.0,5.4,0.20000000000000018,,66.6,3.7948717948717903,,,,,-14.3,90.6,,,,,,,,62.4359,0.4962367772133325,,,1248.0,-6.796116504854366,1136.0,-17.441860465116278,359000.0,2431000.0,355250.0,-4000.0,28000.0,355000.0,2374000.0,,,,,,0.1,8.6,8.18,17.47,17.37,,34.0,204.0,240.0,159.33333333333334,199.66666666666666,156.91666666666666,154.0
1990-06-01,1.7745776690482051,-68.0,-49.0,-34.0,-12.700000000000728,222.0,5.4,0.0,,66.6,4.312114989733051,,,,,-15.0,88.3,,,,,,,,62.6258,1.3782408246781896,,,1212.0,-8.94064613072878,1067.0,-22.737146994931212,364000.0,2442000.0,361000.0,5000.0,11000.0,359000.0,2402000.0,,,,,,0.19,8.43,8.29,17.05,15.5,,154.0,34.0,204.0,130.66666666666666,179.33333333333334,159.58333333333334,22.0
1990-07-01,1.687541077693533,65.0,-21.0,-18.0,-12.5,-43.0,5.2,-0.20000000000000018,,66.4,4.401228249744116,,,,,-15.5,88.2,,,,,,,,62.8382,1.7298125132548803,,,1177.0,-15.748031496062998,1108.0,-16.187594553706507,369000.0,2461000.0,367000.0,5000.0,19000.0,367000.0,2498000.0,,,,,,0.45,8.36,8.15,20.57,21.11,,22.0,154.0,34.0,70.0,169.0,151.91666666666666,-35.0
1990-08-01,1.615634455764381,-39.0,-72.0,-29.0,-10.0,4.0,5.5,0.2999999999999998,,66.5,3.967446592065116,,,,,-19.0,76.4,,,,,,,,62.7284,2.5412840137444492,,,1171.0,-17.93973370707779,1078.0,-15.97817614964926,394000.0,2540000.0,384250.0,25000.0,79000.0,393000.0,2537000.0,,,,,,0.79,8.86,8.13,27.45,29.9,,-35.0,22.0,154.0,47.0,103.16666666666667,145.5,-208.0
1990-09-01,1.3753237143914188,-105.0,-53.0,-40.0,-37.29999999999927,-103.0,5.7,0.20000000000000018,,66.5,4.170905391658186,,,,,-22.4,72.8,,,,,,,,62.9475,1.9009861881851498,,,1115.0,-16.291291291291287,1069.0,-19.86506746626686,404000.0,2644000.0,394500.0,10000.0,104000.0,395000.0,2591000.0,,,,,,0.8,8.82,8.2,39.53,29.11,,-208.0,-35.0,22.0,-73.66666666666667,28.5,123.91666666666667,-85.0
1990-10-01,1.0639574047928813,-65.0,-41.0,-37.0,-8.0,-20.0,5.9,0.20000000000000018,,66.4,4.052684903748727,,,,,-21.3,63.9,,,,,,,,62.9523,2.229147315019908,,,1110.0,-13.213448006254891,976.0,-25.722983257229835,440000.0,2787000.0,425250.0,36000.0,143000.0,422000.0,2753000.0,,,,,,0.88,8.65,8.11,35.31,30.04,,-85.0,-208.0,-35.0,-109.33333333333333,-19.666666666666668,96.08333333333333,-145.0
1990-11-01,0.8305984733950389,-151.0,-32.0,-63.0,-6.800000000001091,6.0,5.9,0.0,,66.4,3.8306451612903247,,,,,-26.3,66.0,,,,,,,,62.5845,1.7690408900654653,,,1014.0,-28.08510638297872,925.0,-32.234432234432234,462000.0,2955000.0,446750.0,22000.0,168000.0,447000.0,2996000.0,,,,,,0.73,8.26,7.81,29.08,22.16,,-145.0,-85.0,-208.0,-146.0,-49.5,75.08333333333333,-155.0
1990-12-01,0.4321759599823505,-162.0,-149.0,-39.0,-11.899999999999636,7.0,6.2,0.2999999999999998,,66.4,3.92749244712991,,,,,-21.9,65.5,,,,,,,,61.7887,0.1366191065791167,,,1145.0,-15.247964470762398,941.0,-29.985119047619047,454000.0,2938000.0,456000.0,-8000.0,-17000.0,447000.0,2984000.0,,,,,,0.93,8.08,7.31,28.48,26.38,,-155.0,-145.0,-85.0,-128.33333333333334,-101.0,39.166666666666664,-54.0
1991-01-01,0.3050461244441083,-72.0,-33.0,-48.0,-33.100000000000364,18.0,6.3,0.09999999999999964,,66.4,3.607214428857719,,,,,-20.7,66.8,,,,,,,,61.3352,-1.1405030076012013,,,969.0,-22.54196642685852,861.0,-39.45147679324894,462000.0,3162000.0,439750.0,8000.0,224000.0,437000.0,3111000.0,,,,,,0.98,8.03,6.91,21.9,20.91,,-54.0,-155.0,-145.0,-118.0,-113.66666666666667,27.666666666666668,-110.0
1991-02-01,-0.12637825561375715,-116.0,-65.0,-75.0,-26.399999999999636,6.0,6.4,0.10000000000000053,,66.2,3.4930139720558806,,,,,-21.4,70.4,,,,,,,,61.1355,-0.961460577686335,,,798.0,-48.54932301740812,786.0,-55.03432494279177,499000.0,3304000.0,484000.0,37000.0,142000.0,474000.0,3293000.0,,,,,,0.98,8.02,6.25,19.28,21.23,,-110.0,-54.0,-155.0,-106.33333333333333,-126.16666666666667,-11.5,-323.0
1991-03-01,-0.6405570379034331,-331.0,-117.0,-43.0,-73.39999999999964,8.0,6.6,0.1999999999999993,,66.2,3.1777557100297837,,,,,-19.4,87.7,,,,,,,,60.6838,-2.577958439290029,,,965.0,-32.84620737647877,853.0,-35.816403310759966,499000.0,3502000.0,501250.0,0.0,198000.0,498000.0,3448000.0,,,,,,1.03,8.05,6.12,19.63,16.88,,-323.0,-110.0,-54.0,-162.33333333333334,-145.33333333333334,-58.416666666666664,-167.0
1991-04-01,-0.9777453484129839,-173.0,-73.0,-48.0,-31.899999999999636,6.0,6.8,0.20000000000000018,,66.3,2.9673590504451175,,,,,-24.6,81.8,,,,,,,,60.3346,-3.61869587651098,,,921.0,-28.549262994569435,911.0,-26.88603531300161,462000.0,3474000.0,467250.0,-37000.0,-28000.0,477000.0,3464000.0,,,,,,1.22,8.02,5.91,20.99,18.24,,-167.0,-323.0,-110.0,-200.0,-159.0,-89.33333333333333,-218.0
1991-05-01,-1.2072141072633435,-215.0,-47.0,-39.0,-68.5,-3.0,6.7,-0.09999999999999964,,66.4,3.359683794466428,,,,,-10.9,78.3,,,,,,,,60.4938,-3.1105501802648705,,,1001.0,-19.791666666666664,916.0,-19.36619718309859,443000.0,3472000.0,447000.0,-19000.0,-2000.0,448000.0,3459000.0,,,,,,1.38,8.06,5.78,21.16,15.93,,-218.0,-167.0,-323.0,-236.0,-171.16666666666666,-110.33333333333333,-97.0
1991-06-01,-1.4340605310121268,-110.0,-22.0,-42.0,-9.600000000000364,13.0,6.9,0.20000000000000018,,66.2,3.34645669291338,,,,,-8.6,82.1,,,,,,,,61.0633,-2.494978108064083,,,996.0,-17.821782178217827,991.0,-7.122774133083409,418000.0,3356000.0,427750.0,-25000.0,-116000.0,429000.0,3428000.0,,,,,,1.34,8.24,5.9,20.56,19.55,,-97.0,-218.0,-167.0,-160.66666666666666,-161.5,-131.25,77.0
1991-07-01,-1.3837050523441086,14.0,-26.0,-18.0,-5.5,63.0,6.9,0.0,,66.2,3.039215686274521,,,,,-12.8,82.9,,,,,,,,61.5581,-2.037136646180182,,,1036.0,-11.979609175870854,964.0,-12.996389891696747,423000.0,3306000.0,418250.0,5000.0,-50000.0,420000.0,3255000.0,,,,,,1.39,8.2,5.82,21.7,15.18,,77.0,-97.0,-218.0,-79.33333333333333,-139.66666666666666,-126.66666666666667,-40.0
1991-08-01,-1.3886991758867206,-77.0,-30.0,-30.0,-10.799999999999272,37.0,6.8,-0.10000000000000053,,66.1,3.131115459882561,,,,,-8.1,82.0,,,,,,,,61.7305,-1.5908264836979713,,,1063.0,-9.222886421861654,973.0,-9.740259740259738,425000.0,3279000.0,430000.0,2000.0,-27000.0,433000.0,3282000.0,,,,,,1.46,7.82,5.66,22.28,14.46,,-40.0,77.0,-97.0,-20.0,-128.0,-127.08333333333333,10.0
1991-09-01,-1.1924420885527365,41.0,11.0,-19.0,-4.700000000000728,-31.0,6.9,0.10000000000000053,,66.0,3.125,,,,,0.4,83.0,,,,,,,,61.7298,-1.934469200524247,,,1049.0,-5.919282511210766,944.0,-11.693171188026197,437000.0,3290000.0,424500.0,12000.0,11000.0,418000.0,3275000.0,,,,,,1.48,7.47,5.45,22.25,15.85,,10.0,-40.0,77.0,15.666666666666666,-72.5,-108.91666666666667,35.0
1991-10-01,-1.0838005149650276,59.0,-16.0,-5.0,-11.700000000000728,-24.0,6.9,0.0,,66.2,3.018500486854925,,,,,-12.5,78.3,,,,,,,,62.2195,-1.1640559598299127,,,1015.0,-8.558558558558559,974.0,-0.2049180327868827,423000.0,3299000.0,422750.0,-14000.0,9000.0,425000.0,3237000.0,,,,,,1.77,7.47,5.21,23.29,15.48,,35.0,10.0,-40.0,1.6666666666666667,-38.833333333333336,-98.91666666666667,26.0
1991-11-01,-0.9288973001636558,-24.0,-11.0,-30.0,-14.599999999998545,50.0,7.0,0.09999999999999964,,66.1,2.8155339805825186,,,,,-9.5,69.1,,,,,,,,62.1855,-0.6375380485583504,,,1079.0,6.41025641025641,991.0,7.135135135135129,444000.0,3348000.0,445000.0,21000.0,49000.0,439000.0,3315000.0,,,,,,2.0,7.38,4.81,21.48,20.26,,26.0,35.0,10.0,23.666666666666668,1.8333333333333333,-84.66666666666667,-61.0
1991-12-01,-0.8441522770137877,-95.0,-38.0,-58.0,-14.600000000000364,34.0,7.0,0.0,,66.1,2.8100775193798277,,,,,-21.1,68.2,,,,,,,,62.0871,0.4829362003084814,,,1103.0,-3.6681222707423577,984.0,4.56960680127525,441000.0,3340000.0,456750.0,-3000.0,-8000.0,475000.0,3405000.0,,,,,,1.94,6.71,4.43,19.15,19.31,,-61.0,26.0,35.0,0.0,7.833333333333333,-76.83333333333333,30.0
1992-01-01,-0.7676242122233612,16.0,-44.0,7.0,1.6999999999989086,14.0,7.3,0.2999999999999998,,66.0,2.9013539651837617,,,,,-7.0,67.5,,,,,,,,61.7852,0.7336733229858172,,,1079.0,11.351909184726527,1061.0,23.228803716608603,441000.0,3364000.0,439000.0,0.0,24000.0,443000.0,3297000.0,,,,,,2.2,7.31,4.03,18.93,17.4,,30.0,-61.0,26.0,-1.6666666666666667,0.0,-69.83333333333333,35.0
1992-02-01,-0.6354416915769545,-12.0,-78.0,20.0,-10.799999999999272,47.0,7.3,0.0,,66.3,2.6036644165863265,,,,,-19.2,68.8,,,,,,,,61.4616,0.5334053046102349,142419.0,,1176.0,47.36842105263157,1077.0,37.02290076335877,444000.0,3280000.0,442750.0,3000.0,-84000.0,446000.0,3260000.0,,,,,,2.0,7.27,4.06,18.69,16.68,,35.0,30.0,-61.0,1.3333333333333333,12.5,-57.75,-53.0
1992-03-01,-0.3890191750586247,-54.0,-11.0,-55.0,7.100000000000364,1.0,7.4,0.10000000000000053,,66.2,2.5986525505293567,,,,,-6.4,76.0,,,,,,,,61.8955,1.996743776757559,142584.0,,1250.0,29.53367875647668,1146.0,34.349355216881605,420000.0,3336000.0,429500.0,-24000.0,56000.0,437000.0,3280000.0,,,,,,1.94,7.54,3.98,19.49,16.18,,-53.0,35.0,30.0,4.0,2.0,-35.25,55.0
1992-04-01,-0.18513742539237876,29.0,-23.0,9.0,-2.3000000000010914,26.0,7.4,0.0,,66.4,2.5936599423631135,,,,,-6.0,77.2,,,,,,,,62.4232,3.4616952793256273,142120.0,,1297.0,40.82519001085776,1082.0,18.77058177826565,424000.0,3365000.0,418250.0,4000.0,29000.0,424000.0,3339000.0,,,,,,2.15,7.61,3.73,20.88,15.53,,55.0,-53.0,35.0,12.333333333333334,5.333333333333333,-16.75,149.0
1992-05-01,0.1532071988924688,125.0,25.0,-18.0,16.80000000000109,24.0,7.4,0.0,,66.5,2.48565965583174,,,,,-4.6,79.2,,,,,,,,62.897,3.972638518327498,143659.0,,1099.0,9.790209790209792,1054.0,15.065502183406121,411000.0,3392000.0,414000.0,-13000.0,27000.0,414000.0,3296000.0,,,,,,2.14,7.33,3.82,22.13,13.86,,149.0,55.0,-53.0,50.333333333333336,25.833333333333332,13.833333333333334,130.0
1992-06-01,0.3630384377338203,116.0,5.0,2.0,2.1999999999989086,14.0,7.6,0.1999999999999993,,66.6,2.285714285714291,,,,,8.3,80.4,,,,,,,,63.104,3.341941886534139,144239.0,,1214.0,21.88755020080322,1056.0,6.559031281533811,420000.0,3340000.0,418750.0,9000.0,-52000.0,420000.0,3270000.0,,,,,,2.31,7.14,3.76,21.84,13.35,,130.0,149.0,55.0,111.33333333333333,57.666666666666664,32.75,60.0
1992-07-01,0.3470876026954617,51.0,-9.0,-21.0,6.800000000001091,9.0,7.8,0.20000000000000018,,66.7,2.473834443387246,,,,,3.3,76.6,,,,,,,,63.1363,2.563756841098086,145273.0,,1145.0,10.521235521235518,1057.0,9.647302904564325,564000.0,3318000.0,442750.0,144000.0,-22000.0,392000.0,3238000.0,,,,,,2.3,6.72,3.25,21.83,13.17,,60.0,130.0,149.0,113.0,62.666666666666664,31.333333333333332,87.0
1992-08-01,0.46449348970356574,32.0,-6.0,-14.0,-18.700000000000728,55.0,7.7,-0.09999999999999964,,66.7,2.2770398481973375,,,,,-0.5,76.1,,,,,,,,63.7176,3.218992232364881,146743.0,,1139.0,7.149576669802449,1089.0,11.921891058581702,408000.0,3175000.0,403250.0,-156000.0,-143000.0,401000.0,3210000.0,,,,,,2.47,6.62,3.3,21.46,13.58,,87.0,60.0,130.0,92.33333333333333,71.33333333333333,41.916666666666664,123.0
1992-09-01,0.568790397045249,57.0,-38.0,11.0,-13.600000000000364,66.0,7.6,-0.10000000000000053,,66.6,2.367424242424243,,,,,-0.5,75.6,,,,,,,,63.3613,2.6429698460063156,146070.0,,1226.0,16.873212583412766,1075.0,13.8771186440678,409000.0,3194000.0,417000.0,1000.0,19000.0,416000.0,3261000.0,,,,,,2.57,6.37,3.22,21.83,14.28,,123.0,87.0,60.0,90.0,100.66666666666667,51.333333333333336,35.0
1992-10-01,0.5686066368209675,89.0,-22.0,3.0,-1.7999999999992724,-54.0,7.6,0.0,,66.5,2.3629489603024467,,,,,-10.1,73.3,,,,,,,,63.5703,2.1710235537090616,147932.0,,1186.0,16.847290640394096,1114.0,14.373716632443534,365000.0,2973000.0,372750.0,-44000.0,-221000.0,385000.0,3083000.0,,,,,,2.4,6.8,3.1,20.68,16.15,,35.0,123.0,87.0,81.66666666666667,97.33333333333333,51.333333333333336,188.0
1992-11-01,0.7179704875370341,189.0,-9.0,16.0,17.899999999999636,-1.0,7.3,-0.2999999999999998,,66.2,2.455146364494798,,,,,-8.5,85.3,,,,,,,,63.9995,2.917078740220802,149346.0,,1244.0,15.291936978683962,1132.0,14.228052472250251,341000.0,2911000.0,362250.0,-24000.0,-62000.0,377000.0,2962000.0,,,,,,2.16,6.95,3.09,19.91,13.01,,188.0,35.0,123.0,115.33333333333333,103.83333333333333,64.83333333333333,144.0
1992-12-01,0.9076638965835659,131.0,7.0,6.0,6.600000000000364,13.0,7.4,0.10000000000000053,,66.3,2.3562676720075393,,,,,0.2,91.0,,,,,,,,64.2422,3.4710914183461616,149131.0,,1214.0,10.063463281958285,1118.0,13.617886178861793,313000.0,2800000.0,339000.0,-28000.0,-111000.0,359000.0,2807000.0,,,,,,2.14,6.7,2.92,19.49,12.57,,144.0,188.0,35.0,122.33333333333333,106.16666666666667,81.91666666666667,219.0
1993-01-01,1.0818794424443778,182.0,12.0,24.0,8.299999999999272,37.0,7.4,0.0,,66.3,2.443609022556381,,,,,1.0,89.3,,,,,,,,64.3507,4.152288897664813,150578.0,,1227.0,13.716404077849864,1176.0,10.838831291234685,340000.0,2663000.0,346750.0,27000.0,-137000.0,352000.0,2749000.0,,,,,,2.19,6.39,3.02,20.27,12.42,,219.0,144.0,188.0,183.66666666666666,132.66666666666666,97.66666666666667,288.0
1993-02-01,1.3150002307017905,265.0,20.0,34.0,39.80000000000109,23.0,7.3,-0.10000000000000053,,66.2,2.725563909774431,,,,,4.5,86.6,,,,,,,,64.5978,5.1026982701394274,152329.0,6.958341232560272,1210.0,2.8911564625850428,1177.0,9.28505106778088,362000.0,2645000.0,338250.0,22000.0,-18000.0,321000.0,2628000.0,,,,,,2.11,6.03,3.03,20.53,13.16,,288.0,219.0,144.0,217.0,166.16666666666666,118.75,257.0
1993-03-01,1.601853903537931,256.0,14.0,50.0,50.29999999999927,1.0,7.1,-0.20000000000000018,,66.2,2.72045028142589,,,,,-6.8,85.9,,,,,,,,64.9089,4.8685284067500945,151742.0,6.422880547607024,1210.0,-3.200000000000003,1148.0,0.17452006980802626,366000.0,2725000.0,351000.0,4000.0,80000.0,346000.0,2618000.0,,,,,,2.07,6.03,3.07,20.44,12.53,,257.0,288.0,219.0,254.66666666666666,188.5,144.58333333333334,-43.0
1993-04-01,1.5106074727546215,-48.0,-9.0,-38.0,-12.5,5.0,7.0,-0.09999999999999964,,66.2,2.9026217228464546,,,,,-2.3,85.6,,,,,,,,64.8522,3.8911814838072933,150525.0,5.914016324233051,1083.0,-16.499614494988435,1056.0,-2.402957486136781,350000.0,2792000.0,354750.0,-16000.0,67000.0,351000.0,2800000.0,,,,,,2.22,6.05,2.96,20.54,12.42,,-43.0,257.0,288.0,167.33333333333334,175.5,136.41666666666666,296.0
1993-05-01,1.643997198569802,265.0,-23.0,14.0,20.0,31.0,7.1,0.09999999999999964,,66.1,2.518656716417911,,,,,2.4,80.3,,,,,,,,65.0301,3.3914177146763924,154720.0,7.699482803026614,1258.0,14.46769790718836,1104.0,4.743833017077792,349000.0,2737000.0,343750.0,-1000.0,-55000.0,345000.0,2772000.0,,,,,,1.92,6.16,3.0,20.04,13.47,,296.0,-43.0,257.0,170.0,193.5,148.66666666666666,271.0
1993-06-01,1.7718093625167963,258.0,-6.0,63.0,22.0,13.0,7.1,0.0,,66.4,2.5139664804469275,,,,,-8.9,81.5,,,,,,,,64.784,2.6622718052738525,155537.0,7.832833006329776,1260.0,3.789126853377267,1112.0,5.303030303030298,340000.0,2747000.0,342750.0,-9000.0,10000.0,343000.0,2836000.0,,,,,,1.77,5.8,3.04,18.82,11.26,,271.0,296.0,-43.0,174.66666666666666,214.66666666666666,160.41666666666666,171.0
1993-07-01,1.8729416959505363,153.0,-24.0,7.0,31.899999999999636,18.0,7.0,-0.09999999999999964,,66.5,2.41411327762302,,,,,-13.1,77.0,,,,,,,,64.9301,2.8411547715022856,155353.0,6.9386603154061754,1280.0,11.79039301310043,1130.0,6.906338694418168,356000.0,2843000.0,355000.0,16000.0,96000.0,335000.0,2766000.0,,,,,,1.7,5.83,3.06,17.94,11.73,,171.0,271.0,296.0,246.0,206.66666666666666,169.66666666666666,312.0
1993-08-01,2.0782587114979822,221.0,-2.0,23.0,34.100000000000364,91.0,6.9,-0.09999999999999964,,66.4,2.504638218923949,,,,,-14.0,77.3,,,,,,,,65.1052,2.1777342523886745,158267.0,7.853185501182347,1254.0,10.096575943810372,1174.0,7.805325987144163,337000.0,2788000.0,341000.0,-19000.0,-55000.0,339000.0,2791000.0,,,,,,1.57,5.45,3.03,18.24,11.85,,312.0,171.0,271.0,251.33333333333334,210.66666666666666,188.41666666666666,146.0
1993-09-01,2.097028903007825,178.0,0.0,23.0,23.5,-32.0,6.8,-0.10000000000000053,,66.4,2.4051803885291267,,,,,-7.7,77.9,,,,,,,,65.0267,2.628418293185275,157425.0,7.773670158143364,1300.0,6.035889070146827,1230.0,14.41860465116278,343000.0,2836000.0,339000.0,6000.0,48000.0,346000.0,2856000.0,,,,,,1.51,5.4,3.09,18.72,12.99,,146.0,312.0,171.0,209.66666666666666,192.16666666666666,190.33333333333334,248.0
1993-10-01,2.291855971950696,235.0,30.0,17.0,31.899999999999636,13.0,6.7,-0.09999999999999964,,66.2,2.4007386888273308,,,,,6.0,82.7,,,,,,,,65.3717,2.833713227717971,158535.0,7.167482356758503,1343.0,13.237774030354132,1251.0,12.298025134649905,348000.0,2801000.0,354000.0,5000.0,-35000.0,359000.0,2833000.0,,,,,,1.44,5.43,2.99,16.97,11.46,,248.0,146.0,312.0,235.33333333333334,240.66666666666666,208.08333333333334,286.0
1993-11-01,2.3777018297767016,285.0,8.0,45.0,32.20000000000073,1.0,6.8,0.09999999999999964,,66.3,2.580645161290329,,,,,-4.9,81.2,,,,,,,,65.8509,2.892835100274227,159773.0,6.98177386739518,1392.0,11.897106109324751,1287.0,13.692579505300362,337000.0,2784000.0,341000.0,-11000.0,-17000.0,341000.0,2785000.0,,,,,,1.61,5.83,3.02,15.36,13.76,,286.0,248.0,146.0,226.66666666666666,239.0,216.25,253.0
1993-12-01,2.4743098194595747,227.0,22.0,19.0,11.799999999999272,26.0,6.6,-0.20000000000000018,,66.3,2.6703499079189674,,,,,4.1,88.2,,,,,,,,66.1518,2.972500941748568,162004.0,8.632008100260835,1376.0,13.344316309719929,1357.0,21.377459749552763,290000.0,2720000.0,323000.0,-47000.0,-64000.0,331000.0,2780000.0,,,,,,1.58,5.83,2.96,14.19,11.66,,253.0,286.0,248.0,262.3333333333333,236.0,225.33333333333334,338.0
1994-01-01,2.5780351043816596,297.0,15.0,38.0,47.0,41.0,6.5,-0.09999999999999964,,66.4,2.5688073394495303,,,,,6.8,94.3,,,,,,,,66.5436,3.407732938414032,163258.0,8.420884857017619,1533.0,24.938875305623466,1461.0,24.234693877551017,406000.0,2762000.0,363750.0,116000.0,42000.0,355000.0,2634000.0,,,,,,1.58,5.7,3.05,15.24,10.63,,338.0,253.0,286.0,292.3333333333333,263.8333333333333,235.25,276.0
1994-02-01,2.5603424719919943,238.0,40.0,15.0,5.0,38.0,6.6,0.09999999999999964,11.7,66.6,2.4702653247941297,,,,,5.1,93.2,,,,,,,,66.7351,3.3086266095749384,162369.0,6.590997118079955,1272.0,5.123966942148761,1390.0,18.096856414613427,327000.0,2797000.0,348500.0,-79000.0,35000.0,354000.0,2861000.0,,,,,,1.48,6.15,3.25,14.5,14.87,,276.0,338.0,253.0,289.0,257.8333333333333,234.25,181.0
1994-03-01,2.485301734713352,178.0,7.0,-17.0,70.40000000000146,3.0,6.6,0.0,11.4,66.6,2.7397260273972712,,,,,4.1,91.5,,,,,,,,66.774,2.8734118125557373,165075.0,8.786624665550736,1337.0,10.495867768595035,1269.0,10.540069686411147,322000.0,2710000.0,335750.0,-5000.0,-87000.0,341000.0,2783000.0,,,,,,1.56,6.77,3.34,14.78,20.45,,181.0,276.0,338.0,265.0,263.6666666666667,227.91666666666666,463.0
1994-04-01,2.9462564997636553,423.0,35.0,67.0,67.5,40.0,6.5,-0.09999999999999964,11.5,66.5,2.3657870791628843,,,,,9.6,92.6,,,,,,,,67.4552,4.013742016462052,168330.0,11.828599900348769,1564.0,44.41366574330563,1342.0,27.083333333333325,344000.0,2769000.0,344500.0,22000.0,59000.0,354000.0,2716000.0,,,,,,1.33,7.06,3.56,16.92,13.77,,463.0,181.0,276.0,306.6666666666667,299.5,270.0833333333333,344.0
1994-05-01,2.9818676337262096,311.0,36.0,57.0,43.0,33.0,6.4,-0.09999999999999964,11.3,66.5,2.547770700636942,,,,,4.5,92.8,,,,,,,,67.8541,4.342604424720231,168262.0,8.752585315408478,1465.0,16.454689984101755,1392.0,26.086956521739136,348000.0,2727000.0,359000.0,4000.0,-42000.0,360000.0,2792000.0,,,,,,1.16,7.17,4.01,18.3,13.03,,344.0,463.0,181.0,329.3333333333333,309.1666666666667,274.0833333333333,333.0
1994-06-01,3.03063190167403,292.0,28.0,37.0,33.79999999999927,41.0,6.1,-0.3000000000000007,10.9,66.6,2.5431425976385036,,,,,3.0,91.2,,,,,,,,68.1663,5.220887873549018,167412.0,7.634839298687779,1526.0,21.111111111111104,1396.0,25.539568345323737,341000.0,2687000.0,340000.0,-7000.0,-40000.0,336000.0,2698000.0,,,,,,1.15,7.34,4.25,19.37,14.97,,333.0,344.0,463.0,380.0,322.5,279.25,317.0
1994-07-01,3.157790178974551,307.0,48.0,13.0,50.20000000000073,10.0,6.1,0.0,11.0,66.4,2.538531278331835,,,,,3.5,89.0,,,,,,,,68.6265,5.692891278467149,169337.0,9.001435440577277,1409.0,10.078125000000004,1357.0,20.08849557522123,332000.0,2626000.0,344250.0,-9000.0,-61000.0,359000.0,2680000.0,,,,,,1.13,7.12,4.26,20.3,11.13,,317.0,333.0,344.0,331.3333333333333,319.0,291.4166666666667,369.0
1994-08-01,3.200244925891904,342.0,16.0,28.0,59.69999999999891,27.0,6.1,0.0,10.8,66.4,2.624434389140262,,,,,3.4,91.7,,,,,,,,68.7178,5.548865528406344,169514.0,7.1063456058432894,1439.0,14.752791068580539,1335.0,13.713798977853497,341000.0,2648000.0,336250.0,9000.0,22000.0,335000.0,2639000.0,,,,,,1.02,7.19,4.47,17.6,11.97,,369.0,317.0,333.0,339.6666666666667,334.5,296.1666666666667,294.0
1994-09-01,3.3291366906474718,289.0,56.0,14.0,53.80000000000109,5.0,6.0,-0.09999999999999964,10.6,66.6,2.619692863595291,,,,,2.2,91.5,,,,,,,,69.1785,6.384761951629092,172332.0,9.469271081467356,1450.0,11.538461538461542,1377.0,11.951219512195133,325000.0,2601000.0,330250.0,-16000.0,-47000.0,326000.0,2638000.0,,,,,,1.0,7.62,4.73,18.36,14.28,,294.0,369.0,317.0,326.6666666666667,353.3333333333333,308.5,344.0
1994-10-01,3.407867346206306,313.0,33.0,36.0,61.0,31.0,5.9,-0.09999999999999964,10.4,66.6,2.705139765554554,,,,,10.7,92.7,,,,,,,,69.3961,6.156180732641192,174018.0,9.76629766297663,1474.0,9.75428145941921,1412.0,12.869704236610712,331000.0,2536000.0,334250.0,6000.0,-65000.0,335000.0,2620000.0,,,,,,0.97,7.81,4.76,18.16,14.56,,344.0,294.0,369.0,335.6666666666667,333.5,316.5,211.0
1994-11-01,3.332020692000648,204.0,30.0,2.0,39.599999999998545,7.0,5.8,-0.10000000000000053,10.4,66.7,2.605570530098822,,,,,11.4,91.6,,,,,,,,69.9544,6.231501771426062,175309.0,9.72379563505723,1450.0,4.166666666666674,1397.0,8.547008547008538,329000.0,2530000.0,328000.0,-2000.0,-6000.0,329000.0,2528000.0,,,,,,0.51,7.91,5.29,18.06,15.95,,211.0,344.0,294.0,283.0,311.3333333333333,310.25,410.0
1994-12-01,3.4646878655558266,387.0,42.0,33.0,74.0,23.0,5.6,-0.20000000000000018,10.1,66.7,2.690582959641241,,,,,2.9,95.1,,,,,,,,70.4326,6.4711768991924545,175761.0,8.491765635416403,1511.0,9.811046511627897,1340.0,-1.2527634487840777,319000.0,2499000.0,323000.0,-10000.0,-31000.0,330000.0,2557000.0,,,,,,0.15,7.84,5.45,17.77,13.2,,410.0,211.0,344.0,321.6666666666667,324.1666666666667,323.3333333333333,307.0
1995-01-01,3.426663699087462,286.0,32.0,16.0,33.30000000000109,21.0,5.5,-0.09999999999999964,10.1,66.7,2.683363148479434,,,,,1.8,97.6,,,,,,,,71.1523,6.925835091579047,176168.0,7.90772887086697,1455.0,-5.088062622309197,1396.0,-4.449007529089666,324000.0,2532000.0,333500.0,5000.0,33000.0,347000.0,2559000.0,,,,,,0.34,7.6,5.53,18.48,11.96,,307.0,410.0,211.0,309.3333333333333,322.5,320.75,331.0
1995-02-01,3.4671095283345554,322.0,44.0,8.0,40.5,9.0,5.6,0.09999999999999964,10.1,66.8,2.5000000000000133,,,,,10.5,95.1,,,,,,,,71.2734,6.800469318244806,177136.0,9.094716355954645,1407.0,10.61320754716981,1282.0,-7.7697841726618755,336000.0,2533000.0,337750.0,12000.0,1000.0,343000.0,2541000.0,,,,,,0.43,7.22,5.92,18.52,11.75,,331.0,307.0,410.0,349.3333333333333,316.1666666666667,325.3333333333333,189.0
1995-03-01,3.468638612544561,179.0,4.0,-42.0,28.799999999999272,10.0,5.4,-0.1999999999999993,9.9,66.8,2.488888888888874,,,,,0.0,90.3,,,,,,,,71.193,6.617845269116707,174560.0,5.745873087990305,1316.0,-1.5706806282722474,1254.0,-1.1820330969267157,332000.0,2530000.0,340250.0,-4000.0,-3000.0,343000.0,2513000.0,,,,,,0.4,7.2,5.98,19.18,13.37,,189.0,331.0,307.0,275.6666666666667,298.6666666666667,326.0,214.0
1995-04-01,3.234579893152012,194.0,-3.0,50.0,-24.899999999999636,20.0,5.4,0.0,9.9,66.7,2.666666666666684,,,,,-18.3,92.5,,,,,,,,71.3113,5.7165348260771465,176376.0,4.779896631616465,1249.0,-20.140664961636833,1226.0,-8.64381520119225,365000.0,2539000.0,354000.0,33000.0,9000.0,355000.0,2505000.0,,,,,,0.47,7.07,6.05,20.36,11.75,,214.0,189.0,331.0,244.66666666666666,277.0,305.25,158.0
1995-05-01,3.061035839738002,151.0,15.0,10.0,50.5,7.0,5.8,0.39999999999999947,10.1,66.9,2.5732031943212164,,,,,-15.7,89.8,,,,,,,,71.1882,4.913630863868201,176353.0,4.808572345508799,1267.0,-13.515358361774743,1259.0,-9.554597701149426,374000.0,2574000.0,370250.0,9000.0,35000.0,366000.0,2567000.0,,,,,,0.41,6.3,6.01,18.88,12.85,,158.0,214.0,189.0,187.0,268.1666666666667,289.75,-20.0
1995-06-01,2.742227137866249,-4.0,-20.0,-32.0,-0.3999999999996362,-16.0,5.6,-0.20000000000000018,10.1,66.5,2.657218777679371,,,,,-14.7,92.7,,,,,,,,71.5378,4.945992374531105,179020.0,6.933792081810153,1314.0,-13.892529488859761,1271.0,-8.954154727793695,358000.0,2602000.0,366250.0,-16000.0,28000.0,378000.0,2603000.0,,,,,,0.42,6.21,6.0,17.38,11.38,,-20.0,158.0,214.0,117.33333333333333,196.5,260.3333333333333,245.0
1995-07-01,2.671592013235413,218.0,-11.0,30.0,30.100000000000364,27.0,5.6,0.0,10.1,66.5,2.8293545534924913,,,,,-20.8,94.4,,,,,,,,71.7749,4.587732144288292,181382.0,7.113034953967534,1281.0,-9.08445706174592,1305.0,-3.831982313927784,351000.0,2585000.0,375500.0,-7000.0,-17000.0,389000.0,2677000.0,,,,,,0.57,6.45,5.85,17.62,13.49,,245.0,-20.0,158.0,127.66666666666667,186.16666666666666,254.33333333333334,91.0
1995-08-01,2.420424403183019,99.0,-29.0,12.0,6.699999999998909,-8.0,5.7,0.10000000000000053,10.1,66.6,2.910052910052907,,,,,-14.1,96.2,,,,,,,,71.4748,4.012060921624383,180019.0,6.197128260792617,1461.0,1.5288394718554477,1354.0,1.4232209737827795,359000.0,2610000.0,356250.0,8000.0,25000.0,353000.0,2612000.0,,,,,,0.43,6.28,5.74,17.89,11.52,,91.0,245.0,-20.0,105.33333333333333,146.16666666666666,231.16666666666666,264.0
1995-09-01,2.388122051835473,272.0,22.0,24.0,22.399999999999636,-8.0,5.7,0.0,10.1,66.6,2.9049295774647987,,,,,9.0,88.9,,,,,,,,72.4223,4.689029105863818,181787.0,5.486502796926862,1416.0,-2.344827586206899,1386.0,0.6535947712418277,355000.0,2609000.0,363750.0,-4000.0,-1000.0,376000.0,2650000.0,,,,,,0.34,6.17,5.8,17.54,12.74,,264.0,91.0,245.0,200.0,158.66666666666666,228.66666666666666,227.0
1995-10-01,2.279471738715433,226.0,7.0,38.0,17.5,1.0,5.6,-0.10000000000000053,10.2,66.6,2.9850746268656803,,,,,3.4,90.2,,,,,,,,72.7144,4.7816808149161005,182074.0,4.629406153386428,1369.0,-7.1234735413839845,1421.0,0.6373937677053743,377000.0,2674000.0,371500.0,22000.0,65000.0,369000.0,2688000.0,,,,,,0.42,6.03,5.76,17.67,13.83,,227.0,264.0,91.0,194.0,160.83333333333334,218.91666666666666,153.0
1995-11-01,2.2250708055812973,119.0,-31.0,29.0,-6.699999999998909,34.0,5.5,-0.09999999999999964,10.0,66.6,2.889667250437822,,,,,-2.4,88.2,,,,,,,,72.5866,3.7627368685886786,181411.0,3.4807112013644392,1369.0,-5.586206896551726,1400.0,0.21474588403722628,379000.0,2712000.0,377000.0,2000.0,38000.0,379000.0,2653000.0,,,,,,0.4,5.76,5.8,18.27,11.58,,153.0,227.0,264.0,214.66666666666666,160.0,214.08333333333334,139.0
1995-12-01,1.9833084484797148,140.0,-8.0,5.0,8.100000000000364,-1.0,5.6,0.09999999999999964,10.1,66.5,2.882096069869,,,,,-10.4,91.0,,,,,,,,72.7779,3.3298500978240275,184327.0,4.8736636682768175,1452.0,-3.9046988749172784,1430.0,6.7164179104477695,359000.0,2558000.0,363000.0,-20000.0,-154000.0,373000.0,2631000.0,,,,,,0.4,5.58,5.6,19.54,12.52,,139.0,153.0,227.0,173.0,186.5,191.5,160.0
1996-01-01,1.85153304525969,157.0,23.0,-14.0,25.19999999999891,3.0,5.6,0.0,10.0,66.4,2.8745644599303066,,,,,-9.0,89.3,,,,,,,,73.0305,2.6396897921781903,184841.0,4.923141546705412,1431.0,-1.6494845360824795,1442.0,3.2951289398280847,387000.0,2637000.0,374000.0,28000.0,79000.0,333000.0,2702000.0,,,,,,0.67,5.6,5.56,17.76,12.53,,160.0,139.0,153.0,150.66666666666666,172.33333333333334,179.25,-8.0
1996-02-01,1.555298055877441,8.0,-23.0,11.0,-1.3999999999996362,-16.0,5.6,0.0,9.8,66.4,3.3101045296167086,,,,,-7.9,88.5,,,,,,,,72.6125,1.8788215519394358,184636.0,4.234034865865777,1467.0,4.264392324093813,1387.0,8.19032761310452,365000.0,2655000.0,377250.0,-22000.0,18000.0,383000.0,2694000.0,,,,,,0.69,6.13,5.22,19.59,17.04,,-8.0,160.0,139.0,97.0,155.83333333333334,151.0,421.0
1996-03-01,1.751589627572958,386.0,22.0,60.0,28.100000000000364,35.0,5.5,-0.09999999999999964,10.0,66.6,2.948829141370335,,,,,-4.1,93.7,,,,,,,,73.6752,3.4865787366735512,187576.0,7.456461961503202,1491.0,13.297872340425542,1420.0,13.237639553429027,393000.0,2675000.0,391000.0,28000.0,20000.0,384000.0,2677000.0,,,,,,0.55,6.34,5.31,21.43,18.88,,421.0,-8.0,160.0,191.0,182.0,170.33333333333334,254.0
1996-04-01,1.7825982824100972,207.0,-37.0,31.0,28.600000000000364,47.0,5.5,0.0,9.9,66.6,2.9437229437229373,,,,,-0.1,92.7,,,,,,,,73.585,3.188414739319012,188237.0,6.724837846419018,1424.0,14.011208967173738,1437.0,17.21044045676998,343000.0,2609000.0,359250.0,-50000.0,-66000.0,357000.0,2657000.0,,,,,,0.63,6.66,5.22,20.95,15.83,,254.0,421.0,-8.0,222.33333333333334,186.5,173.66666666666666,166.0
1996-05-01,1.787026122016644,183.0,11.0,28.0,0.3999999999996362,-17.0,5.6,0.09999999999999964,10.0,66.7,3.460207612456756,,,,,3.3,89.4,,,,,,,,74.3172,4.395391371041835,189778.0,7.612572510816373,1516.0,19.65272296764009,1463.0,16.20333598093726,343000.0,2590000.0,344500.0,0.0,-19000.0,345000.0,2584000.0,,,,,,0.58,6.85,5.24,19.77,16.07,,166.0,254.0,421.0,280.3333333333333,188.66666666666666,174.33333333333334,339.0
1996-06-01,2.0940484937545856,325.0,18.0,24.0,77.39999999999964,14.0,5.6,0.0,9.8,66.7,3.364969801553075,,,,,2.7,92.4,,,,,,,,74.8726,4.661591494286932,191544.0,6.995866383644289,1504.0,14.459665144596645,1457.0,14.634146341463406,337000.0,2556000.0,342750.0,-6000.0,-34000.0,342000.0,2560000.0,,,,,,0.62,6.73,5.27,20.92,13.68,,339.0,166.0,254.0,253.0,222.0,204.25,273.0
1996-07-01,2.1135466489329957,274.0,4.0,36.0,26.600000000000364,-1.0,5.3,-0.2999999999999998,9.7,66.7,3.4393809114359186,,,,,7.5,94.7,,,,,,,,75.4433,5.110978907668273,189960.0,4.7292454598582,1467.0,14.519906323185005,1429.0,9.50191570881227,327000.0,2472000.0,337000.0,-10000.0,-84000.0,347000.0,2495000.0,,,,,,0.58,6.8,5.4,20.46,19.46,,273.0,339.0,166.0,259.3333333333333,240.83333333333334,206.58333333333334,249.0
1996-08-01,2.2465113901620315,230.0,-4.0,23.0,29.799999999999272,19.0,5.5,0.20000000000000018,9.7,66.9,3.2562125107112427,,,,,2.2,95.3,,,,,,,,75.4549,5.568536043472649,191113.0,6.162682827923716,1472.0,0.7529089664613187,1450.0,7.090103397341219,329000.0,2516000.0,333250.0,2000.0,44000.0,336000.0,2495000.0,,,,,,0.62,6.96,5.22,22.25,17.01,,249.0,273.0,339.0,287.0,283.6666666666667,219.75,179.0
1996-09-01,2.169219522975707,222.0,34.0,29.0,19.600000000000364,-43.0,5.1,-0.40000000000000036,9.4,66.7,3.4217279726261873,,,,,8.1,94.7,,,,,,,,75.8411,4.720645436557502,191139.0,5.144482278710805,1557.0,9.957627118644075,1413.0,1.9480519480519431,348000.0,2479000.0,342750.0,19000.0,-37000.0,338000.0,2486000.0,,,,,,0.62,6.72,5.3,24.2,16.95,,179.0,249.0,273.0,233.66666666666666,243.33333333333334,212.66666666666666,202.0
1996-10-01,2.143832769166809,139.0,-5.0,24.0,19.100000000000364,63.0,5.2,0.10000000000000053,9.5,66.9,3.4100596760443302,,,,,0.2,96.5,,,,,,,,76.3158,4.952801645891314,193303.0,6.167272647385125,1475.0,7.74287801314828,1392.0,-2.0408163265306145,352000.0,2474000.0,339000.0,4000.0,-5000.0,334000.0,2422000.0,,,,,,0.6,6.37,5.24,23.25,18.11,,202.0,179.0,249.0,210.0,234.66666666666666,210.58333333333334,265.0
1996-11-01,2.2359480114551022,278.0,17.0,33.0,55.899999999999636,-13.0,5.2,0.0,9.5,67.0,3.489361702127658,,,,,2.6,99.2,,,,,,,,76.3384,5.168722601692299,195420.0,7.722243965360431,1392.0,1.6800584368152016,1358.0,-3.0000000000000027,332000.0,2460000.0,337000.0,-20000.0,-14000.0,342000.0,2406000.0,,,,,,0.47,6.06,5.31,23.7,17.14,,265.0,202.0,179.0,215.33333333333334,251.16666666666666,219.91666666666666,282.0
1996-12-01,2.354335039986455,271.0,9.0,25.0,15.899999999999636,11.0,5.4,0.20000000000000018,9.4,67.0,3.5653650254668934,,,,,-0.4,96.9,,,,,,,,77.0397,5.855898562613082,194860.0,5.7143012146891214,1489.0,2.5482093663911742,1412.0,-1.2587412587412583,357000.0,2497000.0,353500.0,25000.0,37000.0,352000.0,2464000.0,,,,,,0.55,6.43,5.29,25.9,20.92,,282.0,265.0,202.0,249.66666666666666,241.66666666666666,231.83333333333334,196.0
1997-01-01,2.3815761673357194,190.0,7.0,7.0,51.70000000000073,6.0,5.4,0.0,9.6,67.0,3.6409822184589213,,,,,4.9,97.4,,,,,,,,77.5333,6.165643121709419,195318.0,5.668114758089393,1370.0,-4.262753319357094,1411.0,-2.1497919556171974,340000.0,2492000.0,339000.0,-17000.0,-5000.0,345000.0,2434000.0,,,,,,0.59,6.53,5.25,24.15,19.47,,196.0,282.0,265.0,247.66666666666666,228.83333333333334,234.83333333333334,213.0
1997-02-01,2.568523542686174,191.0,13.0,0.0,-35.100000000000364,22.0,5.3,-0.10000000000000053,9.4,67.0,3.6256323777402955,,,,,1.9,99.7,,,,,,,,77.6562,6.946049233947327,197447.0,6.938516865616662,1355.0,-7.634628493524199,1382.0,-0.36049026676280294,322000.0,2414000.0,320750.0,-18000.0,-78000.0,313000.0,2407000.0,,,,,,0.47,6.56,5.19,20.3,21.1,,213.0,196.0,282.0,230.33333333333334,222.83333333333334,253.25,317.0
1997-03-01,2.4718287321666255,312.0,18.0,47.0,2.2999999999992724,5.0,5.2,-0.09999999999999964,9.3,66.9,3.7068239258635227,,,,,4.6,100.0,,,,,,,,78.5833,6.661807501031536,198891.0,6.032221606175625,1486.0,-0.3353454057679395,1445.0,1.760563380281699,325000.0,2331000.0,319000.0,3000.0,-83000.0,319000.0,2344000.0,,,,,,0.47,6.92,5.39,20.35,22.14,,317.0,213.0,196.0,242.0,245.83333333333334,244.58333333333334,318.0
1997-04-01,2.5203375016807916,308.0,25.0,29.0,30.100000000000364,10.0,5.2,0.0,9.1,67.1,3.8687973086627414,,,,,4.1,101.4,,,,,,,,79.082,7.470272474009643,200352.0,6.436035423428965,1457.0,2.31741573033708,1436.0,-0.06958942240778976,337000.0,2327000.0,327000.0,12000.0,-4000.0,330000.0,2307000.0,,,,,,0.43,6.72,5.51,20.2,20.06,,318.0,317.0,213.0,282.6666666666667,265.1666666666667,249.91666666666666,298.0
1997-05-01,2.6276036858624785,303.0,11.0,13.0,13.800000000001091,-5.0,5.1,-0.10000000000000053,9.3,67.1,3.5953177257525004,,,,,6.0,103.2,,,,,,,,79.1747,6.536171976339267,197212.0,3.917208527858862,1492.0,-1.58311345646438,1421.0,-2.8708133971291905,321000.0,2307000.0,319250.0,-16000.0,-20000.0,322000.0,2276000.0,,,,,,0.45,6.67,5.5,21.0,19.19,,298.0,318.0,317.0,311.0,270.6666666666667,260.9166666666667,271.0
1997-06-01,2.563244265546416,273.0,13.0,29.0,13.099999999998545,-2.0,4.9,-0.1999999999999993,8.9,67.1,3.7562604340567463,,,,,8.8,104.5,,,,,,,,79.6133,6.331688761977006,196937.0,2.815541076723882,1442.0,-4.122340425531911,1414.0,-2.9512697323267,322000.0,2338000.0,325500.0,1000.0,31000.0,335000.0,2265000.0,,,,,,0.43,6.51,5.56,19.82,21.53,,271.0,298.0,318.0,295.6666666666667,268.8333333333333,255.25,256.0
1997-07-01,2.5432078149786985,197.0,23.0,0.0,13.400000000001455,59.0,5.0,0.09999999999999964,8.9,67.1,3.574397339983393,,,,,5.8,107.1,,,,,,,,79.9792,6.012329789391524,199311.0,4.922615287428922,1494.0,1.8404907975460016,1402.0,-1.889433170048982,306000.0,2259000.0,320250.0,-16000.0,-79000.0,328000.0,2262000.0,,,,,,0.28,6.02,5.52,20.19,21.48,,256.0,271.0,298.0,275.0,278.8333333333333,253.83333333333334,298.0
1997-08-01,2.5787583632591593,272.0,1.0,24.0,14.299999999999272,26.0,4.9,-0.09999999999999964,8.7,67.2,3.734439834024883,,,,,9.8,104.4,,,,,,,,80.6624,6.901473595485519,201751.0,5.566340332682751,1437.0,-2.377717391304346,1440.0,-0.6896551724137945,332000.0,2284000.0,332750.0,26000.0,25000.0,343000.0,2290000.0,,,,,,0.37,6.34,5.54,19.66,24.76,,298.0,256.0,271.0,275.0,293.0,257.9166666666667,-27.0
1997-09-01,2.4035341686217793,42.0,65.0,29.0,28.899999999999636,-69.0,4.8,-0.10000000000000053,8.7,67.2,3.970223325062028,,,,,-2.4,106.0,,,,,,,,81.4694,7.421174007233544,201892.0,5.625748800611063,1390.0,-10.725754656390496,1449.0,2.547770700636942,317000.0,2233000.0,315250.0,-15000.0,-51000.0,314000.0,2200000.0,,,,,,0.32,6.12,5.54,21.13,22.91,,-27.0,298.0,256.0,175.66666666666666,235.66666666666666,240.75,488.0
1997-10-01,2.6370431893687707,426.0,12.0,28.0,8.399999999999636,62.0,4.9,0.10000000000000053,8.7,67.1,3.8746908491343657,,,,,2.4,105.6,,,,,,,,82.2156,7.7307713474798145,202992.0,5.012338142708606,1546.0,4.813559322033889,1494.0,7.3275862068965525,306000.0,2228000.0,310000.0,-11000.0,-5000.0,318000.0,2182000.0,,,,,,0.21,5.84,5.5,21.1,35.09,,488.0,-27.0,298.0,253.0,264.0,264.5833333333333,349.0
1997-11-01,2.7008660340612334,290.0,49.0,9.0,39.30000000000109,59.0,4.7,-0.20000000000000018,8.5,67.1,4.111842105263164,,,,,3.4,107.2,,,,,,,,82.9446,8.653836077256006,203055.0,3.9069696039299995,1520.0,9.195402298850585,1499.0,10.382916053019153,318000.0,2242000.0,315000.0,12000.0,14000.0,325000.0,2209000.0,,,,,,0.1,5.86,5.52,19.13,27.43,,349.0,488.0,-27.0,270.0,272.5,271.5833333333333,301.0
1997-12-01,2.710278055677273,278.0,42.0,16.0,43.19999999999891,23.0,4.6,-0.10000000000000053,8.4,67.2,4.180327868852474,,,,,9.5,102.1,,,,,,,,83.5978,8.512624010737335,202778.0,4.063430154983072,1510.0,1.410342511752849,1469.0,4.0368271954674295,303000.0,2291000.0,313250.0,-15000.0,49000.0,323000.0,2231000.0,,,,,,0.09,5.75,5.5,17.65,24.01,,301.0,349.0,488.0,379.3333333333333,277.5,273.1666666666667,324.0
1998-01-01,2.811553288262636,319.0,31.0,39.0,38.900000000001455,5.0,4.7,0.10000000000000053,8.5,67.2,4.166666666666674,,,,,1.0,106.6,,,,,,,,83.9538,8.280957988374027,203837.0,4.361605177198213,1566.0,14.30656934306569,1456.0,3.1892274982282087,315000.0,2200000.0,323500.0,12000.0,-91000.0,341000.0,2241000.0,,,,,,0.21,5.53,5.56,17.21,21.47,,324.0,301.0,349.0,324.6666666666667,288.8333333333333,283.8333333333333,257.0
1998-02-01,2.842875506773468,253.0,32.0,45.0,-17.100000000000364,4.0,4.6,-0.10000000000000053,8.4,67.1,4.068348250610243,,,,,14.3,110.4,,,,,,,,84.3218,8.58347433946034,204505.0,3.5746301539147263,1525.0,12.54612546125462,1555.0,12.518089725036186,317000.0,2209000.0,319000.0,2000.0,9000.0,321000.0,2227000.0,,,,,,0.07,5.62,5.51,15.44,18.55,,257.0,324.0,301.0,294.0,282.0,287.5,211.0
1998-03-01,2.748350085885942,195.0,8.0,14.0,-7.5,16.0,4.6,0.0,8.3,67.1,4.224207961007309,,,,,9.1,106.5,,,,,,,,84.4583,7.476143150007708,204207.0,2.6728207912877,1584.0,6.594885598923295,1647.0,13.979238754325252,312000.0,2215000.0,315000.0,-5000.0,6000.0,319000.0,2237000.0,,,,,,0.07,5.67,5.49,15.75,24.22,,211.0,257.0,324.0,264.0,321.6666666666667,278.6666666666667,148.0
1998-04-01,2.6018312826356027,142.0,10.0,-28.0,-3.100000000000364,6.0,4.7,0.10000000000000053,8.4,67.1,4.210526315789465,,,,,-5.1,108.7,,,,,,,,84.488,6.835942439493192,205311.0,2.4751437470052817,1567.0,7.549759780370624,1605.0,11.768802228412255,311000.0,2152000.0,311000.0,-1000.0,-63000.0,317000.0,2210000.0,,,,,,0.09,5.68,5.45,15.56,21.18,,148.0,211.0,257.0,205.33333333333334,265.0,264.5,280.0
1998-05-01,2.5807717783283834,256.0,0.0,80.0,21.5,24.0,4.3,-0.40000000000000036,8.0,67.0,4.277643260694108,,,,,4.6,106.5,,,,,,,,84.7779,7.077008185695677,208683.0,5.816583169381184,1540.0,3.217158176943702,1547.0,8.866995073891616,322000.0,2146000.0,313000.0,11000.0,-6000.0,315000.0,2118000.0,,,,,,0.03,5.56,5.49,15.21,21.32,,280.0,148.0,211.0,213.0,253.5,263.0,400.0
1998-06-01,2.680319843342027,341.0,-13.0,38.0,44.29999999999927,59.0,4.4,0.10000000000000053,8.0,67.0,4.2638777152051555,,,,,6.4,105.6,,,,,,,,85.3367,7.188999827918208,209165.0,6.209092247774661,1536.0,6.518723994452147,1554.0,9.90099009900991,376000.0,2388000.0,338000.0,54000.0,242000.0,321000.0,2159000.0,,,,,,-0.05,5.44,5.56,14.3,19.71,,400.0,280.0,148.0,276.0,270.0,273.75,231.0
1998-07-01,2.654377279833242,227.0,-17.0,43.0,19.700000000000728,4.0,4.5,0.09999999999999964,8.1,67.0,4.25361155698234,,,,,5.0,105.2,,,,,,,,84.8248,6.058575229559682,211222.0,5.976087621857307,1641.0,9.839357429718865,1551.0,10.627674750356642,335000.0,2383000.0,333000.0,-41000.0,-5000.0,315000.0,2339000.0,,,,,,0.01,5.5,5.54,14.27,24.8,,231.0,400.0,280.0,303.6666666666667,254.5,271.6666666666667,136.0
1998-08-01,2.5163669444579817,85.0,-184.0,42.0,30.399999999999636,51.0,4.5,0.0,8.2,67.0,4.0000000000000036,,,,,6.5,104.4,,,,,,,,84.4986,4.755871384932742,209658.0,3.9191875133208764,1698.0,18.16283924843425,1610.0,11.805555555555557,310000.0,2182000.0,309000.0,-25000.0,-201000.0,308000.0,2210000.0,,,,,,0.14,5.05,5.55,13.29,44.28,,136.0,231.0,400.0,255.66666666666666,234.33333333333334,258.1666666666667,334.0
1998-09-01,2.8102074142679623,305.0,140.0,43.0,13.0,29.0,4.5,0.0,7.9,67.0,3.9777247414478856,,,,,0.6,100.9,,,,,,,,86.248,5.865515150473688,207737.0,2.8951122382263828,1614.0,16.115107913669057,1654.0,14.147688060731545,294000.0,2148000.0,304000.0,-16000.0,-34000.0,304000.0,2190000.0,,,,,,0.14,4.44,5.51,16.19,40.95,,334.0,136.0,231.0,233.66666666666666,254.83333333333334,288.25,198.0
1998-10-01,2.5644345539146185,172.0,-6.0,10.0,23.100000000000364,26.0,4.6,0.09999999999999964,8.0,67.2,4.047619047619055,,,,,7.6,97.4,,,,,,,,86.2021,4.848836473856544,210112.0,3.5075273902419823,1582.0,2.3285899094437346,1577.0,5.555555555555558,308000.0,2162000.0,312750.0,14000.0,14000.0,318000.0,2168000.0,,,,,,0.52,4.64,5.07,14.48,28.05,,198.0,334.0,136.0,222.66666666666666,263.1666666666667,264.0833333333333,205.0
1998-11-01,2.441012233304285,189.0,-45.0,37.0,8.799999999999272,16.0,4.5,-0.09999999999999964,7.9,67.2,3.791469194312791,,,,,2.2,102.7,,,,,,,,86.7914,4.637794383238925,213794.0,5.288714880204881,1715.0,12.828947368421062,1719.0,14.676450967311538,310000.0,2236000.0,316000.0,2000.0,74000.0,334000.0,2177000.0,,,,,,0.2,4.74,4.83,11.37,26.01,,205.0,198.0,334.0,245.66666666666666,250.66666666666666,252.08333333333334,273.0
1998-12-01,2.412557858724096,230.0,-46.0,39.0,32.80000000000109,43.0,4.4,-0.09999999999999964,7.7,67.1,3.6191974822973982,,,,,3.0,100.5,,,,,,,,86.7256,3.741486019967022,215194.0,6.122952194024989,1660.0,9.933774834437092,1672.0,13.818924438393454,336000.0,2266000.0,316000.0,26000.0,30000.0,305000.0,2205000.0,,,,,,0.11,4.65,4.68,12.14,24.42,,273.0,205.0,198.0,225.33333333333334,229.5,249.75,373.0
1999-01-01,2.44562381070903,338.0,-17.0,77.0,44.79999999999927,35.0,4.4,0.0,7.6,67.2,3.607843137254907,,,,,2.5,103.9,,,,,,,,87.1185,3.7695732652959,217396.0,6.6518836128867775,1792.0,14.431673052362704,1742.0,19.64285714285714,305000.0,2259000.0,325000.0,-31000.0,-7000.0,339000.0,2316000.0,,,,,,0.08,4.66,4.63,12.81,26.25,,373.0,273.0,205.0,283.6666666666667,253.16666666666666,253.83333333333334,104.0
1999-02-01,2.317997532169924,99.0,-22.0,-21.0,23.399999999999636,5.0,4.3,-0.10000000000000053,7.6,67.2,3.7529319781079096,,,,,-1.1,108.1,,,,,,,,87.4949,3.763083805136991,217930.0,6.564631671597265,1748.0,14.62295081967213,1732.0,11.382636655948563,301000.0,2219000.0,301500.0,-4000.0,-40000.0,312000.0,2253000.0,,,,,,0.16,5.29,4.76,12.31,27.88,,104.0,373.0,273.0,250.0,247.83333333333334,241.08333333333334,418.0
1999-03-01,2.4796627658638437,358.0,-32.0,72.0,62.70000000000073,60.0,4.4,0.10000000000000053,7.7,67.2,3.6632891660171474,,,,,-0.9,105.7,,,,,,,,88.027,4.225398806274816,220769.0,8.110397782642131,1670.0,5.429292929292928,1720.0,4.432301153612639,298000.0,2191000.0,302750.0,-3000.0,-28000.0,308000.0,2232000.0,,,,,,0.26,5.25,4.81,16.66,23.26,,418.0,104.0,373.0,298.3333333333333,261.8333333333333,258.3333333333333,117.0
1999-04-01,2.45196340830105,93.0,-27.0,-27.0,22.100000000000364,24.0,4.2,-0.20000000000000018,7.5,67.0,3.651903651903665,,,,,3.0,104.6,,,,,,,,88.2267,4.425125461604007,222199.0,8.225569988943594,1710.0,9.125717932354815,1665.0,3.738317757009346,291000.0,2193000.0,308500.0,-7000.0,2000.0,314000.0,2230000.0,,,,,,0.28,5.36,4.74,18.69,25.07,,117.0,418.0,104.0,213.0,248.33333333333334,255.75,361.0
1999-05-01,2.5110606241779188,292.0,-25.0,78.0,43.399999999999636,69.0,4.3,0.09999999999999964,7.7,67.1,3.5603715170278605,,,,,3.5,106.8,,,,,,,,88.4295,4.307254602909483,223837.0,7.26173190916366,1553.0,0.8441558441558472,1600.0,3.4259857789269654,303000.0,2191000.0,303000.0,12000.0,-2000.0,301000.0,2232000.0,,,,,,0.22,5.64,4.74,16.85,25.39,,361.0,117.0,418.0,298.6666666666667,274.3333333333333,262.5,218.0
1999-06-01,2.358456831816924,226.0,-10.0,36.0,31.299999999999272,-8.0,4.2,-0.09999999999999964,7.4,67.1,3.549382716049365,,,,,2.4,107.3,,,,,,,,88.9886,4.27940147673862,225577.0,7.846437023402575,1611.0,4.8828125,1640.0,5.534105534105538,291000.0,2177000.0,294000.0,-12000.0,-14000.0,290000.0,2215000.0,,,,,,0.28,5.81,4.76,19.33,21.09,,218.0,361.0,117.0,232.0,265.1666666666667,247.33333333333334,271.0
1999-07-01,2.3858624956375474,228.0,-39.0,31.0,24.80000000000109,43.0,4.3,0.09999999999999964,7.5,67.1,3.6951501154734334,,,,,1.1,106.0,,,,,,,,88.9188,4.826418688874012,226474.0,7.2208387383889905,1559.0,-4.99695307739183,1702.0,9.73565441650548,300000.0,2164000.0,300750.0,9000.0,-13000.0,309000.0,2226000.0,,,,,,0.29,5.92,4.99,20.52,24.64,,271.0,218.0,361.0,283.3333333333333,248.16666666666666,250.66666666666666,338.0
1999-08-01,2.543339777517195,271.0,14.0,24.0,47.29999999999927,67.0,4.3,0.0,7.5,67.1,3.923076923076918,,,,,4.7,104.5,,,,,,,,89.4333,5.839978413843561,228424.0,8.950767440307539,1669.0,-1.7078916372202602,1682.0,4.472049689440993,290000.0,2168000.0,290750.0,-10000.0,4000.0,292000.0,2176000.0,,,,,,0.25,5.98,5.07,22.15,24.45,,338.0,271.0,218.0,275.6666666666667,287.1666666666667,267.5,150.0
1999-09-01,2.3912253251781923,114.0,-21.0,15.0,8.700000000000728,36.0,4.2,-0.09999999999999964,7.3,67.0,3.519510328997688,,,,,8.1,107.2,,,,,,,,89.7924,4.109544569149426,230902.0,11.15111896291947,1648.0,2.106567534076831,1671.0,1.0278113663845234,306000.0,2158000.0,289500.0,16000.0,-10000.0,281000.0,2170000.0,,,,,,0.27,5.9,5.22,24.54,25.41,,150.0,338.0,271.0,253.0,242.5,252.16666666666666,199.0
1999-10-01,2.3882787350880452,170.0,-5.0,27.0,26.69999999999891,29.0,4.2,0.0,7.4,67.0,3.8138825324180115,,,,,8.5,103.2,,,,,,,,89.4299,3.7444563415508503,231912.0,10.375418824246108,1635.0,3.3501896333754777,1551.0,-1.6487000634115456,285000.0,2082000.0,285750.0,-21000.0,-76000.0,287000.0,2102000.0,,,,,,0.23,6.02,5.2,21.79,22.2,,199.0,150.0,338.0,229.0,256.1666666666667,252.25,407.0
1999-11-01,2.5435411070587444,354.0,-8.0,27.0,35.30000000000109,53.0,4.1,-0.10000000000000053,7.2,67.0,3.8051750380517557,,,,,16.2,107.2,,,,,,,,90.523,4.29950432876991,231254.0,8.166739945929269,1608.0,-6.239067055393588,1649.0,-4.072134962187324,288000.0,2098000.0,281750.0,3000.0,16000.0,281000.0,2035000.0,,,,,,0.17,6.18,5.42,24.87,24.18,,407.0,199.0,150.0,252.0,263.8333333333333,269.0833333333333,288.0
1999-12-01,2.5498734495606135,249.0,8.0,47.0,13.100000000000364,39.0,4.1,0.0,7.2,67.1,3.7205770690964313,,,,,15.0,105.4,,,,,,,,90.9618,4.884601547870515,234425.0,8.936587451322996,1648.0,-0.7228915662650603,1672.0,0.0,268000.0,2102000.0,278500.0,-20000.0,4000.0,287000.0,2123000.0,,,,,,0.21,6.45,5.3,25.76,24.64,,288.0,407.0,199.0,298.0,275.5,270.3333333333333,317.0
2000-01-01,2.4985305066812957,273.0,-3.0,22.0,76.59999999999854,44.0,4.0,-0.09999999999999964,7.1,67.1,3.709311127933379,,,,,12.5,112.0,,,,,,,,91.6634,5.216917187508963,239589.0,10.2085594951149,1708.0,-4.6875,1683.0,-3.386911595866815,285000.0,2164000.0,289000.0,17000.0,62000.0,289000.0,2115000.0,,,,,,0.07,6.68,5.45,27.65,24.95,,317.0,288.0,407.0,337.3333333333333,283.1666666666667,265.6666666666667,228.0
2000-02-01,2.593599010172354,197.0,5.0,43.0,13.400000000001455,31.0,4.0,0.0,7.0,67.3,3.541823662396393,,,,,14.5,111.3,,,,,,,,91.538,4.620955049951481,237541.0,8.998761070068362,1636.0,-6.407322654462244,1727.0,-0.28868360277136684,280000.0,2157000.0,293750.0,-5000.0,-7000.0,300000.0,2141000.0,,,,,,-0.11,6.42,5.73,30.57,23.37,,228.0,317.0,288.0,277.6666666666667,264.8333333333333,276.0,109.0
2000-03-01,2.343951232076935,81.0,0.0,-22.0,8.899999999999636,28.0,4.1,0.09999999999999964,7.1,67.3,3.759398496240607,,,,,14.0,107.1,,,,,,,,91.8239,4.313335681097841,241541.0,9.408929695745316,1737.0,4.011976047904198,1692.0,-1.6279069767441867,272000.0,2068000.0,274750.0,-8000.0,-89000.0,271000.0,2051000.0,,,,,,-0.47,6.03,5.85,26.86,24.11,,109.0,228.0,317.0,218.0,258.0,250.25,484.0
2000-04-01,2.6280081725595483,350.0,18.0,81.0,33.899999999999636,134.0,4.0,-0.09999999999999964,7.1,67.3,3.8230884557721057,,,,,13.9,109.2,,,,,,,,92.1504,4.447293166354416,244533.0,10.051350366113265,1604.0,-6.1988304093567255,1651.0,-0.8408408408408397,291000.0,2027000.0,273000.0,19000.0,-41000.0,259000.0,1962000.0,,,,,,-0.45,6.23,6.02,25.71,26.2,,484.0,109.0,228.0,273.6666666666667,305.5,280.8333333333333,280.0
2000-05-01,2.557642210039268,211.0,-3.0,-17.0,73.89999999999964,69.0,3.8,-0.20000000000000018,6.9,67.3,3.811659192825112,,,,,7.4,110.7,,,,,,,,92.6989,4.828026846244748,239552.0,7.020733837569293,1626.0,4.70057952350289,1597.0,-0.187499999999996,280000.0,1987000.0,282250.0,-11000.0,-40000.0,276000.0,1982000.0,,,,,,-0.4,6.29,6.27,29.03,23.65,,280.0,484.0,109.0,291.0,284.3333333333333,274.0833333333333,221.0
2000-06-01,2.5556426758168715,-124.0,-21.0,-24.0,-48.899999999999636,345.0,4.0,0.20000000000000018,7.1,67.1,3.8002980625931437,,,,,3.6,106.4,,,,,,,,92.9499,4.451469064576807,241546.0,7.079179171635408,1575.0,-2.2346368715083775,1543.0,-5.914634146341468,296000.0,2033000.0,291000.0,16000.0,46000.0,294000.0,2041000.0,,,,,,-0.35,6.03,6.53,32.44,19.54,,221.0,280.0,484.0,328.3333333333333,273.1666666666667,274.3333333333333,-42.0
2000-07-01,2.307799572371483,218.0,17.0,8.0,10.200000000000728,-260.0,4.0,0.0,7.0,67.1,3.786191536748329,,,,,6.6,108.3,,,,,,,,92.9862,4.574285752844154,243226.0,7.396875579536721,1559.0,0.0,1572.0,-7.638072855464162,298000.0,2085000.0,298500.0,2000.0,52000.0,303000.0,2122000.0,,,,,,-0.26,6.04,6.54,27.5,20.74,,-42.0,221.0,280.0,153.0,213.33333333333334,248.25,165.0
2000-08-01,2.1681012501738595,185.0,27.0,16.0,14.0,-20.0,4.0,0.0,7.0,66.9,3.774981495188756,,,,,14.8,107.3,,,,,,,,92.8048,3.7698485910728996,240979.0,5.496357650684702,1463.0,-12.342720191731571,1542.0,-8.323424494649224,312000.0,2119000.0,312750.0,14000.0,34000.0,315000.0,2109000.0,,,,,,-0.45,5.73,6.5,33.09,16.84,,165.0,-42.0,221.0,114.66666666666667,202.83333333333334,233.83333333333334,6.0
2000-09-01,2.0544562096749264,36.0,-35.0,2.0,22.5,-30.0,4.1,0.09999999999999964,7.1,66.9,3.9911308203991247,,,,,6.4,106.8,,,,,,,,92.5521,3.0734226950164922,242318.0,4.944088834224036,1541.0,-6.492718446601941,1552.0,-7.121484141232792,292000.0,2077000.0,300000.0,-20000.0,-42000.0,311000.0,2115000.0,,,,,,-0.18,5.8,6.52,30.87,20.57,,6.0,165.0,-42.0,43.0,185.66666666666666,221.83333333333334,103.0
2000-10-01,1.9773292954512245,205.0,-58.0,11.0,23.69999999999891,-102.0,3.9,-0.19999999999999973,7.0,66.9,3.8207200587803136,,,,,1.6,105.8,,,,,,,,92.9792,3.968806853188922,245520.0,5.867742936976095,1507.0,-7.828746177370027,1570.0,1.2250161186331487,301000.0,2126000.0,301000.0,9000.0,49000.0,299000.0,2124000.0,,,,,,-0.17,5.77,6.51,32.7,23.63,,103.0,6.0,165.0,91.33333333333333,122.16666666666667,213.83333333333334,15.0
2000-11-01,1.670021048103365,7.0,-12.0,7.0,4.899999999999636,8.0,3.9,0.0,6.8,66.8,3.885630498533721,,,,,-4.2,107.6,,,,,,,,92.6179,2.3142184859096693,245399.0,6.11665095522671,1549.0,-3.66915422885572,1577.0,-4.366282595512427,356000.0,2295000.0,334250.0,55000.0,169000.0,332000.0,2279000.0,,,,,,-0.13,5.48,6.51,33.61,29.65,,15.0,103.0,6.0,41.333333333333336,78.0,181.16666666666666,204.0
2000-12-01,1.6019499333159493,187.0,-15.0,3.0,7.5,17.0,3.9,0.0,7.1,66.9,4.172767203513916,,,,,-10.7,98.4,,,,,,,,92.6438,1.8491278756576968,243846.0,4.01876932920977,1551.0,-5.885922330097082,1614.0,-3.468899521531099,353000.0,2378000.0,348000.0,-3000.0,83000.0,354000.0,2322000.0,,,,,,0.01,5.12,6.4,26.72,26.85,,204.0,15.0,103.0,107.33333333333333,75.16666666666667,174.16666666666666,160.0
2001-01-01,1.478020843687644,116.0,-21.0,-25.0,46.70000000000073,44.0,3.9,0.0,6.9,67.0,4.306569343065703,,,,,-21.3,94.7,5088.0,5426.0,5240.0,2882.0,2018.0,,,92.3415,0.7397718173229428,243844.0,1.7759579947326465,1532.0,-10.304449648711945,1543.0,-8.3184789067142,362000.0,2440000.0,340000.0,9000.0,62000.0,318000.0,2367000.0,,,,,,0.57,5.19,5.98,28.62,22.02,,160.0,204.0,15.0,126.33333333333333,108.83333333333333,161.08333333333334,-13.0
2001-02-01,1.2914946073230515,-44.0,-76.0,32.0,-26.399999999999636,31.0,4.2,0.30000000000000027,7.3,67.2,4.002911208151372,,,,,-8.7,90.6,5234.0,5722.0,5842.0,3245.0,2220.0,,,91.902,0.3976490637767949,247339.0,4.124761620099271,1600.0,-2.200488997555017,1699.0,-1.621308627678053,386000.0,2506000.0,371250.0,24000.0,66000.0,358000.0,2516000.0,,,,,,0.51,4.92,5.49,27.35,28.35,,-13.0,160.0,204.0,117.0,79.16666666666667,141.0,85.0
2001-03-01,1.2721171446003599,14.0,-75.0,17.0,17.899999999999636,71.0,4.2,0.0,7.3,67.1,4.057971014492745,,,,,-8.4,91.5,5097.0,5303.0,5231.0,3053.0,1855.0,,,91.3034,-0.5668458865284554,247289.0,2.3797202131315087,1625.0,-6.4478986758779495,1656.0,-2.127659574468088,388000.0,2620000.0,388000.0,2000.0,114000.0,393000.0,2605000.0,,,,,,0.75,4.93,5.31,26.37,28.64,,85.0,-13.0,160.0,77.33333333333333,92.33333333333333,139.0,-37.0
2001-04-01,0.8715540561077262,-76.0,-92.0,21.0,-24.399999999999636,39.0,4.3,0.09999999999999964,7.3,67.2,4.115523465703963,,,,,-12.5,88.4,4762.0,5528.0,5566.0,3054.0,2133.0,,,91.1162,-1.122295725249156,244514.0,-0.007769912445354521,1590.0,-0.872817955112215,1659.0,0.48455481526348265,406000.0,2728000.0,396750.0,18000.0,108000.0,383000.0,2742000.0,,,,,,1.05,5.35,4.8,28.48,25.48,,-37.0,85.0,-13.0,11.666666666666666,69.0,95.58333333333333,-293.0
2001-05-01,0.43523096054107757,-340.0,-136.0,-18.0,-95.70000000000073,47.0,4.4,0.10000000000000053,7.4,66.9,3.95968322534197,,,,,-14.0,92.0,4615.0,5204.0,5414.0,3163.0,1883.0,,,90.7891,-2.0602186217959284,249113.0,3.9912002404488334,1649.0,1.4145141451414434,1666.0,4.320601127113344,405000.0,2926000.0,394500.0,-1000.0,198000.0,390000.0,2800000.0,,,,,,1.21,5.43,4.21,28.39,22.64,,-293.0,-37.0,85.0,-81.66666666666667,17.666666666666668,47.833333333333336,-50.0
2001-06-01,0.2293630066992236,-87.0,-142.0,5.0,3.7000000000007276,37.0,4.3,-0.10000000000000053,7.5,66.7,4.091888011486011,,,,,-13.6,92.6,4425.0,5410.0,5390.0,2993.0,2029.0,,,90.3555,-2.791181055600911,250250.0,3.6034544144800673,1605.0,1.904761904761898,1665.0,7.9066753078418595,394000.0,2959000.0,395000.0,-11000.0,33000.0,394000.0,2939000.0,,,,,,1.17,5.42,3.97,26.37,19.06,,-50.0,-293.0,-37.0,-126.66666666666667,-24.666666666666668,25.25,-108.0
2001-07-01,0.17945980327571665,-216.0,-147.0,-9.0,4.199999999998909,108.0,4.5,0.20000000000000018,7.9,66.7,4.005722460658068,,,,-15.1,-10.4,92.4,4361.0,5109.0,5249.0,2878.0,2015.0,,,89.8784,-3.3422163718917375,248836.0,2.3064968383314177,1636.0,4.939063502245022,1626.0,3.435114503816794,388000.0,3056000.0,398000.0,-6000.0,97000.0,405000.0,3029000.0,,,,,,1.28,5.07,3.77,26.7,21.62,,-108.0,-50.0,-293.0,-150.33333333333334,-69.33333333333333,19.75,-128.0
2001-08-01,-0.04235109054058217,-176.0,-132.0,5.0,-61.29999999999927,48.0,4.6,0.09999999999999964,7.9,66.8,3.780313837375182,,,,-26.5,-11.4,91.5,4447.0,5244.0,5380.0,2947.0,2038.0,,,89.3028,-3.773511714911293,247336.0,2.637989202378632,1670.0,14.149008885851,1598.0,3.6316472114137577,395000.0,3163000.0,398000.0,7000.0,107000.0,402000.0,3113000.0,,,,,,1.21,4.85,3.65,26.65,24.92,,-128.0,-108.0,-50.0,-95.33333333333333,-88.5,-4.666666666666667,-151.0
2001-09-01,-0.1610780888425034,-184.0,-148.0,-18.0,4.799999999999272,33.0,4.9,0.3000000000000007,8.2,66.5,3.766879886282859,,,,-16.6,-17.3,81.8,4024.0,5223.0,5355.0,2928.0,2011.0,,,89.2003,-3.6215277665228585,249590.0,3.0010151949091624,1567.0,1.6872160934458202,1615.0,4.059278350515472,517000.0,3385000.0,443250.0,122000.0,222000.0,395000.0,3214000.0,,,,,,1.74,4.6,3.07,23.44,31.93,,-151.0,-128.0,-108.0,-129.0,-127.83333333333333,-17.75,-258.0
2001-10-01,-0.43374113059839736,-282.0,-117.0,-14.0,-9.599999999998545,24.0,5.0,0.09999999999999964,8.7,66.8,3.4677990092002675,,,,-24.0,-25.3,82.7,4071.0,4954.0,5184.0,2703.0,2107.0,,,88.7485,-4.55015745457048,243130.0,-0.9734441186054044,1562.0,3.649635036496357,1565.0,-0.31847133757961776,483000.0,3600000.0,480750.0,-34000.0,215000.0,482000.0,3521000.0,,,,,,1.86,4.3,2.49,21.2,33.56,,-258.0,-151.0,-128.0,-179.0,-164.66666666666666,-47.833333333333336,-311.0
2001-11-01,-0.6800048355899424,-344.0,-143.0,-9.0,-26.80000000000109,33.0,5.3,0.2999999999999998,9.3,66.7,3.4580098800282233,,,,-32.5,-21.0,83.9,3707.0,5078.0,5464.0,2795.0,2319.0,,,88.5052,-4.440502321905382,262862.0,7.116165917546535,1540.0,-0.5810200129115595,1566.0,-0.6975269499048808,491000.0,3593000.0,447500.0,8000.0,-7000.0,431000.0,3790000.0,,,,,,1.94,4.78,2.09,19.46,23.84,,-311.0,-258.0,-151.0,-240.0,-167.66666666666666,-75.0,-308.0
2001-12-01,-1.0652101753221288,-359.0,-148.0,-20.0,-22.399999999999636,51.0,5.5,0.20000000000000018,9.4,66.7,3.4434293745607913,,,,-26.5,-21.1,88.8,3775.0,4914.0,5150.0,2560.0,2255.0,,,87.97,-5.044913960783126,254084.0,4.198551544827467,1602.0,3.2882011605415817,1651.0,2.2924411400247813,421000.0,3474000.0,404750.0,-70000.0,-119000.0,389000.0,3637000.0,,,,,,2.0,5.07,1.82,19.96,23.8,,-308.0,-311.0,-258.0,-292.3333333333333,-210.66666666666666,-117.66666666666667,-161.0
2002-01-01,-1.3057958347147292,-190.0,-113.0,1.0,-49.29999999999927,29.0,5.7,0.20000000000000018,9.6,66.7,3.149055283414981,,,,-21.6,-9.6,93.0,3677.0,4829.0,4848.0,2559.0,1922.0,,,87.9324,-4.774776238202749,249879.0,2.4749429963419223,1568.0,2.3498694516971286,1680.0,8.878807517822418,414000.0,3558000.0,408500.0,-7000.0,84000.0,418000.0,3500000.0,,,,,,1.91,5.07,1.73,19.71,21.09,,-161.0,-308.0,-311.0,-260.0,-219.5,-144.41666666666666,-124.0
2002-02-01,-1.3895691883378691,-146.0,-124.0,-10.0,-37.400000000001455,22.0,5.7,0.0,9.4,66.5,3.2890132960112117,,,,-13.3,-15.7,90.7,3699.0,4855.0,5117.0,2845.0,1907.0,,,88.5176,-3.682618441383212,250603.0,1.3196463153809068,1698.0,6.125000000000003,1665.0,-2.0011771630370823,398000.0,3538000.0,399000.0,-16000.0,-20000.0,397000.0,3580000.0,,,,,,1.82,4.88,1.74,21.78,21.59,,-124.0,-161.0,-308.0,-197.66666666666666,-218.83333333333334,-153.66666666666666,-122.0
2002-03-01,-1.5445672801759236,-135.0,-70.0,-9.0,3.7000000000007276,13.0,5.7,0.0,9.5,66.8,2.924791086350975,,,,-1.7,-5.6,95.7,3436.0,4801.0,4929.0,2572.0,1978.0,,,88.5278,-3.0399744149724905,252279.0,2.0178819114477387,1829.0,12.553846153846159,1787.0,7.910628019323673,479000.0,3723000.0,421250.0,81000.0,185000.0,392000.0,3598000.0,,,,,,1.7,5.42,1.73,26.21,17.4,,-122.0,-124.0,-161.0,-135.66666666666666,-214.0,-170.91666666666666,-15.0
2002-04-01,-1.528425397925437,-56.0,-75.0,-11.0,8.100000000000364,41.0,5.7,0.0,9.4,66.6,2.77392510402219,,,,1.1,-3.4,93.0,3612.0,4706.0,4756.0,2493.0,1883.0,,,89.1686,-2.1374903694403535,251542.0,2.8742730477600453,1642.0,3.2704402515723263,1691.0,1.9288728149487566,414000.0,3700000.0,429250.0,-65000.0,-23000.0,442000.0,3650000.0,,,,,,1.87,5.11,1.75,27.32,21.91,,-15.0,-122.0,-124.0,-87.0,-173.5,-169.08333333333334,-106.0
2002-05-01,-1.390629482552963,-118.0,-51.0,-45.0,-2.399999999999636,12.0,5.9,0.20000000000000018,9.7,66.7,2.7700831024930705,,,,-5.6,2.2,96.9,3471.0,4928.0,4979.0,2624.0,1956.0,,,89.604,-1.3053329089064758,254543.0,2.1797336951503876,1592.0,-3.4566403881140073,1669.0,0.18007202881151763,403000.0,3712000.0,409000.0,-11000.0,12000.0,411000.0,3695000.0,,,,,,1.86,5.08,1.75,25.37,19.98,,-106.0,-15.0,-122.0,-81.0,-139.33333333333334,-153.5,16.0
2002-06-01,-1.3413086822548492,-55.0,-54.0,-26.0,-19.600000000000364,71.0,5.8,-0.10000000000000053,9.6,66.7,2.6206896551724146,,,,7.9,-1.5,92.4,3457.0,4857.0,4834.0,2537.0,1967.0,,,89.964,-0.43328851038398897,252390.0,0.8551448551448626,1764.0,9.906542056074773,1716.0,3.063063063063054,386000.0,3588000.0,389500.0,-17000.0,-124000.0,396000.0,3604000.0,,,,,,1.96,4.86,1.75,26.79,25.4,,16.0,-106.0,-15.0,-35.0,-85.33333333333333,-148.0,42.0
2002-07-01,-1.2290249433106526,7.0,-41.0,17.0,-11.0,35.0,5.8,0.0,9.5,66.6,2.6822558459422385,,,,5.5,-9.4,88.1,3412.0,4869.0,4887.0,2522.0,2015.0,,,90.7061,0.920910919642548,253652.0,1.9354112748959151,1717.0,4.951100244498785,1758.0,8.11808118081181,390000.0,3495000.0,386000.0,4000.0,-93000.0,384000.0,3495000.0,,,,,,2.28,4.51,1.73,27.02,32.03,,42.0,16.0,-106.0,-16.0,-51.5,-135.5,-90.0
2002-08-01,-1.2014647580425475,-85.0,-41.0,-13.0,-2.100000000000364,-5.0,5.8,0.0,9.6,66.5,2.8865979381443196,,,,-0.1,-10.5,87.6,3367.0,4946.0,5054.0,2561.0,2102.0,,,90.6769,1.5386975548359105,257339.0,4.0442960183717735,1655.0,-0.8982035928143728,1738.0,8.760951188986233,394000.0,3549000.0,395000.0,4000.0,54000.0,399000.0,3531000.0,,,,,,2.0,4.14,1.74,28.97,32.64,,-90.0,42.0,16.0,-10.666666666666666,-45.833333333333336,-132.33333333333334,-3.0
2002-09-01,-1.0907355647965078,-48.0,-85.0,13.0,-45.29999999999927,45.0,5.7,-0.09999999999999964,9.6,66.6,2.876712328767117,,,,-4.1,-3.1,86.1,3517.0,4871.0,4846.0,2561.0,1923.0,,,90.5762,1.5424836015125454,259050.0,3.7902159541648217,1633.0,4.211869814933,1695.0,4.9535603715170184,409000.0,3555000.0,409500.0,15000.0,6000.0,412000.0,3554000.0,,,,,,1.91,3.63,1.75,30.59,39.69,,-3.0,-90.0,42.0,-17.0,-26.0,-120.0,-79.0
2002-10-01,-0.9570213185795762,-36.0,-52.0,1.0,-18.5,-43.0,5.7,0.0,9.6,66.7,2.941176470588247,,,,-5.8,-3.8,80.6,3301.0,4879.0,4919.0,2521.0,2022.0,,,90.6531,2.146064440525741,254081.0,4.504174721342502,1804.0,15.492957746478876,1803.0,15.207667731629403,409000.0,3557000.0,407500.0,0.0,2000.0,405000.0,3529000.0,,,,,,2.25,3.93,1.75,27.18,31.14,,-79.0,-3.0,-90.0,-57.333333333333336,-36.666666666666664,-105.08333333333333,115.0
2002-11-01,-0.6352128533609225,102.0,-60.0,-13.0,5.399999999999636,13.0,5.7,0.0,9.6,66.6,3.137789904502042,,,,-7.1,0.0,84.2,3479.0,4798.0,4733.0,2423.0,1935.0,,,90.4643,2.2135422551443185,256131.0,-2.560659205210336,1648.0,7.012987012987004,1799.0,14.878671775223506,377000.0,3404000.0,389000.0,-32000.0,-153000.0,389000.0,3438000.0,,,,,,2.14,4.22,1.34,26.87,27.5,,115.0,-79.0,-3.0,11.0,0.16666666666666666,-69.58333333333333,-1.0
2002-12-01,-0.40261087049350275,-23.0,-67.0,24.0,-12.800000000001091,22.0,5.9,0.20000000000000018,9.8,66.4,2.9211956521739024,,,,-6.6,-4.9,86.7,3514.0,4792.0,4750.0,2403.0,1944.0,,,90.9711,3.4115039217915255,256350.0,0.8918310479998803,1753.0,9.425717852684134,1771.0,7.268322228952151,409000.0,3462000.0,414250.0,32000.0,58000.0,429000.0,3497000.0,,,,,,2.22,3.83,1.24,31.21,28.62,,-1.0,115.0,-79.0,11.666666666666666,-2.6666666666666665,-44.0,-151.0
2003-01-01,-0.39547116801417204,-158.0,-81.0,-13.0,11.900000000001455,7.0,6.0,0.09999999999999964,9.8,66.3,3.1207598371777445,,,,-6.4,-6.4,82.4,3169.0,4893.0,4928.0,2501.0,2007.0,,,90.4652,2.880394484854265,259206.0,3.732606581585496,1788.0,14.030612244897966,1896.0,12.857142857142856,407000.0,3475000.0,395000.0,-2000.0,13000.0,402000.0,3357000.0,,,,,,2.28,4.0,1.24,33.51,31.17,1.81,-151.0,-1.0,115.0,-12.333333333333334,-34.833333333333336,-43.166666666666664,108.0
2003-02-01,-0.21855585018989432,70.0,-44.0,4.0,-18.100000000000364,38.0,5.8,-0.20000000000000018,9.9,66.4,3.0487804878048808,,,,-2.0,-3.1,79.9,3441.0,5058.0,4953.0,2429.0,2109.0,,,91.2361,3.071140654513904,261394.0,4.3060138944865045,1853.0,9.1283863368669,1808.0,8.588588588588596,421000.0,3500000.0,411000.0,14000.0,25000.0,420000.0,3423000.0,,,,,,2.18,3.71,1.26,36.76,29.63,1.94,108.0,-151.0,-1.0,-14.666666666666666,-1.8333333333333333,-23.833333333333332,-132.0
2003-03-01,-0.22640874427285462,-130.0,-87.0,-37.0,-35.100000000000364,-2.0,5.9,0.10000000000000053,10.1,66.4,3.382949932341006,,,,-11.2,-7.6,77.6,3229.0,4714.0,4871.0,2490.0,2015.0,,,91.3445,3.1817124112425654,257531.0,2.0818221096484457,1629.0,-10.934937124111531,1854.0,3.749300503637376,436000.0,3536000.0,425250.0,15000.0,36000.0,430000.0,3528000.0,,,,,,2.32,3.83,1.25,31.14,29.15,1.8,-132.0,108.0,-151.0,-58.333333333333336,-23.333333333333332,-24.666666666666668,-206.0
2003-04-01,-0.37254631967075236,-192.0,-59.0,-13.0,-24.799999999999272,-14.0,5.9,0.0,10.0,66.3,3.0364372469635637,,,,-11.1,-10.5,86.0,3099.0,4470.0,4749.0,2394.0,1949.0,,,91.1044,2.1709435832793167,260566.0,3.587472469806241,1726.0,5.115712545675999,1757.0,3.903015966883494,444000.0,3676000.0,436250.0,8000.0,140000.0,434000.0,3586000.0,,,,,,2.38,3.89,1.26,26.09,21.21,1.73,-206.0,-132.0,108.0,-76.66666666666667,-44.5,-40.583333333333336,-62.0
2003-05-01,-0.339162124088932,-47.0,-113.0,35.0,10.399999999999636,-15.0,6.0,0.09999999999999964,10.2,66.4,2.96495956873315,,,,-3.1,-12.0,92.1,3108.0,4600.0,4653.0,2279.0,1998.0,,,90.5617,1.0688138922369639,261375.0,2.6840258816781537,1643.0,3.203517587939708,1803.0,8.028759736369073,431000.0,3774000.0,423000.0,-13000.0,98000.0,425000.0,3716000.0,,,,,,2.04,3.37,1.26,29.56,19.47,1.6,-62.0,-206.0,-132.0,-133.33333333333334,-74.0,-36.916666666666664,24.0
2003-06-01,-0.33299650927797186,52.0,-50.0,17.0,-8.5,-28.0,6.1,0.09999999999999964,10.1,66.4,3.0241935483870996,,,,-1.9,-10.0,89.7,3289.0,4678.0,4716.0,2291.0,2072.0,,,90.537,0.636921435240767,261392.0,3.5667023257656805,1751.0,-0.7369614512471645,1835.0,6.93473193473193,429000.0,3737000.0,421750.0,-2000.0,-37000.0,421000.0,3695000.0,,,,,,2.22,3.54,1.22,30.15,19.52,1.64,24.0,-62.0,-206.0,-81.33333333333333,-69.83333333333333,-36.25,-11.0
2003-07-01,-0.3734484289147022,-50.0,-65.0,17.0,-14.800000000001091,39.0,6.3,0.20000000000000018,10.3,66.5,2.8801071667782896,,,,-5.9,-2.2,90.9,3390.0,4682.0,4718.0,2315.0,2076.0,,,90.6527,-0.05887145406980876,265331.0,4.6043398041411,1867.0,8.736167734420498,1875.0,6.655290102389078,398000.0,3647000.0,411500.0,-31000.0,-90000.0,412000.0,3599000.0,,,,,,2.69,4.49,1.01,30.56,19.49,2.08,-11.0,24.0,-62.0,-16.333333333333332,-46.5,-40.666666666666664,-2.0
2003-08-01,-0.3063162408870945,-29.0,-90.0,12.0,-11.899999999999636,27.0,6.2,-0.09999999999999964,10.3,66.2,2.872411489645965,,,,-0.7,-5.5,89.3,2981.0,4639.0,4661.0,2271.0,2062.0,,,91.1185,0.48700385655000566,267683.0,4.019600604649898,1897.0,14.622356495468281,1885.0,8.457997698504037,407000.0,3608000.0,400000.0,9000.0,-39000.0,398000.0,3603000.0,,,,,,2.5,4.45,1.03,31.76,18.63,2.16,-2.0,-11.0,24.0,3.6666666666666665,-64.83333333333333,-33.333333333333336,-31.0
2003-09-01,-0.3277659077507433,46.0,-27.0,25.0,27.100000000000364,-77.0,6.1,-0.10000000000000053,10.1,66.1,2.663115845539288,,,,-3.3,-2.3,87.7,3190.0,4666.0,4679.0,2195.0,2162.0,,,90.9197,0.37923869625795525,270612.0,4.463231036479454,1833.0,12.247397428046547,1966.0,15.988200589970504,387000.0,3558000.0,395500.0,-20000.0,-50000.0,394000.0,3559000.0,,,,,,2.46,3.96,1.01,29.19,22.72,2.01,-31.0,-2.0,-11.0,-14.666666666666666,-48.0,-35.666666666666664,99.0
2003-10-01,-0.19156794531884902,151.0,-30.0,23.0,30.899999999999636,-52.0,6.1,0.0,10.4,66.1,2.4584717607973428,,,,13.6,5.0,89.6,3091.0,4799.0,4645.0,2354.0,1932.0,,,91.5059,0.9407289987876988,270212.0,6.348762796116203,1939.0,7.483370288248348,1961.0,8.763172490293947,379000.0,3441000.0,382000.0,-8000.0,-117000.0,387000.0,3466000.0,,,,,,2.48,4.33,1.01,29.24,16.1,2.4,99.0,-31.0,-2.0,22.0,2.8333333333333335,-20.833333333333332,187.0
2003-11-01,-0.13627628869136155,133.0,-12.0,1.0,15.800000000001091,54.0,6.0,-0.09999999999999964,10.2,66.1,1.9841269841269993,,,,12.6,2.1,93.7,3305.0,4902.0,4749.0,2415.0,1969.0,,,91.6186,1.2759729528664998,269060.0,5.047807567221452,1967.0,19.35679611650485,2012.0,11.839911061700947,357000.0,3331000.0,363000.0,-22000.0,-110000.0,370000.0,3331000.0,,,,,,2.28,4.34,1.0,30.33,16.32,2.31,187.0,99.0,-31.0,85.0,44.333333333333336,-14.833333333333334,41.0
2003-12-01,-0.10412200649231318,64.0,-18.0,12.0,-20.700000000000728,-23.0,5.8,-0.20000000000000018,10.1,66.1,2.0462046204620554,,,,18.1,17.8,92.6,3324.0,4767.0,4700.0,2411.0,1951.0,,,92.2329,1.387033904173962,270161.0,5.38755607567778,2083.0,18.824871648602404,1918.0,8.300395256916993,349000.0,3258000.0,358250.0,-8000.0,-73000.0,363000.0,3251000.0,,,,,,2.43,4.27,0.98,32.51,18.31,2.27,41.0,187.0,99.0,109.0,47.166666666666664,-11.333333333333334,109.0
2004-01-01,0.09504464798988366,98.0,-17.0,31.0,-6.200000000000728,11.0,5.7,-0.09999999999999964,9.8,65.9,1.7763157894737036,,,,18.5,15.5,103.8,3414.0,4984.0,4785.0,2444.0,2007.0,,,92.2602,1.9841883950955763,271550.0,4.762235442080809,2057.0,15.044742729306492,1987.0,4.799578059071741,376000.0,3118000.0,361250.0,27000.0,-140000.0,362000.0,3139000.0,,,,,,2.32,4.16,1.0,33.16,16.63,2.31,109.0,41.0,187.0,112.33333333333333,67.16666666666667,10.333333333333334,167.0
2004-02-01,0.14015148614185957,175.0,-8.0,21.0,46.80000000000109,-8.0,5.7,0.0,9.8,66.1,1.972386587771191,,,,16.9,12.5,94.4,3424.0,4900.0,4722.0,2354.0,2037.0,,,92.4006,1.2763588097255418,272465.0,4.235368830195041,1911.0,3.130059363194815,1952.0,7.964601769911495,348000.0,3057000.0,360750.0,-28000.0,-61000.0,356000.0,3131000.0,,,,,,2.33,3.99,1.01,36.08,14.55,2.38,167.0,109.0,41.0,105.66666666666667,95.33333333333333,15.25,65.0
2004-03-01,0.29131944710636404,53.0,-12.0,-10.0,-1.7000000000007276,12.0,5.6,-0.10000000000000053,9.7,66.0,1.63612565445026,,,,13.5,14.9,95.8,3532.0,4788.0,4754.0,2448.0,1985.0,,,92.958,1.7663898756903773,274360.0,6.534747273143826,1846.0,13.321055862492326,1966.0,6.040992448759441,340000.0,3007000.0,342000.0,-8000.0,-50000.0,338000.0,3040000.0,,,,,,2.26,3.86,1.0,35.75,16.74,2.38,65.0,167.0,109.0,113.66666666666667,111.33333333333333,31.666666666666668,319.0
2004-04-01,0.6948976849541211,281.0,8.0,49.0,48.20000000000073,38.0,5.8,0.20000000000000018,10.0,66.0,1.8991486574983618,,,,23.9,13.2,94.2,3525.0,5227.0,4996.0,2582.0,2065.0,,,92.5861,1.626375894029275,279692.0,7.34017485013394,1998.0,15.758980301274628,2066.0,17.586795674445078,339000.0,2960000.0,348250.0,-1000.0,-47000.0,364000.0,3031000.0,,,,,,2.22,4.53,1.0,37.31,17.19,2.42,319.0,65.0,167.0,183.66666666666666,148.0,75.41666666666667,272.0
2004-05-01,0.9518102832384523,246.0,28.0,14.0,20.0,26.0,5.6,-0.20000000000000018,9.6,65.9,2.0287958115183358,,,,23.6,21.9,90.2,3511.0,5152.0,4854.0,2534.0,2010.0,,,92.93,2.615123170170186,277625.0,6.217120994739367,2003.0,21.911138161898958,2070.0,14.808652246256248,337000.0,2916000.0,339250.0,-2000.0,-44000.0,349000.0,2976000.0,,,,,,2.12,4.66,1.0,39.9,15.5,2.66,272.0,319.0,65.0,218.66666666666666,162.16666666666666,103.25,285.0
2004-06-01,1.1521002788082768,285.0,27.0,47.0,15.0,0.0,5.6,0.0,9.7,66.0,1.9569471624266255,,,,18.8,18.9,95.6,3710.0,4976.0,4688.0,2428.0,1914.0,,,93.6013,3.38458309862264,281281.0,7.608878619085502,1981.0,13.135351227869796,2150.0,17.166212534059945,348000.0,2917000.0,349000.0,11000.0,1000.0,339000.0,2990000.0,,,,,,1.92,4.62,1.03,36.92,14.34,2.52,285.0,272.0,319.0,292.0,202.83333333333334,125.0,97.0
2004-07-01,1.2351558539320573,110.0,-8.0,14.0,23.799999999999272,-13.0,5.6,0.0,9.6,66.1,2.018229166666674,,,,17.5,22.9,96.7,3337.0,5009.0,4896.0,2659.0,1887.0,,,92.871,2.447031362551799,279141.0,5.204819640373715,1828.0,-2.0889126941617597,2020.0,7.733333333333325,341000.0,2894000.0,347250.0,-7000.0,-23000.0,355000.0,2956000.0,,,,,,1.82,4.5,1.26,43.72,15.32,2.49,97.0,285.0,272.0,218.0,200.83333333333334,134.0,60.0
2004-08-01,1.2827997296134708,55.0,-3.0,15.0,-16.100000000000364,5.0,5.5,-0.09999999999999964,9.5,66.1,1.8831168831168865,,,,19.4,18.6,95.9,3814.0,4891.0,4828.0,2609.0,1885.0,,,93.5649,2.6848554355043186,281350.0,5.10566603034186,2002.0,5.535055350553497,2112.0,12.042440318302393,352000.0,2880000.0,340750.0,11000.0,-14000.0,332000.0,2889000.0,,,,,,1.72,4.13,1.43,42.23,15.29,2.35,60.0,97.0,285.0,147.33333333333334,183.0,139.16666666666666,85.0
2004-09-01,1.3722311433466805,65.0,14.0,26.0,0.8000000000010914,20.0,5.4,-0.09999999999999964,9.4,66.0,2.0103761348897464,,,,18.0,22.9,94.2,3541.0,5013.0,4904.0,2586.0,1974.0,,,93.6277,2.9784524146032165,281006.0,3.840923536280716,2024.0,10.42007637752318,2056.0,4.577822990844349,351000.0,2839000.0,337250.0,-1000.0,-41000.0,341000.0,2865000.0,,,,,,1.51,4.14,1.61,49.56,13.34,2.37,85.0,60.0,97.0,80.66666666666667,186.33333333333334,148.83333333333334,150.0
2004-10-01,1.4103430273623374,141.0,-13.0,26.0,24.600000000000364,9.0,5.4,0.0,9.4,65.8,2.3346303501945442,,,,12.6,13.5,91.7,3821.0,5062.0,4886.0,2531.0,2027.0,,,93.7467,2.448803847620762,286866.0,6.163308809379298,1905.0,-1.7534811758638469,2041.0,4.079551249362567,332000.0,2763000.0,333750.0,-19000.0,-76000.0,327000.0,2781000.0,,,,,,1.49,4.05,1.76,51.78,16.27,2.42,150.0,85.0,60.0,98.33333333333333,158.16666666666666,153.08333333333334,340.0
2004-11-01,1.5256173383727312,319.0,0.0,48.0,28.0,21.0,5.5,0.09999999999999964,9.7,65.9,2.529182879377445,,,,5.7,14.7,92.8,3943.0,5149.0,4786.0,2550.0,1903.0,,,94.5465,3.1957484615569243,287700.0,6.927822790455651,2072.0,5.3380782918149405,2097.0,4.224652087475156,335000.0,2761000.0,328750.0,3000.0,-2000.0,337000.0,2707000.0,,,,,,1.34,4.36,1.93,49.16,13.24,2.61,340.0,150.0,85.0,191.66666666666666,169.5,165.83333333333334,74.0
2004-12-01,1.5504291845493512,38.0,-26.0,14.0,21.099999999998545,36.0,5.4,-0.09999999999999964,9.4,66.0,2.457956015523921,,,,14.6,12.8,97.1,3472.0,5181.0,5134.0,2789.0,2037.0,,,94.7813,2.763005391785356,289679.0,7.224580898057087,1782.0,-14.450312049927994,2079.0,8.394160583941602,320000.0,2771000.0,325250.0,-15000.0,10000.0,322000.0,2688000.0,,,,,,1.16,4.24,2.16,43.36,13.29,2.56,74.0,340.0,150.0,188.0,134.33333333333334,168.58333333333334,127.0
2005-01-01,1.5629187757008722,126.0,-21.0,26.0,-7.699999999998909,1.0,5.4,0.0,9.3,65.9,2.5210084033613356,,,,10.6,16.5,95.5,4074.0,5153.0,4964.0,2695.0,1951.0,,,95.5365,3.551152067738861,293401.0,8.046768550911443,2042.0,-0.7292173067574126,2082.0,4.781077000503275,331000.0,2731000.0,340250.0,11000.0,-40000.0,332000.0,2790000.0,,,,,,0.85,4.14,2.28,48.25,12.82,2.49,127.0,74.0,340.0,180.33333333333334,139.33333333333334,170.08333333333334,151.0
2005-02-01,1.5486861023585874,109.0,-28.0,-22.0,20.299999999999272,42.0,5.3,-0.10000000000000053,9.2,65.8,2.5145067698259194,,,,11.1,12.8,94.1,3804.0,5201.0,5045.0,2732.0,2008.0,,,95.8801,3.7656681883018184,290111.0,6.476428165085424,2144.0,12.192569335426473,2139.0,9.579918032786882,314000.0,2703000.0,311750.0,-17000.0,-28000.0,308000.0,2666000.0,,,,,,0.77,4.36,2.5,51.75,12.08,2.66,151.0,127.0,74.0,117.33333333333333,154.5,168.75,253.0
2005-03-01,1.6916244333860853,244.0,15.0,58.0,40.0,9.0,5.4,0.10000000000000053,9.2,65.9,2.5756600128783003,,,,13.0,14.0,92.6,3965.0,5276.0,5075.0,2651.0,2068.0,,,96.5761,3.8921878697906642,293710.0,7.052777372794861,2207.0,19.555796316359686,2114.0,7.527975584944047,342000.0,2683000.0,332000.0,28000.0,-20000.0,324000.0,2681000.0,,,,,,0.7,4.5,2.63,55.31,14.02,2.71,253.0,151.0,127.0,177.0,182.5,184.41666666666666,120.0
2005-04-01,1.5357633063901144,124.0,-4.0,28.0,1.5,-4.0,5.2,-0.20000000000000018,9.1,65.9,2.634961439588679,,,,10.9,16.5,87.7,4044.0,5273.0,5238.0,2747.0,2188.0,,,96.4456,4.168552298887196,294743.0,5.381276547058911,1864.0,-6.706706706706711,2062.0,-0.19361084220715918,334000.0,2596000.0,320250.0,-8000.0,-87000.0,307000.0,2559000.0,,,,,,0.55,4.21,2.79,49.2,15.31,2.6,120.0,253.0,151.0,174.66666666666666,177.5,167.83333333333334,366.0
2005-05-01,1.6041153014945353,352.0,-19.0,85.0,49.30000000000109,14.0,5.2,0.0,9.0,66.1,2.6940346375882163,,,,-0.3,7.1,86.9,4159.0,5362.0,4998.0,2741.0,1957.0,,,96.6532,4.006456472613795,297153.0,7.033948671769474,2061.0,2.895656515227163,2150.0,3.864734299516903,340000.0,2577000.0,327000.0,6000.0,-19000.0,321000.0,2568000.0,,,,,,0.4,4.0,3.0,52.08,13.29,2.37,366.0,120.0,253.0,246.33333333333334,181.83333333333334,175.66666666666666,169.0
2005-06-01,1.5125629285405173,142.0,6.0,28.0,16.899999999999636,27.0,5.1,-0.10000000000000053,8.9,66.1,2.6231605886116283,,,,8.7,7.8,96.0,3797.0,5271.0,5110.0,2763.0,2021.0,,,96.7402,3.3534790649275337,295314.0,4.988961216719234,2025.0,2.221100454316005,2085.0,-3.023255813953485,311000.0,2569000.0,325750.0,-29000.0,-8000.0,321000.0,2602000.0,,,,,,0.28,3.94,3.04,56.63,12.04,2.27,169.0,366.0,120.0,218.33333333333334,197.66666666666666,166.0,259.0
2005-07-01,1.6343687876534618,277.0,-28.0,39.0,34.100000000000364,-18.0,5.0,-0.09999999999999964,9.0,66.1,2.616464582003819,,,,4.0,3.5,96.5,4062.0,5376.0,5095.0,2754.0,2015.0,,,97.1753,4.6347083589064475,305083.0,9.29351116460857,2068.0,13.12910284463895,2178.0,7.821782178217829,316000.0,2570000.0,323750.0,5000.0,1000.0,323000.0,2619000.0,,,,,,0.26,4.28,3.26,60.71,11.57,2.36,259.0,169.0,366.0,264.6666666666667,219.66666666666666,179.5,352.0
2005-08-01,1.8550821363022774,258.0,-2.0,20.0,41.5,94.0,5.0,0.0,8.8,66.1,2.9318036966220484,,,,10.7,4.2,89.1,4256.0,5328.0,4946.0,2735.0,1898.0,,,96.8676,3.5298493345260917,307320.0,9.23049582370712,2054.0,2.5974025974025983,2203.0,4.3087121212121104,318000.0,2568000.0,315750.0,2000.0,-2000.0,319000.0,2573000.0,,,,,,0.18,4.02,3.5,68.63,12.6,2.37,352.0,259.0,169.0,260.0,253.16666666666666,203.83333333333334,202.0
2005-09-01,1.942564366866506,196.0,-25.0,41.0,16.19999999999891,6.0,4.9,-0.09999999999999964,8.9,66.2,2.7972027972028135,,,,10.3,2.2,76.9,4142.0,5409.0,5210.0,2957.0,1905.0,,,97.1833,3.797594088074363,303216.0,7.9037458274912264,2095.0,3.5079051383399174,2219.0,7.928015564202329,359000.0,2853000.0,382750.0,41000.0,285000.0,424000.0,2787000.0,,,,,,0.16,4.34,3.62,66.21,11.92,2.56,202.0,352.0,259.0,271.0,244.66666666666666,213.58333333333334,50.0
2005-10-01,1.8646518635162757,68.0,-27.0,21.0,-26.299999999999272,-18.0,5.0,0.09999999999999964,9.0,66.1,2.5982256020278927,,,,4.3,13.7,74.2,4352.0,5493.0,5404.0,3046.0,2032.0,,,95.3005,1.6574450087309733,304187.0,6.038010778551661,2151.0,12.913385826771663,2263.0,10.877021068103865,322000.0,2752000.0,344250.0,-37000.0,-101000.0,348000.0,2821000.0,,,,,,0.17,4.57,3.78,59.8,15.32,2.57,50.0,202.0,352.0,201.33333333333334,233.0,205.25,89.0
2005-11-01,1.6703290064864929,105.0,16.0,45.0,-3.0,-16.0,5.0,0.0,8.7,66.1,2.972802024035426,,,,10.6,18.1,81.6,4184.0,5124.0,5047.0,2863.0,1873.0,,,96.4572,2.0209103457029087,303989.0,5.661800486617996,2065.0,-0.33783783783783994,2170.0,3.481163567000478,311000.0,2587000.0,317250.0,-11000.0,-165000.0,309000.0,2760000.0,,,,,,0.07,4.49,4.0,57.33,12.06,2.37,89.0,50.0,202.0,113.66666666666667,186.83333333333334,184.33333333333334,356.0
2005-12-01,1.882221534606754,326.0,-5.0,64.0,31.0,30.0,5.0,0.0,8.7,66.0,2.90404040404042,,,,5.9,8.5,91.5,4248.0,5344.0,5005.0,2895.0,1769.0,,,97.5414,2.9120723180627417,306566.0,5.829556163891758,2147.0,20.48260381593714,2218.0,6.685906685906695,302000.0,2660000.0,315250.0,-9000.0,73000.0,312000.0,2660000.0,,,,,,-0.02,4.39,4.16,61.06,12.07,2.33,356.0,89.0,50.0,165.0,218.0,207.83333333333334,162.0
2006-01-01,1.9068084143858854,142.0,5.0,9.0,5.600000000000364,20.0,4.9,-0.09999999999999964,8.6,66.0,3.1525851197982346,,,,11.3,10.9,91.2,4282.0,5294.0,5170.0,2849.0,1923.0,,,98.0452,2.6259073757150198,306723.0,4.540543488263493,1994.0,-2.350636630754166,2120.0,1.8251681075888593,282000.0,2565000.0,295750.0,-20000.0,-95000.0,285000.0,2586000.0,,,,,,-0.01,4.53,4.29,67.86,12.95,2.53,162.0,356.0,89.0,202.33333333333334,201.83333333333334,210.75,268.0
2006-02-01,1.9927549875358608,300.0,19.0,68.0,-12.300000000001091,-32.0,4.7,-0.20000000000000018,8.4,66.0,3.2704402515723263,,,,9.5,12.8,86.7,4397.0,5271.0,5060.0,2945.0,1784.0,,,98.1999,2.4194801632455576,315566.0,8.774227795567914,2273.0,6.016791044776126,2212.0,3.412809724170174,293000.0,2504000.0,290750.0,11000.0,-61000.0,283000.0,2488000.0,,,,,,-0.14,4.55,4.49,61.37,12.34,2.53,268.0,162.0,356.0,262.0,187.83333333333334,220.5,306.0
2006-03-01,2.028804666476236,275.0,0.0,63.0,6.700000000000728,31.0,4.8,0.09999999999999964,8.4,66.1,3.4526051475204156,,,,18.8,9.9,88.9,4325.0,5474.0,5232.0,2965.0,1882.0,,,98.2413,1.7242361205308532,313440.0,6.717510469510746,2119.0,-3.9873130946986857,2141.0,1.2771996215704906,295000.0,2439000.0,301750.0,2000.0,-65000.0,303000.0,2456000.0,,,,,,0.04,4.86,4.59,66.25,11.39,2.51,306.0,268.0,162.0,245.33333333333334,205.16666666666666,224.91666666666666,305.0
2006-04-01,2.1659131531910347,280.0,2.0,25.0,26.19999999999891,25.0,4.7,-0.09999999999999964,8.2,66.2,3.569192235441454,34.2,,,18.8,21.3,87.4,4732.0,5524.0,5242.0,2956.0,1888.0,,,98.4628,2.091541760329152,314471.0,6.693288729503322,1969.0,5.633047210300424,2118.0,2.7158098933074637,321000.0,2357000.0,306750.0,26000.0,-82000.0,299000.0,2408000.0,,,,,,0.2,5.07,4.79,71.8,11.59,2.68,305.0,306.0,268.0,293.0,247.66666666666666,240.33333333333334,172.0
2006-05-01,2.014679448771717,156.0,13.0,37.0,-34.79999999999927,16.0,4.7,0.0,8.1,66.1,3.8725796377264032,34.3,,,10.6,0.5,79.1,4790.0,5215.0,5055.0,2778.0,1853.0,,,98.7618,2.1816142662632876,316094.0,6.374157420588045,1821.0,-11.644832605531297,1998.0,-7.0697674418604635,330000.0,2381000.0,332750.0,9000.0,24000.0,335000.0,2383000.0,,,,,,0.08,5.12,4.94,71.42,16.44,2.64,172.0,305.0,306.0,261.0,261.5,224.16666666666666,39.0
2006-06-01,1.9148920255219304,32.0,-23.0,-13.0,-31.399999999999636,7.0,4.6,-0.10000000000000053,8.2,66.1,3.802992518703241,34.3,,,6.9,6.8,84.9,4463.0,5498.0,5428.0,3002.0,1991.0,,,98.7869,2.1156664964513183,314919.0,6.6386964383672975,1942.0,-4.0987654320987605,1905.0,-8.633093525179858,309000.0,2419000.0,305500.0,-21000.0,38000.0,308000.0,2395000.0,,,,,,-0.01,5.15,4.99,73.94,13.08,2.61,39.0,172.0,305.0,172.0,208.66666666666666,213.33333333333334,88.0
2006-07-01,1.7835279362140577,92.0,10.0,-14.0,11.799999999999272,-4.0,4.6,0.0,8.4,66.2,3.9800995024875663,34.4,,,8.2,13.5,84.7,4614.0,5455.0,5271.0,3042.0,1817.0,,,99.0997,1.9803386251444621,316978.0,3.898938977261923,1802.0,-12.862669245647973,1867.0,-14.279155188246095,311000.0,2460000.0,319500.0,2000.0,41000.0,318000.0,2475000.0,,,,,,0.02,4.99,5.24,74.56,14.95,2.58,88.0,39.0,172.0,99.66666666666667,196.33333333333334,199.08333333333334,192.0
2006-08-01,1.6597170513775072,141.0,-25.0,13.0,1.5,51.0,4.7,0.10000000000000053,8.5,66.1,3.900928792569669,34.3,,,6.8,4.4,82.0,4394.0,5573.0,5336.0,3047.0,1860.0,,,99.0489,2.251836527383766,317984.0,3.469998698425103,1737.0,-15.433300876338851,1763.0,-19.972764412165233,314000.0,2457000.0,314250.0,3000.0,-3000.0,310000.0,2467000.0,,,,,,-0.05,4.74,5.25,70.38,12.31,2.5,192.0,88.0,39.0,106.33333333333333,183.66666666666666,185.75,163.0
2006-09-01,1.6282285765267357,125.0,-31.0,8.0,2.7000000000007276,38.0,4.7,0.0,8.4,66.2,4.019789734075441,34.3,,,11.4,8.2,85.4,4710.0,5373.0,5199.0,3056.0,1775.0,,,99.4836,2.3669704568583194,318802.0,5.140230067014939,1650.0,-21.24105011933174,1722.0,-22.397476340694013,309000.0,2437000.0,316500.0,-5000.0,-20000.0,324000.0,2438000.0,,,,,,-0.07,4.64,5.25,62.9,11.98,2.37,163.0,192.0,88.0,147.66666666666666,159.83333333333334,182.5,134.0
2006-10-01,1.6900529163446087,63.0,-34.0,-2.0,3.1999999999989086,71.0,4.5,-0.20000000000000018,8.0,66.1,4.200123533045086,34.4,,,13.5,7.2,93.6,4737.0,5288.0,5100.0,2888.0,1831.0,,,99.3183,4.2159275134967755,316400.0,4.014964479086869,1720.0,-20.037192003719195,1655.0,-26.866990720282814,328000.0,2449000.0,315500.0,19000.0,12000.0,305000.0,2459000.0,,,,,,-0.1,4.61,5.25,58.72,11.1,2.27,134.0,163.0,192.0,163.0,131.33333333333334,189.5,17.0
2006-11-01,1.6354602238545457,31.0,-52.0,-36.0,33.80000000000109,-14.0,4.4,-0.09999999999999964,8.2,66.2,3.992628992628977,34.3,,,19.2,2.3,92.1,4591.0,5375.0,5290.0,2983.0,1898.0,,,99.2044,2.8481025781383007,316145.0,3.998828904993279,1491.0,-27.79661016949152,1570.0,-27.64976958525346,349000.0,2517000.0,326250.0,21000.0,68000.0,326000.0,2506000.0,,,,,,-0.16,4.46,5.25,62.97,10.91,2.3,17.0,134.0,163.0,104.66666666666667,105.5,183.5,217.0
2006-12-01,1.528182107750542,202.0,-34.0,-16.0,35.399999999999636,15.0,4.5,0.09999999999999964,8.1,66.3,4.171779141104293,34.3,,,16.1,8.5,91.7,4645.0,5495.0,5349.0,3043.0,1926.0,,,99.1627,1.6621660136106442,317123.0,3.4436304091125525,1570.0,-26.874708896134138,1535.0,-30.793507664562668,341000.0,2455000.0,323250.0,-8000.0,-62000.0,318000.0,2513000.0,,,,,,-0.11,4.71,5.24,60.85,11.56,2.3,217.0,17.0,134.0,122.66666666666667,135.16666666666666,171.91666666666666,189.0
2007-01-01,1.5463269186661632,184.0,-25.0,19.0,1.2999999999992724,5.0,4.4,-0.09999999999999964,7.9,66.4,4.21760391198045,34.5,,,7.2,7.3,96.9,4620.0,5214.0,5138.0,2999.0,1772.0,,,100.1735,2.1707334984272686,320312.0,4.43038181029789,1649.0,-17.301905717151456,1638.0,-22.735849056603776,308000.0,2520000.0,317250.0,-33000.0,65000.0,296000.0,2507000.0,,,,,,-0.11,4.83,5.25,58.17,10.42,2.43,189.0,217.0,17.0,141.0,152.0,174.16666666666666,223.0
2007-02-01,1.5100386185915582,216.0,-5.0,40.0,36.20000000000073,7.0,4.6,0.1999999999999993,8.3,66.4,4.080389768574899,34.3,,,16.5,2.5,91.3,4763.0,5426.0,5263.0,2956.0,1922.0,,,99.8346,1.6646656462990128,320305.0,1.501746068968135,1409.0,-38.01143862736471,1626.0,-26.49186256781193,322000.0,2549000.0,322750.0,14000.0,29000.0,321000.0,2626000.0,,,,,,-0.09,4.56,5.26,61.78,15.42,2.36,223.0,189.0,217.0,209.66666666666666,157.16666666666666,170.41666666666666,88.0
2007-03-01,1.346024916564148,52.0,-11.0,-99.0,28.799999999999272,36.0,4.5,-0.09999999999999964,8.1,66.3,4.126213592233019,34.3,,,14.7,6.0,88.4,4699.0,5160.0,5152.0,2933.0,1850.0,,,100.7753,2.5793632616832207,321434.0,2.5504083716181736,1480.0,-30.155733836715438,1598.0,-25.361980382998595,307000.0,2499000.0,306750.0,-15000.0,-50000.0,309000.0,2515000.0,,,,,,0.07,4.65,5.26,65.94,14.64,2.44,88.0,223.0,189.0,166.66666666666666,144.66666666666666,152.25,224.0
2007-04-01,1.2834649142151378,206.0,-29.0,80.0,58.5,18.0,4.4,-0.09999999999999964,8.0,66.2,4.111245465538094,34.4,,,5.8,8.3,87.1,4962.0,5479.0,5236.0,2997.0,1882.0,,,100.9547,2.5308035115800154,323708.0,2.937313774561079,1495.0,-24.07313357034028,1596.0,-24.64589235127479,301000.0,2486000.0,320250.0,-6000.0,-13000.0,327000.0,2538000.0,,,,,,0.03,4.63,5.25,65.78,14.22,2.43,224.0,88.0,223.0,178.33333333333334,159.66666666666666,145.5,63.0
2007-05-01,1.2018207180089613,37.0,-25.0,-20.0,-21.399999999999636,26.0,4.5,0.09999999999999964,8.2,65.9,3.848466626578473,34.4,,,10.6,9.8,88.3,4689.0,5353.0,5278.0,2911.0,2000.0,,,101.6334,2.9076019270608766,322878.0,2.1461970173429323,1490.0,-18.176825919824267,1470.0,-26.42642642642643,310000.0,2480000.0,304250.0,9000.0,-6000.0,297000.0,2465000.0,,,,,,-0.02,4.9,5.25,64.02,13.05,2.36,63.0,224.0,88.0,125.0,167.33333333333334,136.41666666666666,145.0
2007-06-01,1.2792754442234378,127.0,-17.0,-13.0,17.0,18.0,4.4,-0.09999999999999964,8.2,66.0,4.144144144144146,34.4,,,5.2,4.1,85.3,4657.0,5469.0,5303.0,3010.0,1967.0,,,101.7306,2.9798485426711263,327266.0,3.9206907172955496,1415.0,-27.136972193614827,1493.0,-21.627296587926516,317000.0,2501000.0,315750.0,7000.0,21000.0,320000.0,2453000.0,,,,,,0.16,5.03,5.25,70.47,16.23,2.38,145.0,63.0,224.0,144.0,155.33333333333334,145.25,78.0
2007-07-01,1.2711149577884218,64.0,-19.0,14.0,-15.699999999998909,14.0,4.6,0.1999999999999993,8.3,66.0,4.126794258373212,34.5,,,13.8,6.6,90.4,4859.0,5267.0,5108.0,2910.0,1845.0,,,101.7893,2.7140344521729087,324076.0,2.2392721261412563,1448.0,-19.644839067702556,1407.0,-24.63845741831816,305000.0,2537000.0,313250.0,-12000.0,36000.0,317000.0,2555000.0,,,,,,0.22,4.78,5.26,78.2,23.52,2.34,78.0,145.0,63.0,95.33333333333333,136.83333333333334,144.41666666666666,-26.0
2007-08-01,1.1096543591471386,10.0,-22.0,-27.0,4.5,-36.0,4.7,0.10000000000000053,8.4,66.0,4.052443384982118,34.4,,,10.8,16.7,83.4,4598.0,5217.0,5225.0,2951.0,1896.0,,,101.6672,2.6434417747193573,325455.0,2.349489282479622,1354.0,-22.04951065054692,1361.0,-22.802041973908118,329000.0,2569000.0,320000.0,24000.0,32000.0,321000.0,2556000.0,,,,,,0.39,4.54,5.02,73.98,23.38,2.2,-26.0,78.0,145.0,65.66666666666667,95.33333333333333,126.25,-31.0
2007-09-01,0.9664062271383944,-86.0,-60.0,-50.0,0.7999999999992724,55.0,4.6,-0.10000000000000053,8.4,65.8,4.042806183115344,34.4,,,16.1,5.1,83.4,4546.0,5358.0,5382.0,3014.0,2033.0,,,101.863,2.3917510021752353,327444.0,2.710773458133886,1330.0,-19.393939393939398,1321.0,-23.286875725900114,317000.0,2518000.0,313250.0,-12000.0,-51000.0,313000.0,2536000.0,,,,,,0.62,4.59,4.94,81.64,18.0,2.32,-31.0,-26.0,78.0,7.0,75.5,110.08333333333333,86.0
2007-10-01,0.9303787291889076,33.0,-37.0,-33.0,8.700000000000728,53.0,4.7,0.10000000000000053,8.4,66.0,4.030823947836404,34.4,,,12.7,8.9,80.9,4652.0,5344.0,5197.0,2691.0,2188.0,,,102.0894,2.7901202497425004,328668.0,3.8773704171934265,1183.0,-31.220930232558143,1261.0,-23.806646525679753,328000.0,2587000.0,328250.0,11000.0,69000.0,335000.0,2541000.0,,,,,,0.54,4.48,4.76,94.16,18.53,2.34,86.0,-31.0,-26.0,9.666666666666666,52.5,106.08333333333333,76.0
2007-11-01,0.9733782509883548,58.0,-28.0,-12.0,-6.900000000001455,18.0,4.7,0.0,8.4,65.8,3.8393384524512575,34.3,,,8.0,4.0,76.1,4636.0,5398.0,5252.0,2926.0,1998.0,,,101.8015,2.6179282370540014,330544.0,4.554555662749693,1264.0,-15.224681421864517,1192.0,-24.076433121019104,352000.0,2634000.0,336000.0,24000.0,47000.0,332000.0,2609000.0,,,,,,0.93,3.97,4.49,88.6,22.87,2.34,76.0,86.0,-31.0,43.666666666666664,54.666666666666664,111.0,115.0
2007-12-01,0.89741718955203,78.0,-5.0,-42.0,64.0,37.0,4.7,0.0,8.5,66.0,3.8280329799764257,34.4,,,11.5,1.8,75.5,4646.0,5176.0,5118.0,2784.0,1966.0,,,102.3446,3.2087670061424323,334021.0,5.328531831497552,1197.0,-23.757961783439484,1224.0,-20.260586319218245,360000.0,2760000.0,349250.0,8000.0,126000.0,350000.0,2737000.0,,,,,,0.99,4.04,4.24,95.95,22.5,2.31,115.0,76.0,86.0,92.33333333333333,49.666666666666664,102.5,105.0
2008-01-01,0.8349787612295989,63.0,-12.0,-33.0,-5.099999999998545,42.0,5.0,0.2999999999999998,8.8,66.0,3.6950146627565905,34.4,,,5.0,0.4,78.4,4545.0,5119.0,5045.0,2773.0,1915.0,,,102.3803,2.2029778334589523,329259.0,2.7932141162366753,1037.0,-37.11340206185567,1149.0,-29.853479853479858,366000.0,2845000.0,338750.0,6000.0,85000.0,322000.0,2752000.0,,,,,,1.5,3.67,3.94,91.67,26.2,2.34,105.0,115.0,76.0,98.66666666666667,54.166666666666664,95.5,-4.0
2008-02-01,0.6684997672253168,-16.0,-22.0,-14.0,-19.200000000000728,12.0,5.0,0.0,9.1,66.2,3.8033937975424204,34.4,,,1.6,3.8,70.8,4624.0,5071.0,5149.0,2847.0,1989.0,,,102.2448,2.4141930753466267,330478.0,3.1760353413153197,1084.0,-23.066004258339245,1094.0,-32.71832718327183,354000.0,2884000.0,346750.0,-12000.0,39000.0,339000.0,2837000.0,,,,,,1.88,3.53,2.98,101.78,26.54,2.43,-4.0,105.0,115.0,72.0,57.833333333333336,76.58333333333333,-62.0
2008-03-01,0.5590287874382094,-91.0,-27.0,-23.0,-34.899999999999636,29.0,4.9,-0.09999999999999964,9.0,66.0,3.7296037296037365,34.4,,,2.7,-1.9,69.5,4279.0,5077.0,5219.0,2881.0,1995.0,,,101.8438,1.0602796518591306,327869.0,2.0019661890154694,1103.0,-25.472972972972975,1014.0,-36.545682102628284,387000.0,2967000.0,368000.0,33000.0,83000.0,369000.0,2897000.0,,,,,,1.83,3.45,2.61,101.54,25.61,2.34,-62.0,-4.0,105.0,13.0,52.666666666666664,64.08333333333333,-70.0
2008-04-01,0.3447424955002054,-96.0,-40.0,-47.0,-10.700000000000728,26.0,5.1,0.1999999999999993,9.1,66.1,3.774680603948899,34.4,,,-2.3,-4.4,62.6,4225.0,4924.0,4940.0,2661.0,1918.0,,,101.5336,0.5734255066876637,328493.0,1.4781840424085813,1005.0,-32.77591973244147,967.0,-39.41102756892231,370000.0,2986000.0,359500.0,-17000.0,19000.0,365000.0,2937000.0,,,,,,1.48,3.77,2.28,113.7,20.79,2.27,-70.0,-62.0,-4.0,-45.333333333333336,26.666666666666668,39.583333333333336,-219.0
2008-05-01,0.14001030127606118,-226.0,-61.0,-79.0,-83.19999999999891,7.0,5.0,-0.09999999999999964,9.2,65.9,3.763752171395507,34.4,,,-5.3,-2.4,59.8,4035.0,4948.0,5167.0,2837.0,1958.0,,,100.8785,-0.7427676334748168,328037.0,1.5978171321675783,1013.0,-32.013422818791945,1008.0,-31.428571428571427,362000.0,3055000.0,366000.0,-8000.0,69000.0,367000.0,3016000.0,,,,,,1.4,4.06,1.98,127.35,17.83,2.48,-219.0,-70.0,-62.0,-117.0,-22.5,16.083333333333332,-189.0
2008-06-01,-0.1021798365122617,-222.0,-34.0,-53.0,-62.70000000000073,33.0,5.4,0.40000000000000036,9.7,66.1,3.6908881199538612,34.4,,,1.4,-8.8,56.4,4194.0,4691.0,4852.0,2607.0,1950.0,,,100.2674,-1.4383086308347726,331088.0,1.1678573392897462,973.0,-31.236749116607776,995.0,-33.3556597454789,392000.0,3110000.0,383250.0,30000.0,55000.0,378000.0,3057000.0,,,,,,1.36,3.99,2.0,139.96,23.95,2.51,-189.0,-219.0,-70.0,-159.33333333333334,-73.16666666666667,-11.75,-151.0
2008-07-01,-0.2679800101397789,-185.0,-61.0,-61.0,-24.0,34.0,5.6,0.1999999999999993,10.0,66.1,3.618609994256161,34.3,,,-3.3,-5.5,61.2,3830.0,4893.0,5061.0,2595.0,2172.0,,,100.0335,-1.724935725071297,331764.0,2.3722830447179044,1046.0,-27.762430939226522,1180.0,-16.13361762615494,434000.0,3261000.0,398000.0,42000.0,151000.0,385000.0,3104000.0,,,,,,1.47,3.99,2.01,124.17,22.94,2.34,-151.0,-189.0,-219.0,-186.33333333333334,-115.83333333333333,-30.833333333333332,-203.0
2008-08-01,-0.3962504708643566,-254.0,-75.0,-53.0,-39.79999999999927,51.0,5.8,0.20000000000000018,10.5,66.1,3.6655211912943964,34.3,,,-6.1,-5.3,63.0,3749.0,4637.0,4845.0,2489.0,2071.0,,,99.676,-1.9585471027037116,330301.0,1.4889923338095912,923.0,-31.83161004431314,921.0,-32.329169728141075,442000.0,3464000.0,429250.0,8000.0,203000.0,424000.0,3385000.0,,,,,,1.47,3.83,2.0,115.55,20.65,2.15,-203.0,-151.0,-189.0,-181.0,-149.0,-45.583333333333336,-286.0
2008-09-01,-0.5811046785447749,-285.0,-71.0,-46.0,-60.900000000001455,-1.0,6.1,0.2999999999999998,10.8,66.1,3.8857142857142923,34.3,,,-5.9,-3.3,70.3,3674.0,4682.0,5006.0,2445.0,2190.0,,,98.1111,-3.6832804845724265,327296.0,-0.045198568304805065,844.0,-36.54135338345864,858.0,-35.049205147615446,483000.0,3623000.0,464000.0,41000.0,159000.0,449000.0,3493000.0,,,,,,1.85,3.85,1.81,100.7,39.39,1.6,-286.0,-203.0,-151.0,-213.33333333333334,-186.33333333333334,-66.83333333333333,-451.0
2008-10-01,-0.9695942765697074,-421.0,-81.0,-70.0,-65.79999999999927,-30.0,6.1,0.0,11.1,66.0,3.703703703703698,34.2,,,-8.4,-19.5,57.6,3222.0,4499.0,4902.0,2468.0,2088.0,,,93.7895,-8.130031129578574,321568.0,-2.160234644078518,820.0,-30.68469991546915,797.0,-36.79619349722443,480000.0,3823000.0,475250.0,-3000.0,200000.0,478000.0,3729000.0,,,,,,2.45,4.01,0.97,68.1,59.89,0.87,-451.0,-286.0,-203.0,-313.3333333333333,-249.83333333333334,-111.58333333333333,-469.0
2008-11-01,-1.3634883300162826,-481.0,-129.0,-77.0,-61.600000000000364,12.0,6.5,0.40000000000000036,11.8,66.0,3.811149032992045,34.3,,,-25.1,-26.5,55.3,3377.0,4548.0,4965.0,2347.0,2250.0,,,94.7219,-6.954317961916079,308968.0,-6.52742146280072,777.0,-38.52848101265823,736.0,-38.25503355704698,529000.0,4447000.0,527250.0,49000.0,624000.0,536000.0,4002000.0,,,,,,1.93,2.93,0.39,55.21,55.84,0.33,-469.0,-451.0,-286.0,-402.0,-291.5,-157.0,-750.0
2008-12-01,-1.987851616168923,-761.0,-112.0,-154.0,-128.79999999999927,11.0,6.8,0.2999999999999998,12.7,65.9,3.8570618264322176,34.1,,,-16.4,-31.1,60.1,3231.0,4104.0,4819.0,2157.0,2290.0,,,93.4715,-8.669827230747885,295396.0,-11.563644202011247,652.0,-45.530492898913955,626.0,-48.856209150326805,533000.0,4679000.0,564000.0,4000.0,232000.0,566000.0,4445000.0,,,,,,1.49,2.25,0.16,44.6,40.0,0.11,-750.0,-469.0,-451.0,-556.6666666666666,-385.0,-229.08333333333334,-694.0
2009-01-01,-2.563676433397155,-690.0,-184.0,-112.0,-105.60000000000036,-4.0,7.3,0.5,13.6,65.8,4.015837104072406,33.9,,,-23.4,-38.8,61.2,3146.0,4348.0,4875.0,2084.0,2482.0,,,90.8357,-11.276192783181926,287571.0,-12.661157325995642,560.0,-45.998071359691416,554.0,-51.784160139251526,629000.0,5010000.0,589250.0,96000.0,331000.0,591000.0,4864000.0,,,,,,1.93,2.87,0.15,41.73,44.84,1.14,-694.0,-750.0,-469.0,-637.6666666666666,-475.5,-295.6666666666667,-768.0
2009-02-01,-3.1158095540894992,-791.0,-290.0,-134.0,-83.70000000000073,23.0,7.8,0.5,14.1,65.7,3.6640360766629243,34.0,,,-36.7,-44.6,56.3,2738.0,4095.0,4865.0,1976.0,2581.0,,,88.57,-13.374567704176643,292449.0,-11.507271285834452,490.0,-54.79704797047971,545.0,-50.18281535648994,652000.0,5445000.0,644000.0,23000.0,435000.0,632000.0,5279000.0,,,,,,2.02,3.02,0.22,44.15,46.35,0.96,-768.0,-694.0,-750.0,-737.3333333333334,-569.6666666666666,-359.3333333333333,-761.0
2009-03-01,-3.6225231151819193,-758.0,-181.0,-121.0,-83.19999999999891,-3.0,8.3,0.5000000000000009,15.1,65.8,3.5955056179775235,34.0,,,-39.7,-51.8,57.3,2864.0,4061.0,4852.0,1952.0,2599.0,,,88.031,-13.562730377303279,291429.0,-11.114194998612248,582.0,-47.23481414324569,558.0,-44.97041420118343,665000.0,5935000.0,659250.0,13000.0,490000.0,651000.0,5699000.0,,,,,,1.9,2.71,0.18,49.64,44.14,1.28,-761.0,-768.0,-694.0,-741.0,-648.8333333333334,-417.5833333333333,-824.0
2009-04-01,-4.169710470927757,-808.0,-175.0,-155.0,-86.30000000000109,-16.0,8.7,0.3999999999999986,15.8,65.6,3.4695019585897935,33.8,,,-32.5,-39.4,65.1,2534.0,3858.0,4720.0,1834.0,2575.0,,,86.6528,-14.656035046526473,286022.0,-12.92904262800121,505.0,-49.75124378109452,513.0,-46.94932781799379,620000.0,6300000.0,627750.0,-45000.0,365000.0,639000.0,6264000.0,,,,,,2.25,3.16,0.15,50.35,36.5,1.47,-824.0,-761.0,-768.0,-784.3333333333334,-711.0,-480.4166666666667,-672.0
2009-05-01,-4.504491451753112,-789.0,-179.0,-137.0,-63.69999999999891,117.0,9.0,0.3000000000000007,15.9,65.7,3.3482142857142794,33.8,,,-30.0,-29.8,68.7,2295.0,3888.0,4690.0,1712.0,2654.0,,,85.9344,-14.81395936696125,287530.0,-12.348302173230463,478.0,-52.81342546890424,521.0,-48.313492063492056,607000.0,6635000.0,614500.0,-13000.0,335000.0,620000.0,6539000.0,,,,,,2.55,3.47,0.18,66.31,28.92,1.8,-672.0,-824.0,-761.0,-752.3333333333334,-744.8333333333334,-518.1666666666666,-356.0
2009-06-01,-4.631812609266528,-296.0,-167.0,-54.0,-15.700000000000728,-60.0,9.4,0.40000000000000036,16.5,65.7,3.058954393770863,33.8,,,-22.9,-23.1,70.8,2549.0,3758.0,4192.0,1683.0,2231.0,,,85.0665,-15.160361194166793,290215.0,-12.345056299231628,540.0,-44.50154162384378,556.0,-44.120603015075375,594000.0,6618000.0,598250.0,-13000.0,-17000.0,595000.0,6525000.0,,,,,,2.42,3.53,0.21,69.82,26.35,1.75,-356.0,-672.0,-824.0,-617.3333333333334,-679.1666666666666,-532.0833333333334,-458.0
2009-07-01,-4.859840232389256,-417.0,-137.0,-90.0,-13.199999999998909,-41.0,9.5,0.09999999999999964,16.5,65.7,2.882483370288247,33.7,,,-18.9,-22.6,66.0,2503.0,3639.0,4234.0,1685.0,2261.0,,,84.7459,-15.282480369076357,295458.0,-10.943321156002462,585.0,-44.07265774378585,601.0,-49.06779661016949,587000.0,6157000.0,566500.0,-7000.0,-461000.0,560000.0,6118000.0,,,,,,2.39,3.52,0.16,69.26,25.92,1.81,-458.0,-356.0,-672.0,-495.3333333333333,-639.8333333333334,-557.6666666666666,-346.0
2009-08-01,-4.97101754947381,-291.0,-59.0,-78.0,-54.900000000001455,-55.0,9.5,0.0,16.4,65.5,2.707182320441981,33.8,,,-9.9,-14.1,65.7,2232.0,3857.0,4235.0,1685.0,2267.0,,,85.7027,-14.018720654921957,296928.0,-10.103814399593103,594.0,-35.644637053087756,595.0,-35.39630836047775,564000.0,5970000.0,560250.0,-23000.0,-187000.0,562000.0,6008000.0,,,,,,2.43,3.4,0.16,69.97,26.01,1.64,-346.0,-458.0,-356.0,-386.6666666666667,-569.5,-569.5833333333334,-190.0
2009-09-01,-4.911413807930853,-206.0,-42.0,-77.0,-8.099999999998545,16.0,9.6,0.09999999999999964,16.7,65.4,2.695269526952715,33.8,,,-8.6,-14.1,73.5,2338.0,3810.0,3985.0,1555.0,2119.0,,,86.6426,-11.689299172061052,302871.0,-7.462663766132183,586.0,-30.568720379146917,616.0,-28.205128205128204,554000.0,5912000.0,547500.0,-10000.0,-58000.0,542000.0,6006000.0,,,,,,2.36,3.31,0.15,70.46,25.61,1.75,-190.0,-346.0,-458.0,-331.3333333333333,-474.3333333333333,-561.5833333333334,-226.0
2009-10-01,-4.76308862240421,-140.0,-32.0,-68.0,-32.100000000000364,-86.0,9.8,0.20000000000000107,16.7,65.1,2.7472527472527375,33.9,,,4.7,-6.7,70.6,2487.0,3944.0,4126.0,1627.0,2195.0,,,87.4063,-6.805879122929537,294449.0,-8.433364016320033,585.0,-28.65853658536586,609.0,-23.588456712672524,522000.0,5649000.0,523500.0,-32000.0,-263000.0,531000.0,5746000.0,,,,,,2.51,3.41,0.12,77.04,30.69,2.0,-226.0,-190.0,-346.0,-254.0,-374.6666666666667,-542.8333333333334,-185.0
2009-11-01,-4.571101540087019,-258.0,-53.0,-71.0,-48.399999999999636,73.0,10.0,0.1999999999999993,17.1,65.0,2.6849315068492974,33.8,,,5.6,-3.8,67.4,2406.0,3838.0,3996.0,1660.0,2028.0,,,87.6419,-7.474512230012276,298067.0,-3.528197094844776,534.0,-31.27413127413128,583.0,-20.788043478260864,475000.0,5323000.0,494000.0,-47000.0,-326000.0,507000.0,5462000.0,,,,,,2.54,3.21,0.12,77.19,24.51,2.08,-185.0,-226.0,-190.0,-200.33333333333334,-293.5,-519.1666666666666,-4.0
2009-12-01,-4.0460082189153095,-13.0,-29.0,-20.0,-17.80000000000109,9.0,9.9,-0.09999999999999964,17.1,65.0,2.6761332605133914,33.9,,,2.5,3.8,72.5,2503.0,4024.0,4002.0,1810.0,1913.0,,,88.0221,-5.83001235670767,300583.0,1.755947947839509,588.0,-9.815950920245397,623.0,-0.4792332268370614,468000.0,4987000.0,485500.0,-7000.0,-336000.0,498000.0,5191000.0,,,,,,2.71,3.85,0.12,79.39,21.68,2.37,-4.0,-185.0,-226.0,-138.33333333333334,-234.83333333333334,-457.0,-249.0
2010-01-01,-3.7368276639450637,-198.0,-33.0,-42.0,-31.299999999999272,-51.0,9.9,0.0,17.2,64.6,2.446982055464919,33.9,104263.0,,6.2,3.5,74.4,2568.0,4004.0,4099.0,1766.0,2033.0,,,88.3793,-2.704223119324234,301959.0,5.003286144986796,581.0,3.750000000000009,664.0,19.85559566787003,496000.0,4796000.0,485750.0,28000.0,-191000.0,507000.0,4809000.0,,,,,,2.81,3.63,0.11,72.85,24.62,2.33,-249.0,-4.0,-185.0,-146.0,-200.0,-419.9166666666667,-6.0
2010-02-01,-3.18991042594291,-15.0,-18.0,-74.0,49.69999999999891,9.0,9.8,-0.09999999999999964,16.6,64.8,2.6644915715062556,34.0,104225.0,-38.0,9.7,3.0,73.6,2837.0,3904.0,3940.0,1742.0,1880.0,,,89.3426,0.87230439200634,302325.0,3.376999066503905,614.0,25.306122448979586,636.0,16.697247706422026,488000.0,4755000.0,485750.0,-8000.0,-41000.0,489000.0,4815000.0,,,,,,2.8,3.61,0.13,79.72,19.5,2.13,-6.0,-249.0,-4.0,-86.33333333333333,-143.33333333333334,-356.4166666666667,-96.0
2010-03-01,-2.7093115708306414,-81.0,-8.0,-80.0,-1.0,-15.0,9.8,0.0,17.0,64.9,2.5488069414316694,33.8,104225.0,0.0,12.7,5.8,73.6,2666.0,3864.0,4011.0,1844.0,1825.0,,,89.6779,1.8708182344855606,302310.0,3.733670979895609,604.0,3.7800687285223455,650.0,16.48745519713262,459000.0,4668000.0,470250.0,-29000.0,-87000.0,478000.0,4750000.0,,,,,,2.82,3.84,0.16,83.45,17.59,2.24,-96.0,-6.0,-249.0,-117.0,-127.66666666666667,-301.0,160.0
2010-04-01,-1.9834860446510838,118.0,0.0,37.0,34.400000000001455,42.0,9.9,0.09999999999999964,17.1,64.9,2.3255813953488635,34.0,104258.0,33.0,14.7,6.6,72.2,2679.0,4302.0,4089.0,1856.0,1924.0,,,90.2928,4.200672107537207,309525.0,8.217200075518672,636.0,25.940594059405942,687.0,33.91812865497077,449000.0,4690000.0,469000.0,-10000.0,22000.0,469000.0,4721000.0,,,,,,2.72,3.69,0.2,86.07,22.05,2.4,160.0,-96.0,-6.0,19.333333333333332,-63.333333333333336,-219.0,254.0
2010-05-01,-1.2911350153995582,203.0,36.0,16.0,-3.900000000001455,51.0,9.9,0.0,17.2,65.2,2.3758099352051865,34.1,104337.0,79.0,16.1,3.9,73.6,3153.0,4159.0,3945.0,1897.0,1749.0,,,90.5991,5.4282103558062955,312143.0,8.56015024519181,687.0,43.72384937238494,637.0,22.26487523992322,458000.0,4553000.0,461500.0,9000.0,-137000.0,474000.0,4688000.0,,,,,,2.55,3.31,0.2,74.0,32.07,1.99,254.0,160.0,-96.0,106.0,9.833333333333334,-141.83333333333334,522.0
2010-06-01,-0.6267780262577349,95.0,36.0,-33.0,8.200000000000728,427.0,9.6,-0.3000000000000007,16.7,64.9,2.59039395574745,34.2,104435.0,98.0,10.6,-0.6,76.0,2988.0,4420.0,3924.0,1813.0,1762.0,,,91.823,7.942609605426321,309158.0,6.527229812380475,583.0,7.962962962962972,575.0,3.4172661870503607,464000.0,4484000.0,460500.0,6000.0,-69000.0,467000.0,4606000.0,,,,,,2.36,2.97,0.18,75.59,34.54,1.82,522.0,254.0,160.0,312.0,97.5,-68.66666666666667,-132.0
2010-07-01,-0.3801294577430392,124.0,18.0,-4.0,2.899999999999636,-256.0,9.4,-0.1999999999999993,16.4,64.6,2.5323275862069172,34.1,104550.0,115.0,8.8,8.3,67.8,2801.0,4111.0,4311.0,1911.0,2075.0,,,91.9928,8.551328146848402,308588.0,4.443948039992152,536.0,-8.37606837606838,587.0,-2.329450915141429,476000.0,4467000.0,460500.0,12000.0,-17000.0,462000.0,4545000.0,,,,,,2.39,2.94,0.18,78.85,23.5,1.8,-132.0,522.0,254.0,214.66666666666666,117.0,-41.5,-95.0
2010-08-01,-0.1890373635793141,76.0,17.0,-8.0,2.8000000000010914,-171.0,9.4,0.0,16.4,64.6,2.4206562668101173,34.2,104644.0,94.0,10.9,0.8,68.9,3082.0,4163.0,4269.0,1785.0,2166.0,3042.0,,92.3421,7.747013804699288,309543.0,4.2485046880051724,546.0,-8.080808080808078,579.0,-2.6890756302521024,467000.0,4509000.0,475000.0,-9000.0,42000.0,486000.0,4432000.0,,,,,,2.0,2.47,0.19,71.93,26.05,1.52,-95.0,-132.0,522.0,98.33333333333333,102.16666666666667,-20.583333333333332,0.0
2010-09-01,-0.0436875344901555,149.0,-8.0,16.0,11.899999999999636,-149.0,9.5,0.09999999999999964,16.5,64.7,2.3567220139260714,34.2,104802.0,158.0,14.7,3.6,68.2,2999.0,4046.0,4054.0,1842.0,1890.0,3201.0,,92.6805,6.968742858593813,310761.0,2.6050694850282774,599.0,2.2184300341296925,580.0,-5.844155844155841,459000.0,4431000.0,453500.0,-8000.0,-78000.0,459000.0,4452000.0,,,,,,2.11,2.53,0.19,79.95,23.7,1.78,0.0,-95.0,-132.0,-75.66666666666667,118.16666666666667,-4.75,-74.0
2010-10-01,0.07293890023494232,99.0,11.0,-23.0,6.199999999998909,-173.0,9.5,0.0,16.9,64.6,2.1925133689839615,34.3,104926.0,124.0,16.3,6.0,67.7,2918.0,4034.0,4045.0,1895.0,1832.0,2929.0,-128.33333333333348,92.9537,6.346682104150392,313785.0,6.566841796032596,594.0,1.538461538461533,563.0,-7.5533661740558316,453000.0,4328000.0,447000.0,-6000.0,-103000.0,444000.0,4348000.0,,,,,,2.29,2.63,0.19,81.45,21.2,2.13,-74.0,0.0,-95.0,-56.333333333333336,79.16666666666667,7.916666666666667,279.0
2010-11-01,0.4297983254011539,229.0,-1.0,7.0,41.80000000000109,50.0,9.4,-0.09999999999999964,16.6,64.4,2.5080042689434423,34.3,105052.0,126.0,14.9,11.0,71.6,3235.0,4173.0,3884.0,1846.0,1745.0,3362.0,198.0,92.6903,5.760258506490601,317699.0,6.586438619505008,543.0,1.6853932584269593,558.0,-4.288164665523153,432000.0,4118000.0,426250.0,-21000.0,-210000.0,432000.0,4176000.0,,,,,,2.36,2.81,0.19,84.12,23.54,2.07,279.0,-74.0,0.0,68.33333333333333,83.33333333333333,46.583333333333336,129.0
2010-12-01,0.5320743981485077,139.0,23.0,-2.0,-15.800000000001091,-10.0,9.8,0.40000000000000036,16.9,64.6,2.1808510638297918,34.2,105235.0,183.0,5.9,4.0,74.5,3211.0,4182.0,4067.0,1887.0,1849.0,,,92.7709,5.39500875348351,320695.0,6.690997162181489,545.0,-7.31292517006803,560.0,-10.1123595505618,404000.0,4088000.0,420250.0,-28000.0,-30000.0,424000.0,4113000.0,,,,,,2.69,3.3,0.18,91.38,17.75,2.3,129.0,279.0,-74.0,111.33333333333333,17.833333333333332,57.666666666666664,81.0
2011-01-01,0.7873166522864627,102.0,8.0,-39.0,-1.7999999999992724,-21.0,9.3,-0.5,16.6,64.3,2.070063694267521,34.3,105416.0,181.0,10.3,14.1,74.2,3058.0,4299.0,4142.0,1977.0,1854.0,3063.0,-55.0,93.6787,5.996200467756596,323421.0,7.107587453925857,539.0,-7.2289156626506035,632.0,-4.81927710843374,420000.0,3887000.0,430250.0,16000.0,-201000.0,421000.0,3974000.0,,,,,,2.84,3.42,0.17,90.99,19.53,2.34,81.0,129.0,279.0,163.0,53.333333333333336,85.16666666666667,7.0
2011-02-01,0.7973682994098619,15.0,27.0,-40.0,46.5,-8.0,9.1,-0.20000000000000107,16.1,64.2,2.3834745762711718,34.2,105600.0,184.0,6.1,17.7,77.5,3104.0,4000.0,4001.0,1832.0,1827.0,2760.0,-301.6666666666665,93.4814,4.632504538708293,325674.0,7.72314562143388,630.0,2.6058631921824116,576.0,-9.433962264150942,385000.0,3809000.0,401500.0,-35000.0,-78000.0,425000.0,3839000.0,,,,,,2.73,3.42,0.16,97.1,18.35,2.39,7.0,81.0,129.0,72.33333333333333,70.33333333333333,86.25,220.0
2011-03-01,1.041586356837776,263.0,31.0,24.0,27.200000000000728,-43.0,9.0,-0.09999999999999964,16.0,64.1,2.115282919090422,34.3,105770.0,170.0,9.5,14.9,67.5,3226.0,4231.0,4037.0,1958.0,1755.0,,,93.1102,3.827364378514675,328049.0,8.514108034798706,517.0,-14.403973509933776,542.0,-16.61538461538462,399000.0,3766000.0,406000.0,14000.0,-43000.0,404000.0,3772000.0,,,,,,2.67,3.47,0.14,106.19,17.74,2.48,220.0,7.0,81.0,102.66666666666667,107.0,112.58333333333333,226.0
2011-04-01,1.0911246977653999,249.0,22.0,26.0,19.69999999999891,-23.0,9.0,0.0,16.0,64.2,2.0084566596194398,34.3,105994.0,224.0,15.7,11.6,69.8,3261.0,4430.0,4142.0,2033.0,1794.0,3124.0,141.66666666666652,94.0788,4.193025357503588,331161.0,6.990065422825298,600.0,-5.660377358490565,583.0,-15.138282387190682,468000.0,3834000.0,427000.0,69000.0,68000.0,402000.0,3717000.0,,,,,,2.71,3.32,0.1,113.39,14.75,2.57,226.0,220.0,7.0,151.0,157.0,118.08333333333333,314.0
2011-05-01,1.135106055948354,322.0,30.0,8.0,64.89999999999964,-8.0,9.1,0.09999999999999964,16.1,64.2,2.1097046413502074,34.4,106175.0,181.0,18.5,23.2,74.3,3259.0,4296.0,3991.0,1882.0,1792.0,2972.0,20.0,93.7749,3.505332834432129,333189.0,6.742422543513715,554.0,-19.359534206695784,581.0,-8.791208791208794,418000.0,3728000.0,422500.0,-50000.0,-106000.0,414000.0,3781000.0,,,,,,2.6,3.05,0.09,102.7,15.45,2.25,314.0,226.0,220.0,253.33333333333334,162.83333333333334,123.08333333333333,106.0
2011-06-01,0.8121431086480557,161.0,8.0,31.0,1.5,-55.0,9.0,-0.09999999999999964,15.9,64.1,2.1041557075223594,34.4,106428.0,253.0,7.9,4.5,71.5,3179.0,4261.0,4189.0,1965.0,1904.0,,,93.888,2.248891889831528,332409.0,7.520749907814128,561.0,-3.7735849056603765,618.0,7.478260869565223,421000.0,3719000.0,418250.0,3000.0,-9000.0,416000.0,3752000.0,,,,,,2.73,3.18,0.09,95.3,16.52,2.43,106.0,314.0,226.0,215.33333333333334,159.0,88.41666666666667,228.0
2011-07-01,1.0888054555206583,193.0,13.0,12.0,33.400000000001455,35.0,9.1,0.09999999999999964,16.1,64.0,1.9968470835522778,34.3,106662.0,234.0,0.8,11.3,63.7,3455.0,4366.0,4173.0,1923.0,1942.0,3109.0,40.666666666666515,94.172,2.3688810428642126,335108.0,8.593982915732301,608.0,13.432835820895516,636.0,8.347529812606469,406000.0,3676000.0,411250.0,-15000.0,-43000.0,420000.0,3734000.0,,,,,,2.46,2.82,0.07,95.68,25.25,2.44,228.0,106.0,314.0,216.0,183.5,118.41666666666667,61.0
2011-08-01,1.2092167312042434,176.0,19.0,19.0,38.29999999999927,-115.0,9.0,-0.09999999999999964,15.9,64.0,2.310924369747913,34.4,106904.0,242.0,-0.1,0.7,55.8,3623.0,4261.0,4153.0,1986.0,1845.0,3228.0,125.0,94.636,2.484132372991299,334922.0,8.198860901393346,623.0,14.102564102564097,621.0,7.253886010362698,409000.0,3723000.0,409500.0,3000.0,47000.0,409000.0,3717000.0,,,,,,2.03,2.23,0.1,88.81,31.62,2.05,61.0,228.0,106.0,131.66666666666666,192.5,131.41666666666666,133.0
2011-09-01,1.3111988651612227,165.0,19.0,5.0,1.7000000000007276,-32.0,9.0,0.0,16.1,64.1,1.8838304552590168,34.3,107144.0,240.0,-3.9,7.5,59.5,3329.0,4298.0,4173.0,2031.0,1845.0,,,95.2749,2.7992943499441703,335163.0,7.852336683174532,585.0,-2.3372287145242088,647.0,11.551724137931041,406000.0,3707000.0,417750.0,-3000.0,-16000.0,422000.0,3747000.0,,,,,,1.67,1.92,0.08,78.93,42.96,1.75,133.0,61.0,228.0,140.66666666666666,178.0,142.5,219.0
2011-10-01,1.53673824813374,253.0,4.0,32.0,8.5,-34.0,9.0,0.0,16.4,64.2,1.9884877027734227,34.4,107296.0,152.0,1.5,6.6,60.8,3774.0,4429.0,4208.0,2041.0,1872.0,3354.0,123.66666666666652,95.1961,2.4123837996766095,339011.0,8.039262552384585,650.0,9.427609427609429,610.0,8.348134991119016,399000.0,3677000.0,401750.0,-7000.0,-30000.0,395000.0,3704000.0,,,,,,1.92,2.17,0.07,93.19,29.96,2.09,219.0,133.0,61.0,137.66666666666666,176.83333333333334,166.91666666666666,209.0
2011-11-01,1.4798652580003013,194.0,10.0,4.0,12.599999999998545,15.0,8.8,-0.1999999999999993,15.8,64.1,1.8219677251431365,34.5,107476.0,180.0,2.4,10.8,63.7,3619.0,4370.0,4150.0,1997.0,1794.0,,,95.8568,3.4162150732061747,341058.0,7.352556980034564,610.0,12.338858195211788,671.0,20.250896057347667,397000.0,3592000.0,389250.0,-2000.0,-85000.0,383000.0,3676000.0,,,,,,1.83,2.08,0.08,100.36,27.8,2.05,209.0,219.0,133.0,187.0,159.33333333333334,161.08333333333334,137.0
2011-12-01,1.4845237822086688,164.0,-9.0,5.0,16.400000000001455,-27.0,8.6,-0.20000000000000107,15.6,64.1,1.8219677251431365,34.4,107825.0,349.0,11.4,10.2,69.9,3565.0,4365.0,4267.0,2039.0,1912.0,3161.0,-86.66666666666652,95.8485,3.3174195787687877,342214.0,6.710113971218767,711.0,30.458715596330265,706.0,26.07142857142857,376000.0,3566000.0,374500.0,-21000.0,-26000.0,368000.0,3588000.0,,,,,,1.64,1.89,0.07,98.83,23.4,1.96,137.0,209.0,219.0,188.33333333333334,164.5,161.75,198.0
2012-01-01,1.573033707865168,215.0,30.0,18.0,-8.0,-17.0,8.5,-0.09999999999999964,15.2,64.0,1.7680707228289183,34.4,108070.0,245.0,13.4,9.6,75.0,3768.0,4356.0,4084.0,1981.0,1801.0,3376.0,79.0,96.3571,2.859134467066693,343093.0,6.082474545561367,694.0,28.7569573283859,697.0,10.28481012658229,372000.0,3454000.0,377750.0,-4000.0,-112000.0,367000.0,3511000.0,,,,,,1.61,1.83,0.08,98.46,19.44,2.11,198.0,137.0,209.0,181.33333333333334,159.5,171.5,358.0
2012-02-01,1.8412222842162373,366.0,37.0,15.0,59.29999999999927,-8.0,8.3,-0.1999999999999993,15.1,63.7,1.345059493016043,34.5,108337.0,267.0,12.9,-1.3,75.3,3909.0,4457.0,4158.0,2030.0,1797.0,,,96.9318,3.6910016324102957,345656.0,6.135583436196934,723.0,14.761904761904754,712.0,23.611111111111114,365000.0,3392000.0,363250.0,-7000.0,-62000.0,359000.0,3382000.0,,,,,,1.68,1.98,0.1,107.08,18.43,2.26,358.0,198.0,137.0,231.0,209.0,200.75,263.0
2012-03-01,1.8709416513425392,262.0,21.0,3.0,-6.399999999999636,1.0,8.3,0.0,15.0,63.8,1.3982392542724043,34.5,108556.0,219.0,13.3,4.8,76.2,3616.0,4560.0,4349.0,2130.0,1903.0,3498.0,153.0,97.2435,4.439148449901298,350345.0,6.796545637999207,704.0,36.170212765957444,738.0,36.162361623616235,358000.0,3286000.0,364500.0,-7000.0,-106000.0,368000.0,3342000.0,,,,,,1.9,2.23,0.13,103.03,15.5,2.32,263.0,358.0,198.0,273.0,230.66666666666666,204.33333333333334,239.0
2012-04-01,1.8776231499889606,243.0,39.0,-4.0,16.19999999999891,-4.0,8.2,-0.10000000000000142,14.6,63.8,1.7616580310880758,34.5,108754.0,198.0,12.3,15.0,76.4,3979.0,4575.0,4277.0,2167.0,1784.0,3737.0,200.0,96.74,2.8286925428470555,351748.0,6.216613671295845,695.0,15.833333333333343,806.0,38.25042881646654,372000.0,3296000.0,381750.0,14000.0,10000.0,381000.0,3355000.0,,,,,,1.68,1.95,0.14,104.89,17.15,2.25,239.0,263.0,358.0,286.6666666666667,234.0,205.41666666666666,77.0
2012-05-01,1.693047713853657,89.0,17.0,-7.0,7.700000000000728,-12.0,8.2,0.0,14.7,63.7,1.6528925619834656,34.4,108917.0,163.0,15.9,1.3,79.3,3793.0,4389.0,4333.0,2134.0,1880.0,,,97.4359,3.9040297563633697,349722.0,4.962048567029531,753.0,35.92057761732852,732.0,25.989672977624778,381000.0,3351000.0,373500.0,9000.0,55000.0,369000.0,3334000.0,,,,,,1.32,1.59,0.16,86.52,24.06,2.09,77.0,239.0,263.0,193.0,212.0,185.66666666666666,107.0
2012-06-01,1.6924443634541264,127.0,11.0,-14.0,7.899999999999636,-20.0,8.2,0.0,14.8,63.7,1.391035548686248,34.3,109073.0,156.0,9.6,3.7,73.2,3835.0,4533.0,4437.0,2138.0,1969.0,3642.0,16.333333333333485,97.6609,4.0185114178595605,349064.0,5.010393822068604,708.0,26.203208556149725,796.0,28.802588996763756,372000.0,3304000.0,379750.0,-9000.0,-47000.0,384000.0,3323000.0,,,,,,1.34,1.67,0.16,85.04,17.08,2.13,107.0,77.0,239.0,141.0,207.0,185.75,81.0
2012-07-01,1.5780976419492054,62.0,10.0,17.0,-19.299999999999272,19.0,8.2,0.0,14.7,63.8,1.5455950540958385,34.4,109183.0,110.0,18.3,-6.0,72.3,3911.0,4440.0,4382.0,2152.0,1892.0,3762.0,48.333333333333485,97.6663,3.7105509068513065,345339.0,3.0530455853038374,757.0,24.50657894736843,794.0,24.84276729559749,372000.0,3312000.0,372500.0,0.0,8000.0,390000.0,3307000.0,,,,,,1.28,1.51,0.16,88.08,18.93,2.2,81.0,107.0,77.0,88.33333333333333,187.5,173.5,144.0
2012-08-01,1.6402509242984475,161.0,26.0,11.0,-10.100000000000364,-17.0,8.2,0.0,14.7,63.7,1.386036960985626,34.4,109315.0,132.0,13.1,-5.0,74.3,3735.0,4327.0,4151.0,2072.0,1722.0,,,97.8713,3.418677881567289,346936.0,3.587103862988994,740.0,18.780096308186202,849.0,36.714975845410635,377000.0,3321000.0,373250.0,5000.0,9000.0,376000.0,3306000.0,,,,,,1.35,1.57,0.13,96.47,17.47,2.25,144.0,81.0,107.0,110.66666666666667,151.83333333333334,180.41666666666666,182.0
2012-09-01,1.6756859035004679,179.0,-4.0,16.0,11.200000000000728,3.0,8.1,-0.09999999999999964,14.6,63.5,1.3867488443759513,34.4,109445.0,130.0,6.3,-7.6,78.3,3809.0,4450.0,4318.0,2069.0,1894.0,3561.0,-94.0,97.4525,2.285596731143258,351782.0,4.958482887430882,754.0,28.888888888888896,840.0,29.82998454404946,376000.0,3309000.0,384500.0,-1000.0,-12000.0,392000.0,3316000.0,,,,,,1.42,1.65,0.14,92.18,15.73,2.42,182.0,144.0,81.0,135.66666666666666,138.33333333333334,184.5,178.0
2012-10-01,1.6419331439279539,169.0,-6.0,13.0,27.299999999999272,9.0,7.8,-0.2999999999999998,14.8,63.6,1.5392508978963715,34.4,109643.0,198.0,-0.6,-9.1,82.6,3882.0,4302.0,4092.0,1950.0,1805.0,3561.0,-67.0,97.381,2.2951570495009843,354575.0,4.591001471928635,847.0,30.307692307692303,930.0,52.45901639344262,364000.0,3223000.0,368500.0,-12000.0,-86000.0,386000.0,3302000.0,,,,,,1.42,1.72,0.16,86.23,18.6,2.5,178.0,182.0,144.0,168.0,128.16666666666666,181.08333333333334,152.0
2012-11-01,1.5963425950374477,174.0,7.0,13.0,16.100000000000364,-22.0,7.8,0.0,14.4,63.8,1.1758691206543936,34.4,109970.0,327.0,-7.4,-7.7,82.7,3775.0,4389.0,4261.0,2035.0,1891.0,3675.0,76.0,97.7193,1.9430024786973865,354747.0,4.0136868215963295,915.0,50.0,887.0,32.19076005961252,388000.0,3248000.0,401250.0,24000.0,25000.0,406000.0,3325000.0,,,,,,1.37,1.62,0.16,88.54,15.87,2.41,152.0,178.0,182.0,170.66666666666666,140.66666666666666,176.33333333333334,156.0
2012-12-01,1.6090134900896835,176.0,-11.0,10.0,78.39999999999964,-20.0,7.7,-0.09999999999999964,14.4,63.6,1.4314928425357865,34.4,110224.0,254.0,-2.8,2.0,72.9,3878.0,4489.0,4347.0,2078.0,1921.0,3676.0,38.666666666666515,98.0777,2.3257536633332743,356158.0,4.074643351820795,833.0,17.15893108298172,917.0,29.886685552407922,362000.0,3127000.0,355000.0,-26000.0,-121000.0,356000.0,3179000.0,,,,,,1.53,1.78,0.16,91.83,18.02,2.45,156.0,152.0,178.0,162.0,148.83333333333334,177.91666666666666,249.0
2013-01-01,1.6449942808981932,245.0,9.0,40.0,-30.399999999999636,4.0,7.9,0.20000000000000018,14.4,63.7,1.686254471129267,34.5,110428.0,204.0,-3.4,-5.6,73.8,3970.0,4452.0,4118.0,2051.0,1700.0,,,98.3101,2.0268355938483085,357519.0,4.2046908564150165,976.0,40.63400576368876,941.0,35.00717360114778,366000.0,3138000.0,353000.0,4000.0,11000.0,344000.0,3108000.0,,,,,,1.75,2.02,0.14,97.65,14.28,2.59,249.0,156.0,152.0,185.66666666666666,176.83333333333334,182.16666666666666,183.0
2013-02-01,1.5092385512510686,201.0,23.0,22.0,22.69999999999891,-18.0,8.0,0.09999999999999964,14.5,63.7,1.7355793772332762,34.4,110624.0,196.0,7.9,-1.3,77.6,3923.0,4487.0,4347.0,2280.0,1678.0,3693.0,11.666666666666515,98.3342,1.4467904237824847,360257.0,4.22414192144791,888.0,22.821576763485485,940.0,32.02247191011236,342000.0,3043000.0,353000.0,-24000.0,-95000.0,362000.0,3036000.0,,,,,,1.64,1.89,0.15,92.03,15.51,2.53,183.0,249.0,156.0,196.0,183.33333333333334,167.58333333333334,289.0
2013-03-01,1.52573983776374,277.0,12.0,38.0,24.900000000001455,12.0,7.7,-0.2999999999999998,14.3,63.4,2.093973442288055,34.5,110753.0,129.0,1.9,1.1,78.6,4004.0,4571.0,4293.0,2298.0,1664.0,3925.0,160.33333333333348,98.7941,1.5945538776370727,365227.0,4.247812870170842,962.0,36.64772727272727,980.0,32.79132791327912,375000.0,3080000.0,354750.0,33000.0,37000.0,343000.0,3028000.0,,,,,,1.62,1.87,0.14,97.24,12.7,2.51,289.0,183.0,249.0,240.33333333333334,201.16666666666666,169.75,143.0
2013-04-01,1.4512366540060384,154.0,3.0,18.0,-0.4000000000014552,-11.0,7.5,-0.20000000000000018,13.9,63.3,1.8839103869653817,34.5,110913.0,160.0,0.7,-5.8,76.4,4076.0,4369.0,4241.0,2124.0,1787.0,3844.0,23.333333333333485,99.1921,2.534732272069462,362148.0,2.956662155861589,1010.0,45.32374100719425,936.0,16.129032258064523,331000.0,3039000.0,347250.0,-44000.0,-41000.0,356000.0,3024000.0,,,,,,1.48,1.7,0.15,93.22,13.52,2.34,143.0,289.0,183.0,205.0,195.33333333333334,161.75,184.0
2013-05-01,1.5303568092658315,185.0,1.0,-6.0,10.0,-1.0,7.6,0.09999999999999964,14.0,63.4,1.8292682926829285,34.4,111107.0,194.0,0.6,-7.1,84.5,3988.0,4572.0,4422.0,2296.0,1793.0,,,99.1065,1.7145631127746475,360499.0,3.081590520470545,835.0,10.889774236387773,1012.0,38.25136612021858,353000.0,3012000.0,347750.0,22000.0,-27000.0,343000.0,3020000.0,,,,,,1.86,2.16,0.11,91.93,16.3,2.21,184.0,143.0,289.0,205.33333333333334,200.66666666666666,170.66666666666666,223.0
2013-06-01,1.6157453035869018,228.0,0.0,33.0,31.5,-5.0,7.5,-0.09999999999999964,13.9,63.4,1.880081300813008,34.4,111281.0,174.0,-1.8,-3.3,84.1,4145.0,4663.0,4442.0,2234.0,1836.0,3828.0,-37.666666666666515,99.1839,1.5594777439077445,362842.0,3.9471271743863667,930.0,31.355932203389834,1003.0,26.005025125628144,340000.0,3003000.0,344250.0,-13000.0,-9000.0,353000.0,2996000.0,,,,,,2.16,2.52,0.09,96.36,16.86,1.99,223.0,184.0,143.0,183.33333333333334,211.83333333333334,180.33333333333334,183.0
2013-07-01,1.690880735451028,207.0,4.0,26.0,47.5,-24.0,7.5,0.0,14.2,63.4,2.130898021308969,34.5,111462.0,181.0,2.0,7.1,85.1,4150.0,4440.0,4307.0,2203.0,1761.0,3936.0,66.66666666666652,99.3897,1.7645800035426706,364181.0,5.456088075774823,839.0,10.832232496697491,942.0,18.639798488664994,334000.0,3010000.0,346000.0,-6000.0,7000.0,344000.0,3011000.0,,,,,,2.29,2.6,0.09,105.1,13.45,2.22,183.0,223.0,184.0,196.66666666666666,200.83333333333334,188.83333333333334,112.0
2013-08-01,1.6652131457918662,137.0,-20.0,4.0,44.80000000000109,-25.0,7.3,-0.20000000000000018,13.8,63.3,1.9746835443037902,34.4,111698.0,236.0,7.8,8.1,82.1,3885.0,4561.0,4421.0,2363.0,1713.0,3689.0,-128.66666666666652,99.0814,1.2364196654177428,366243.0,5.565003343556163,880.0,18.918918918918926,997.0,17.432273262661944,325000.0,2839000.0,332000.0,-9000.0,-171000.0,340000.0,2968000.0,,,,,,2.39,2.78,0.08,107.98,17.01,2.1,112.0,183.0,223.0,172.66666666666666,189.0,186.16666666666666,255.0
2013-09-01,1.7172972852261825,239.0,30.0,19.0,45.5,16.0,7.2,-0.09999999999999964,13.6,63.3,2.1783181357649672,34.5,111850.0,152.0,10.1,7.1,77.5,4085.0,4730.0,4493.0,2316.0,1816.0,,,99.6543,2.2593571227008002,365543.0,3.911797647406634,917.0,21.618037135278524,964.0,14.761904761904754,319000.0,2944000.0,314000.0,-6000.0,105000.0,323000.0,2863000.0,,,,,,2.31,2.64,0.08,102.36,16.6,2.19,255.0,112.0,183.0,183.33333333333334,183.33333333333334,192.25,175.0
2013-10-01,1.7127946653582748,171.0,18.0,32.0,27.5,4.0,7.2,0.0,13.5,63.2,2.2233451237999136,34.4,112024.0,174.0,5.2,13.5,73.2,4128.0,4726.0,4519.0,2302.0,1892.0,,,100.161,2.854766330187619,365668.0,3.1285341606148265,850.0,0.35419126328217754,1004.0,7.95698924731183,347000.0,2927000.0,358500.0,28000.0,-17000.0,368000.0,2925000.0,,,,,,2.26,2.57,0.09,96.29,13.75,2.17,175.0,255.0,112.0,180.66666666666666,188.66666666666666,192.0,220.0
2013-11-01,1.7613556200758884,225.0,23.0,21.0,27.100000000000364,-5.0,7.2,0.0,13.6,62.8,2.3244062657908016,34.4,112255.0,231.0,6.7,-0.9,75.1,4222.0,4518.0,4350.0,2372.0,1675.0,3925.0,75.0,100.082,2.4178437626957816,366444.0,3.297279469593817,925.0,1.0928961748633892,1044.0,17.700112739571594,312000.0,2808000.0,324750.0,-35000.0,-119000.0,331000.0,2837000.0,,,,,,2.47,2.75,0.08,92.55,13.7,2.15,220.0,175.0,255.0,216.66666666666666,194.66666666666666,197.66666666666666,276.0
2013-12-01,1.8483218987576544,263.0,21.0,32.0,29.599999999998545,13.0,6.9,-0.2999999999999998,13.1,63.0,2.368951612903225,34.4,112534.0,279.0,8.4,4.0,82.5,4119.0,4622.0,4367.0,2391.0,1630.0,,,100.3158,2.281966236973343,366868.0,3.0070923578860986,1100.0,32.052821128451384,1029.0,12.213740458015266,332000.0,2807000.0,346000.0,20000.0,-1000.0,364000.0,2903000.0,,,,,,2.66,3.04,0.09,98.17,13.72,2.24,276.0,220.0,175.0,223.66666666666666,203.5,207.66666666666666,55.0
2014-01-01,1.701289663443739,78.0,6.0,-31.0,55.20000000000073,-23.0,6.7,-0.20000000000000018,13.1,62.9,2.2110552763819236,34.4,112784.0,250.0,12.7,10.8,81.2,4121.0,4614.0,4392.0,2287.0,1770.0,,,100.5175,2.245344069429267,369499.0,3.350870862807298,1002.0,2.6639344262294973,1005.0,6.8012752391073406,340000.0,2850000.0,326750.0,8000.0,43000.0,327000.0,2847000.0,,,,,,2.33,2.67,0.07,97.55,18.41,2.14,55.0,276.0,220.0,183.66666666666666,182.16666666666666,191.5,189.0
2014-02-01,1.703423852369923,195.0,-2.0,53.0,-16.100000000000364,-6.0,6.6,-0.10000000000000053,12.6,62.9,2.308078273958869,34.4,112897.0,113.0,9.8,6.9,81.6,4127.0,4626.0,4435.0,2311.0,1806.0,3974.0,111.33333333333348,100.1599,1.8566277042981971,366684.0,1.7840041970037968,888.0,0.0,976.0,3.8297872340425476,341000.0,2823000.0,335250.0,1000.0,-27000.0,332000.0,2861000.0,,,,,,2.33,2.66,0.07,102.88,14.0,2.17,189.0,55.0,276.0,173.33333333333334,195.0,192.0,151.0
2014-03-01,1.5979814970563444,140.0,26.0,22.0,-25.299999999999272,11.0,6.7,0.10000000000000053,12.6,62.9,2.601300650325178,34.3,113005.0,108.0,3.4,3.3,80.0,4373.0,4696.0,4549.0,2411.0,1767.0,4173.0,149.0,100.9168,2.148610089064018,371335.0,1.6723845717868668,944.0,-1.8711018711018657,1039.0,6.020408163265301,330000.0,2729000.0,321500.0,-11000.0,-94000.0,321000.0,2764000.0,,,,,,2.29,2.73,0.08,101.57,13.88,2.13,151.0,189.0,55.0,131.66666666666666,177.66666666666666,180.5,273.0
2014-04-01,1.6921047395146216,265.0,12.0,31.0,28.299999999999272,8.0,6.7,0.0,12.7,63.1,2.4487756121938986,34.5,113154.0,149.0,2.7,6.5,84.1,4388.0,4763.0,4518.0,2449.0,1703.0,4014.0,-39.666666666666515,101.8942,2.724108069090181,375285.0,3.627522449385334,970.0,-3.960396039603964,1067.0,13.99572649572649,345000.0,2707000.0,322750.0,15000.0,-22000.0,308000.0,2680000.0,,,,,,2.25,2.67,0.09,100.07,13.41,2.18,273.0,151.0,189.0,204.33333333333334,194.0,191.33333333333334,313.0
2014-05-01,1.7847548813965997,293.0,13.0,46.0,38.0,20.0,6.2,-0.5,12.3,62.8,2.345309381237537,34.5,113369.0,215.0,14.7,7.2,81.9,4566.0,4880.0,4597.0,2474.0,1764.0,4455.0,241.0,101.9928,2.9123215934373725,379432.0,5.251886967786312,1043.0,24.910179640718553,1090.0,7.707509881422925,312000.0,2641000.0,311000.0,-33000.0,-66000.0,324000.0,2657000.0,,,,,,2.11,2.48,0.09,103.4,11.4,2.22,313.0,273.0,151.0,245.66666666666666,209.5,202.08333333333334,215.0
2014-06-01,1.7759522689865914,236.0,11.0,25.0,9.200000000000728,-21.0,6.3,0.09999999999999964,12.3,62.9,2.394014962593527,34.5,113610.0,241.0,7.6,12.9,82.5,4747.0,4808.0,4572.0,2483.0,1710.0,4635.0,267.0,102.3836,3.226027611336124,379787.0,4.67007678273188,1007.0,8.279569892473116,1018.0,1.495513459621134,308000.0,2579000.0,313500.0,-4000.0,-62000.0,314000.0,2595000.0,,,,,,2.06,2.53,0.1,106.07,11.57,2.26,215.0,313.0,273.0,267.0,199.33333333333334,201.41666666666666,336.0
2014-07-01,1.8858371429200327,273.0,26.0,24.0,40.899999999999636,63.0,6.1,-0.20000000000000018,12.0,62.8,2.334823646299067,34.5,113881.0,271.0,16.7,13.3,81.8,4982.0,4925.0,4612.0,2507.0,1761.0,,,102.735,3.365841732090935,380618.0,4.513415032634871,911.0,8.58164481525625,1010.0,7.218683651804669,303000.0,2524000.0,301750.0,-5000.0,-55000.0,308000.0,2528000.0,,,,,,2.05,2.58,0.09,98.23,16.95,2.29,336.0,215.0,313.0,288.0,246.16666666666666,214.16666666666666,223.0
2014-08-01,1.965672221774173,217.0,19.0,45.0,23.100000000000364,6.0,6.2,0.10000000000000053,12.1,62.9,2.333664349553133,34.5,114188.0,307.0,11.3,13.1,82.5,4846.0,5008.0,4748.0,2633.0,1781.0,4673.0,85.33333333333303,102.9632,3.9177888079901857,381045.0,4.041578951679625,1085.0,23.29545454545454,1076.0,7.923771313941819,303000.0,2486000.0,303750.0,0.0,-38000.0,303000.0,2517000.0,,,,,,1.87,2.35,0.09,97.86,11.98,2.12,223.0,336.0,215.0,258.0,251.83333333333334,223.41666666666666,197.0
2014-09-01,1.9195585673931204,243.0,17.0,32.0,8.899999999999636,-46.0,6.1,-0.10000000000000053,12.0,62.9,2.429350520575113,34.6,114391.0,203.0,6.8,17.4,84.6,5349.0,4810.0,4623.0,2549.0,1699.0,4835.0,120.66666666666697,102.7688,3.1253041765382905,384017.0,5.053851393680087,984.0,7.306434023991271,1047.0,8.609958506224057,290000.0,2427000.0,295000.0,-13000.0,-59000.0,288000.0,2465000.0,,,,,,1.94,2.52,0.09,91.17,16.31,1.97,197.0,223.0,336.0,252.0,259.5,218.58333333333334,294.0
2014-10-01,2.004078321310332,252.0,19.0,32.0,29.600000000000364,42.0,5.9,-0.1999999999999993,11.7,62.8,2.125556104794857,34.5,114641.0,250.0,12.5,10.1,86.9,4914.0,5149.0,4855.0,2732.0,1718.0,,,103.0641,2.89843352202952,382277.0,4.542098296815689,1023.0,20.352941176470594,1077.0,7.270916334661348,291000.0,2406000.0,288750.0,1000.0,-21000.0,290000.0,2437000.0,,,,,,1.85,2.35,0.09,80.53,14.03,1.92,294.0,197.0,223.0,238.0,263.0,228.5,235.0
2014-11-01,2.011806685590445,215.0,32.0,17.0,37.19999999999891,20.0,5.7,-0.20000000000000018,11.5,62.9,2.2222222222222143,34.6,114817.0,176.0,15.3,18.0,88.8,5012.0,5111.0,4937.0,2718.0,1835.0,4834.0,53.33333333333303,103.0764,2.9919466037849007,383323.0,4.606160832214479,1074.0,16.108108108108098,1094.0,4.789272030651337,291000.0,2484000.0,294500.0,0.0,78000.0,293000.0,2351000.0,,,,,,1.71,2.18,0.09,65.94,13.33,1.79,235.0,294.0,197.0,242.0,250.0,229.75,291.0
2014-12-01,2.0186866884653654,276.0,27.0,13.0,25.30000000000109,15.0,5.8,0.09999999999999964,11.4,62.9,2.2648941408173417,34.6,115000.0,183.0,18.3,6.4,93.6,4843.0,4978.0,4682.0,2600.0,1726.0,,,103.7126,3.3861066751199598,384459.0,4.794912611620528,1001.0,-8.999999999999996,1059.0,2.9154518950437414,285000.0,2422000.0,284500.0,-6000.0,-62000.0,286000.0,2379000.0,,,,,,1.5,2.17,0.12,53.45,19.2,1.68,291.0,235.0,294.0,273.3333333333333,262.6666666666667,231.0,275.0
2015-01-01,2.1780275456424913,260.0,6.0,21.0,14.299999999999272,15.0,5.6,-0.20000000000000018,11.2,62.8,1.8190757128810242,34.6,115272.0,272.0,13.9,0.0,98.1,5130.0,5192.0,4827.0,2552.0,1857.0,5028.0,129.0,103.7044,3.170492700276073,380682.0,3.026530518350534,1073.0,7.085828343313372,1072.0,6.666666666666665,281000.0,2297000.0,286000.0,-4000.0,-125000.0,298000.0,2336000.0,,,,,,1.21,1.68,0.11,47.79,20.97,1.65,275.0,291.0,235.0,267.0,252.5,249.33333333333334,204.0
2015-02-01,2.1859393287341655,191.0,-1.0,27.0,17.600000000000364,13.0,5.7,0.10000000000000053,11.2,62.9,2.0107896027464545,34.5,115525.0,253.0,8.3,5.5,95.4,5344.0,5061.0,4886.0,2764.0,1789.0,4998.0,44.66666666666697,102.8905,2.7262407410550527,378518.0,3.2273019820881155,1085.0,22.184684684684687,1049.0,7.479508196721318,317000.0,2357000.0,301250.0,36000.0,60000.0,285000.0,2319000.0,,,,,,1.37,2.0,0.11,49.84,13.34,1.83,204.0,275.0,291.0,256.6666666666667,249.33333333333334,250.58333333333334,259.0
2015-03-01,2.261967003601728,241.0,10.0,41.0,16.700000000000728,18.0,5.5,-0.20000000000000018,10.9,62.7,1.6089712335445983,34.6,115731.0,206.0,15.7,3.2,93.0,5466.0,5127.0,4869.0,2741.0,1757.0,5133.0,80.0,102.2335,1.30473816054415,377594.0,1.6855400110412422,886.0,-6.144067796610164,1127.0,8.469682386910481,269000.0,2278000.0,284000.0,-48000.0,-79000.0,290000.0,2361000.0,,,,,,1.38,1.94,0.11,47.72,15.29,1.76,259.0,204.0,275.0,246.0,259.6666666666667,259.5833333333333,96.0
2015-04-01,2.1292169438707154,104.0,11.0,-27.0,30.899999999999636,-8.0,5.4,-0.09999999999999964,10.9,62.6,2.0000000000000018,34.5,115931.0,200.0,4.0,10.1,95.9,5210.0,5126.0,5102.0,2754.0,1973.0,,,101.8914,-0.0027479483621140055,383681.0,2.2372330362258053,960.0,-1.0309278350515427,1072.0,0.46860356138707093,269000.0,2254000.0,286000.0,0.0,-24000.0,295000.0,2279000.0,,,,,,1.47,2.05,0.12,59.62,14.55,1.94,96.0,259.0,204.0,186.33333333333334,226.66666666666666,244.83333333333334,273.0
2015-05-01,2.095474988792323,238.0,5.0,58.0,12.5,35.0,5.4,0.0,10.9,62.8,1.9990248659190746,34.5,116100.0,169.0,0.1,5.3,90.7,5598.0,5196.0,4944.0,2705.0,1856.0,5376.0,207.0,101.3355,-0.6444572558062966,383893.0,1.1757047376077967,1190.0,14.093959731543615,1166.0,6.972477064220173,275000.0,2294000.0,275750.0,6000.0,40000.0,276000.0,2258000.0,,,,,,1.51,2.12,0.12,60.25,13.84,1.8,273.0,96.0,259.0,209.33333333333334,233.0,241.5,342.0
2015-06-01,2.183910535473199,335.0,15.0,35.0,35.19999999999891,7.0,5.6,0.1999999999999993,10.9,62.9,2.1919142717973683,34.5,116311.0,211.0,5.3,5.8,96.1,5563.0,5142.0,4825.0,2743.0,1711.0,5363.0,72.33333333333303,100.8883,-1.460487812501221,387155.0,1.940034808985036,1079.0,7.1499503475670245,1272.0,24.950884086444013,275000.0,2312000.0,273750.0,0.0,18000.0,269000.0,2268000.0,,,,,,1.71,2.35,0.13,59.48,18.23,1.87,342.0,273.0,96.0,237.0,241.5,252.08333333333334,171.0
2015-07-01,2.0597915721395132,168.0,1.0,14.0,10.5,3.0,5.3,-0.2999999999999998,10.4,62.7,1.9417475728155331,34.5,116604.0,293.0,2.5,0.8,93.1,5248.0,5125.0,4978.0,2756.0,1821.0,,,100.571,-2.106390227283794,387199.0,1.729030156219613,1205.0,32.2722283205269,1379.0,36.534653465346544,269000.0,2253000.0,277750.0,-6000.0,-59000.0,265000.0,2267000.0,,,,,,1.53,2.2,0.13,47.11,12.12,1.74,171.0,342.0,273.0,262.0,224.16666666666666,238.33333333333334,282.0
2015-08-01,2.09891279337322,247.0,16.0,31.0,15.0,35.0,5.2,-0.09999999999999964,10.3,62.6,2.037845705967989,34.6,116812.0,208.0,-0.2,10.1,91.9,6056.0,5150.0,4848.0,2764.0,1703.0,5753.0,255.66666666666697,101.2228,-1.6903126553953207,390953.0,2.600217822042006,1146.0,5.622119815668203,1140.0,5.947955390334569,279000.0,2258000.0,276500.0,10000.0,5000.0,279000.0,2256000.0,,,,,,1.47,2.21,0.14,49.2,28.43,1.63,282.0,171.0,342.0,265.0,237.16666666666666,243.25,134.0
2015-09-01,2.0507076233763355,124.0,-5.0,18.0,6.400000000001455,10.0,5.1,-0.10000000000000053,10.2,62.6,2.1781219748305825,34.6,117005.0,193.0,-2.1,8.1,87.2,5467.0,5163.0,5032.0,2879.0,1773.0,,,101.0367,-1.6854337113987983,390570.0,1.706434871372875,1130.0,14.837398373983746,1165.0,11.270296084049658,272000.0,2240000.0,269500.0,-7000.0,-18000.0,264000.0,2255000.0,,,,,,1.42,2.06,0.14,45.06,24.5,1.41,134.0,282.0,171.0,195.66666666666666,216.33333333333334,238.0,150.0
2015-10-01,1.9432084434986452,170.0,8.0,18.0,-9.400000000001455,-20.0,5.0,-0.09999999999999964,10.0,62.4,2.0813165537270084,34.5,117242.0,237.0,-6.3,-3.9,90.0,5488.0,5287.0,5110.0,2778.0,1964.0,,,100.7547,-2.2407414414912674,388551.0,1.6412182788920093,1224.0,19.648093841642233,1144.0,6.2209842154131945,275000.0,2205000.0,267000.0,3000.0,-35000.0,264000.0,2194000.0,,,,,,1.41,2.16,0.12,46.6,15.07,1.53,150.0,134.0,282.0,188.66666666666666,225.33333333333334,226.0,304.0
2015-11-01,1.98929884547705,288.0,8.0,39.0,39.5,16.0,5.0,0.0,9.8,62.5,2.3671497584541124,34.5,117446.0,204.0,-2.5,0.1,91.3,5773.0,5338.0,5032.0,2810.0,1845.0,5383.0,-116.66666666666697,100.2675,-2.72506606749946,387066.0,0.9764611046036986,1058.0,-1.4897579143389184,1160.0,6.032906764168189,265000.0,2259000.0,268500.0,-10000.0,54000.0,272000.0,2185000.0,,,,,,1.27,2.21,0.12,40.43,16.13,1.59,304.0,150.0,134.0,196.0,230.5,231.75,229.0
2015-12-01,1.9409089935683799,204.0,-5.0,51.0,6.200000000000728,25.0,5.1,0.09999999999999964,10.0,62.5,2.118440057775639,34.5,117609.0,163.0,-10.9,1.7,92.6,5708.0,5358.0,5089.0,2897.0,1779.0,,,99.5298,-4.033068306068888,388530.0,1.0588905448955632,1172.0,17.082917082917092,1244.0,17.469310670443818,276000.0,2207000.0,271000.0,11000.0,-52000.0,268000.0,2190000.0,,,,,,1.21,2.27,0.24,37.13,18.21,1.54,229.0,304.0,150.0,227.66666666666666,211.66666666666666,226.58333333333334,269.0
2016-01-01,1.9328317802285389,253.0,4.0,32.0,5.299999999999272,16.0,5.0,-0.09999999999999964,9.9,62.7,2.510864316755179,34.5,117745.0,136.0,-12.4,-2.6,92.0,5845.0,5540.0,5225.0,3056.0,1803.0,5607.0,26.0,99.0417,-4.496144811599123,389551.0,2.329766051455029,1146.0,6.803355079217144,1211.0,12.96641791044777,282000.0,2210000.0,281250.0,6000.0,3000.0,290000.0,2221000.0,,,,,,1.18,1.94,0.34,33.66,20.2,1.41,269.0,229.0,304.0,267.3333333333333,228.0,226.08333333333334,133.0
2016-02-01,1.8795173866029247,116.0,21.0,1.0,34.0,17.0,4.8,-0.20000000000000018,9.7,62.7,2.451923076923057,34.6,117868.0,123.0,-2.2,-6.0,91.7,6012.0,5220.0,5099.0,2875.0,1805.0,,,99.5607,-3.236256019749162,387483.0,2.36844747145446,1092.0,0.6451612903225712,1171.0,11.630123927550052,269000.0,2180000.0,266750.0,-13000.0,-30000.0,262000.0,2206000.0,,,,,,0.96,1.74,0.38,32.74,20.55,1.42,133.0,269.0,229.0,210.33333333333334,203.16666666666666,220.16666666666666,196.0
2016-03-01,1.831324958992231,172.0,-17.0,9.0,50.30000000000109,24.0,4.9,0.10000000000000053,9.6,62.8,2.3512476007677474,34.4,118045.0,177.0,-5.6,-3.3,91.0,5770.0,5470.0,5265.0,2994.0,1894.0,5445.0,-33.33333333333303,99.0445,-3.1193297695960798,390029.0,3.293219701584249,1225.0,38.261851015801355,1172.0,3.9929015084294583,271000.0,2165000.0,263250.0,2000.0,-15000.0,263000.0,2163000.0,,,,,,1.05,1.78,0.36,36.94,13.95,1.62,196.0,133.0,269.0,199.33333333333334,213.5,214.91666666666666,256.0
2016-04-01,1.9436145980429087,216.0,-24.0,38.0,54.19999999999891,40.0,5.0,0.09999999999999964,9.8,63.0,2.295552367288378,34.4,118253.0,208.0,-4.1,-21.3,89.0,6129.0,5359.0,5133.0,2917.0,1850.0,5757.0,154.0,98.3096,-3.515311400177057,388998.0,1.3857866300390098,1111.0,15.72916666666666,1118.0,4.291044776119413,278000.0,2183000.0,264250.0,7000.0,18000.0,257000.0,2135000.0,,,,,,1.06,1.83,0.37,45.98,15.7,1.71,256.0,196.0,133.0,195.0,231.16666666666666,228.25,192.0
2016-05-01,1.882489588940195,186.0,12.0,24.0,-2.099999999998545,6.0,5.1,0.09999999999999964,9.9,62.9,2.581261950286806,34.4,118374.0,121.0,-1.8,-5.8,94.7,5803.0,5294.0,5110.0,2955.0,1771.0,5788.0,124.66666666666697,98.6421,-2.6579036961380753,391112.0,1.8804719023269412,1163.0,-2.268907563025213,1160.0,-0.5145797598627766,263000.0,2131000.0,274500.0,-15000.0,-52000.0,279000.0,2177000.0,,,,,,0.97,1.84,0.37,49.1,14.19,1.54,192.0,256.0,196.0,214.66666666666666,212.5,221.5,46.0
2016-06-01,1.6688097895971366,31.0,-22.0,-13.0,5.699999999998909,15.0,4.8,-0.2999999999999998,9.9,62.7,2.3832221163012424,34.4,118511.0,137.0,-2.7,-10.4,93.5,5777.0,5197.0,5176.0,3009.0,1825.0,,,98.4184,-2.448153056399993,392299.0,1.328666813033541,1148.0,6.394810009267848,1205.0,-5.267295597484278,262000.0,2139000.0,265250.0,-1000.0,8000.0,261000.0,2160000.0,,,,,,0.91,1.49,0.38,48.27,15.63,1.4,46.0,192.0,256.0,164.66666666666666,182.0,196.83333333333334,247.0
2016-07-01,1.7204270723807147,266.0,18.0,12.0,17.100000000000364,-19.0,4.9,0.10000000000000053,9.5,62.7,2.4761904761904763,34.4,118640.0,129.0,-4.6,2.5,90.0,5742.0,5281.0,5118.0,3018.0,1750.0,5624.0,-99.0,98.8833,-1.678117946525337,397113.0,2.5604404970054118,1203.0,-0.16597510373443924,1208.0,-12.400290065264684,266000.0,2143000.0,260500.0,4000.0,4000.0,260000.0,2140000.0,,,,,,0.79,1.46,0.39,41.54,11.87,1.49,247.0,46.0,192.0,161.66666666666666,178.33333333333334,203.16666666666666,373.0
2016-08-01,1.7810988020367402,264.0,21.0,34.0,15.200000000000728,109.0,4.8,-0.10000000000000053,9.6,62.8,2.615311459819303,34.5,118790.0,150.0,-2.3,-14.0,89.8,5962.0,5426.0,5065.0,2967.0,1759.0,5871.0,110.0,98.9992,-2.196738284260069,396545.0,1.4303509629034705,1239.0,8.115183246073299,1198.0,5.087719298245608,261000.0,2138000.0,263500.0,-5000.0,-5000.0,264000.0,2137000.0,,,,,,0.78,1.58,0.4,44.68,13.42,1.47,373.0,247.0,46.0,222.0,218.33333333333334,210.75,141.0
2016-09-01,1.7843447669305235,146.0,-23.0,1.0,17.099999999998545,-5.0,4.9,0.10000000000000053,9.6,62.9,2.3211747986736198,34.3,119003.0,213.0,-9.9,-2.2,91.2,5677.0,5327.0,5204.0,2998.0,1860.0,,,98.85,-2.164263084601936,396293.0,1.465294313439336,1171.0,3.6283185840708,1201.0,3.090128755364807,247000.0,2081000.0,251500.0,-14000.0,-57000.0,250000.0,2098000.0,,,,,,0.83,1.6,0.4,47.72,13.29,1.6,141.0,373.0,247.0,253.66666666666666,209.16666666666666,211.33333333333334,306.0
2016-10-01,1.8921103496749359,267.0,-2.0,32.0,7.100000000000364,39.0,5.0,0.09999999999999964,9.7,62.9,2.5130393551446195,34.4,119207.0,204.0,-2.7,-6.3,87.2,5868.0,5306.0,4985.0,3047.0,1588.0,5486.0,-174.33333333333303,98.7457,-1.9939516469206886,398797.0,2.6369768704751717,1068.0,-12.745098039215685,1303.0,13.898601398601397,265000.0,2067000.0,258500.0,18000.0,-14000.0,263000.0,2069000.0,,,,,,0.98,1.84,0.4,46.83,17.06,1.73,306.0,141.0,373.0,273.3333333333333,217.5,224.33333333333334,98.0
2016-11-01,1.743594779034785,126.0,-1.0,31.0,1.3999999999996362,-28.0,4.9,-0.09999999999999964,9.6,62.8,2.4539877300613577,34.4,119461.0,254.0,-6.6,-3.8,93.8,5591.0,5210.0,5125.0,3074.0,1664.0,5534.0,-96.33333333333303,98.7611,-1.5023811304759715,399637.0,3.2477665307725223,1313.0,24.102079395085063,1254.0,8.103448275862068,255000.0,2038000.0,245750.0,-10000.0,-29000.0,232000.0,2045000.0,,,,,,1.26,2.37,0.41,49.41,13.33,1.94,98.0,306.0,141.0,181.66666666666666,201.83333333333334,207.16666666666666,118.0
2016-12-01,1.663072096801299,136.0,-5.0,24.0,-45.0,-18.0,4.7,-0.20000000000000018,9.4,62.7,2.3573785950023574,34.4,119788.0,327.0,-7.1,5.5,98.2,5971.0,5308.0,5139.0,3026.0,1751.0,5522.0,8.0,98.3491,-1.1862778785850958,398680.0,2.6124108820425818,1140.0,-2.7303754266211566,1230.0,-1.12540192926045,244000.0,2028000.0,253250.0,-11000.0,-10000.0,260000.0,2078000.0,,,,,,1.25,2.45,0.54,53.75,14.04,1.95,118.0,98.0,306.0,174.0,213.83333333333334,197.91666666666666,225.0
2017-01-01,1.6291926724770533,198.0,13.0,-5.0,32.80000000000109,27.0,4.7,0.0,9.2,62.7,2.4964672633066565,34.4,119980.0,192.0,-0.8,14.0,98.5,5964.0,5343.0,5071.0,2989.0,1708.0,5501.0,-18.0,99.0214,-0.02049641716570516,405114.0,3.9951123216215523,1252.0,9.24956369982548,1248.0,3.0553261767134687,241000.0,2078000.0,244000.0,-3000.0,50000.0,240000.0,2099000.0,,,,,,1.26,2.45,0.65,52.75,11.99,2.05,225.0,118.0,98.0,147.0,210.16666666666666,194.25,220.0
2017-02-01,1.6884295789400205,208.0,10.0,22.0,54.0,12.0,4.7,0.0,9.2,62.8,2.3932426091037184,34.4,120156.0,176.0,1.1,8.8,96.3,5617.0,5499.0,5320.0,3188.0,1745.0,,,98.7611,-0.8031281419274894,408269.0,5.364364372114383,1190.0,8.974358974358964,1303.0,11.272416737830904,221000.0,2065000.0,230250.0,-20000.0,-13000.0,237000.0,2034000.0,,,,,,1.14,2.36,0.66,54.0,12.92,2.02,220.0,225.0,118.0,187.66666666666666,184.66666666666666,201.5,218.0
2017-03-01,1.701462979233792,208.0,16.0,41.0,-21.200000000000728,10.0,4.6,-0.10000000000000053,9.0,62.9,2.437880918893587,34.3,120262.0,106.0,5.6,16.9,96.9,5923.0,5350.0,5176.0,3089.0,1711.0,,,98.3646,-0.6864591168616152,408155.0,4.647346735755553,1271.0,3.755102040816327,1234.0,5.290102389078499,236000.0,2027000.0,233750.0,15000.0,-38000.0,235000.0,2021000.0,,,,,,1.13,2.4,0.79,50.54,12.37,1.97,218.0,220.0,225.0,221.0,197.5,203.33333333333334,124.0
2017-04-01,1.6065487045982874,121.0,11.0,21.0,-29.299999999999272,3.0,4.4,-0.1999999999999993,8.8,62.9,2.2907900888265553,34.3,120400.0,138.0,7.7,14.5,97.0,5811.0,5395.0,5280.0,3150.0,1762.0,5743.0,154.33333333333303,99.0137,0.7162067590550603,407630.0,4.789741849572482,1190.0,7.110711071107101,1272.0,13.774597495527718,232000.0,1896000.0,230750.0,-4000.0,-131000.0,231000.0,1961000.0,,,,,,1.01,2.29,0.9,49.31,10.82,1.92,124.0,218.0,220.0,187.33333333333334,167.16666666666666,192.33333333333334,205.0
2017-05-01,1.613441405869831,199.0,6.0,14.0,-18.100000000000364,6.0,4.4,0.0,8.6,63.0,2.236719478098781,34.4,120556.0,156.0,8.4,15.3,97.1,6091.0,5272.0,5091.0,3028.0,1710.0,6044.0,281.33333333333303,100.0224,1.3993011097695573,409134.0,4.607887254801701,1146.0,-1.4617368873602765,1251.0,7.844827586206904,253000.0,1891000.0,239000.0,21000.0,-5000.0,234000.0,1902000.0,,,,,,0.93,2.21,0.91,48.29,10.41,1.81,205.0,124.0,218.0,182.33333333333334,185.0,193.41666666666666,205.0
2017-06-01,1.7234190410006844,193.0,10.0,15.0,-18.299999999999272,12.0,4.4,0.0,8.5,62.8,2.281191806331462,34.4,120777.0,221.0,5.7,14.6,95.0,5826.0,5477.0,5270.0,3111.0,1794.0,5666.0,-151.66666666666697,100.1408,1.7500792534729248,406609.0,3.6477278810295166,1157.0,0.7839721254355503,1208.0,0.24896265560165887,247000.0,1929000.0,248000.0,-6000.0,38000.0,249000.0,1915000.0,,,,,,0.93,2.31,1.04,46.02,11.18,1.73,205.0,205.0,124.0,178.0,199.5,206.66666666666666,203.0
2017-07-01,1.6899415180336774,190.0,13.0,31.0,-7.700000000000728,13.0,4.3,-0.10000000000000053,8.5,62.8,2.323420074349447,34.4,120967.0,190.0,4.7,15.0,93.4,6305.0,5635.0,5463.0,3154.0,1970.0,6163.0,205.33333333333303,100.3471,1.4803308546539107,409067.0,3.010226308380748,1249.0,3.8237738985868575,1353.0,12.003311258278138,245000.0,1926000.0,249500.0,-2000.0,-3000.0,245000.0,1929000.0,,,,,,0.96,2.3,1.15,50.21,10.26,1.82,203.0,205.0,205.0,204.33333333333334,195.83333333333334,203.0,189.0
2017-08-01,1.5582618322723452,175.0,0.0,6.0,-8.700000000000728,14.0,4.3,0.0,8.5,62.9,2.270620945319757,34.4,121148.0,181.0,5.2,13.7,96.8,6238.0,5497.0,5338.0,3097.0,1910.0,,,100.1068,1.1187969195710634,409113.0,3.1693754807146757,1206.0,-2.66343825665859,1256.0,4.841402337228717,247000.0,1912000.0,247750.0,2000.0,-14000.0,245000.0,1926000.0,,,,,,0.79,2.12,1.16,47.26,10.59,1.76,189.0,203.0,205.0,199.0,190.66666666666666,187.66666666666666,147.0
2017-09-01,1.5608906339649176,211.0,45.0,34.0,-6.5,-64.0,4.4,0.10000000000000053,8.6,62.9,2.314814814814814,34.4,121320.0,172.0,13.6,10.4,95.1,6276.0,5519.0,5334.0,3103.0,1868.0,6082.0,111.66666666666697,99.6925,0.8523014668689877,409606.0,3.359383082719103,1159.0,-1.0247651579846306,1319.0,9.825145711906735,260000.0,1871000.0,266250.0,13000.0,-41000.0,261000.0,1872000.0,,,,,,0.86,2.33,1.15,51.67,9.51,1.84,147.0,189.0,203.0,179.66666666666666,178.83333333333334,188.16666666666666,89.0
2017-10-01,1.407906627025457,66.0,8.0,11.0,-7.199999999998909,23.0,4.3,-0.10000000000000053,8.3,63.1,2.590194264569834,34.4,121431.0,111.0,16.4,27.6,100.7,6320.0,5450.0,5289.0,3190.0,1787.0,6093.0,-19.66666666666697,99.7954,1.0630336308315114,419021.0,5.071251789757691,1181.0,10.580524344569287,1273.0,-2.3023791250959325,241000.0,1927000.0,242250.0,-19000.0,56000.0,235000.0,1902000.0,,,,,,0.78,2.38,1.15,54.36,10.18,1.88,89.0,147.0,189.0,141.66666666666666,173.0,170.08333333333334,141.0
2017-11-01,1.436597387378069,113.0,14.0,18.0,-7.100000000000364,28.0,4.2,-0.09999999999999964,8.1,62.7,2.1649009672961794,34.4,121610.0,179.0,14.1,23.4,98.5,6408.0,5581.0,5397.0,3219.0,1837.0,5996.0,-61.0,101.0247,2.2919955326540453,418999.0,4.844896743795002,1257.0,-4.265041888804266,1356.0,8.133971291866038,243000.0,1997000.0,247750.0,2000.0,70000.0,246000.0,1974000.0,,,,,,0.64,2.42,1.16,57.4,11.28,1.86,141.0,89.0,147.0,125.66666666666667,162.33333333333334,173.66666666666666,223.0
2017-12-01,1.507752285047137,205.0,15.0,37.0,33.0,18.0,4.2,0.0,8.0,62.7,2.349147858129874,34.5,121789.0,179.0,13.1,19.8,95.9,6271.0,5494.0,5283.0,3186.0,1747.0,5879.0,-110.33333333333303,101.2664,2.9662701539719283,423224.0,6.156315842279514,1273.0,11.66666666666667,1299.0,5.609756097560981,248000.0,1933000.0,243000.0,5000.0,-64000.0,244000.0,2006000.0,,,,,,0.51,2.4,1.3,60.46,11.04,1.96,223.0,141.0,89.0,151.0,165.33333333333334,182.41666666666666,151.0
2018-01-01,1.4545279489436513,146.0,29.0,23.0,-40.79999999999927,5.0,4.1,-0.10000000000000053,8.1,62.7,2.4356617647058654,34.5,121994.0,205.0,6.2,19.7,95.7,6336.0,5421.0,5249.0,3222.0,1732.0,5811.0,-84.33333333333303,101.4644,2.467143465957866,425545.0,5.043271770415236,1177.0,-5.990415335463261,1311.0,5.048076923076916,228000.0,1985000.0,235250.0,-20000.0,52000.0,230000.0,1972000.0,,,,,,0.58,2.72,1.41,64.82,13.54,2.11,151.0,223.0,141.0,171.66666666666666,156.66666666666666,176.25,137.0
2018-02-01,1.3953360617463773,147.0,26.0,2.0,-35.600000000000364,-10.0,4.0,-0.09999999999999964,8.0,62.7,2.4747937671860676,34.4,122257.0,263.0,12.0,23.5,99.7,6621.0,5512.0,5288.0,3019.0,1932.0,,,101.4625,2.7352874765469437,423202.0,3.6576374890084695,1299.0,9.159663865546207,1317.0,1.074443591711427,216000.0,1957000.0,221000.0,-12000.0,-28000.0,219000.0,1985000.0,,,,,,0.62,2.87,1.42,61.43,19.85,2.12,137.0,151.0,223.0,170.33333333333334,148.0,169.33333333333334,394.0
2018-03-01,1.5139256476008889,349.0,24.0,91.0,47.899999999999636,45.0,4.1,0.09999999999999964,8.1,63.0,2.562929061784902,34.5,122434.0,177.0,9.0,27.7,101.4,6552.0,5624.0,5319.0,3222.0,1771.0,,,101.7085,3.3994953469032696,425507.0,4.251326089353302,1277.0,0.472069236821393,1321.0,7.050243111831445,232000.0,1943000.0,225250.0,16000.0,-14000.0,225000.0,1959000.0,,,,,,0.47,2.74,1.51,64.87,19.97,2.05,394.0,137.0,151.0,227.33333333333334,189.16666666666666,184.0,226.0
2018-04-01,1.5825169555388152,218.0,25.0,10.0,18.100000000000364,8.0,4.0,-0.09999999999999964,8.0,62.9,2.7879341864716523,34.5,122608.0,174.0,6.7,24.7,98.8,6818.0,5623.0,5500.0,3323.0,1795.0,6550.0,470.0,102.2067,3.224806264183644,425087.0,4.282560164855376,1318.0,10.75630252100841,1385.0,8.883647798742134,209000.0,1834000.0,221500.0,-23000.0,-109000.0,236000.0,1900000.0,,,,,,0.46,2.95,1.69,68.56,15.93,2.17,226.0,394.0,137.0,252.33333333333334,212.0,192.5,140.0
2018-05-01,1.5358303403454787,123.0,19.0,18.0,-0.5,17.0,4.0,0.0,7.9,62.9,2.7803099361896066,34.5,122761.0,153.0,12.0,29.0,98.0,6877.0,5590.0,5441.0,3370.0,1727.0,6698.0,345.0,103.3329,3.309758614070435,425899.0,4.097679488871608,1276.0,11.343804537521818,1378.0,10.151878497202249,222000.0,1737000.0,221250.0,13000.0,-97000.0,222000.0,1769000.0,,,,,,0.43,2.83,1.7,66.98,15.43,2.07,140.0,226.0,394.0,253.33333333333334,211.83333333333334,187.08333333333334,322.0
2018-06-01,1.6136084164503295,317.0,28.0,62.0,15.5,5.0,3.8,-0.20000000000000018,7.8,62.9,2.8675466545289074,34.5,122968.0,207.0,21.9,28.6,98.2,7016.0,5859.0,5492.0,3382.0,1775.0,6638.0,9.33333333333303,102.4024,2.2584201444366236,432340.0,6.328192440403435,1357.0,17.286084701815028,1338.0,10.761589403973515,228000.0,1672000.0,222500.0,6000.0,-65000.0,218000.0,1671000.0,,,,,,0.33,2.85,1.82,74.13,16.09,2.11,322.0,140.0,226.0,229.33333333333334,228.33333333333334,196.83333333333334,218.0
2018-07-01,1.621606871192438,185.0,33.0,18.0,-46.30000000000109,33.0,4.0,0.20000000000000018,7.8,63.0,2.906448683015439,34.5,123150.0,182.0,18.8,18.7,97.9,7230.0,5760.0,5566.0,3382.0,1822.0,6662.0,-4.0,103.198,2.8410387544831828,430008.0,5.119210300513122,1192.0,-4.563650920736584,1345.0,-0.591278640059123,207000.0,1657000.0,209500.0,-21000.0,-15000.0,205000.0,1659000.0,,,,,,0.29,2.96,1.91,69.88,12.83,2.12,218.0,322.0,140.0,226.66666666666666,239.5,198.08333333333334,60.0
2018-08-01,1.531627285858339,106.0,20.0,26.0,-16.599999999998545,-46.0,3.8,-0.20000000000000018,7.5,63.0,2.854553692795636,34.5,123324.0,174.0,15.7,16.4,96.2,7190.0,5649.0,5577.0,3426.0,1806.0,,,103.3646,3.2543243815604805,432070.0,5.611408095073966,1208.0,0.16583747927032544,1334.0,6.210191082802541,211000.0,1602000.0,208500.0,4000.0,-55000.0,207000.0,1605000.0,,,,,,0.24,2.86,1.91,69.84,12.86,2.08,60.0,218.0,322.0,200.0,226.66666666666666,187.33333333333334,257.0
2018-09-01,1.6049660016743905,225.0,12.0,29.0,1.8999999999996362,32.0,3.8,0.0,7.4,62.6,3.076923076923066,34.5,123400.0,76.0,11.6,19.8,100.1,7208.0,5815.0,5543.0,3423.0,1803.0,,,104.0327,4.353587280888749,432031.0,5.474773318750215,1288.0,11.13028472821398,1273.0,-3.487490523123582,210000.0,1553000.0,206250.0,-1000.0,-49000.0,206000.0,1544000.0,,,,,,0.24,3.05,1.95,73.16,12.12,2.14,257.0,60.0,218.0,178.33333333333334,203.83333333333334,196.5,81.0
2018-10-01,1.5985524597300849,75.0,22.0,28.0,-40.600000000000364,6.0,3.7,-0.09999999999999964,7.5,62.8,3.0658250676284915,34.4,123509.0,109.0,7.2,13.9,98.6,7411.0,5625.0,5494.0,3391.0,1764.0,7009.0,239.33333333333303,104.1004,4.313826088176409,431438.0,2.9633359664551495,1250.0,5.842506350550392,1314.0,3.220738413197166,216000.0,1615000.0,213000.0,6000.0,62000.0,208000.0,1588000.0,,,,,,0.28,3.15,2.19,65.31,21.23,2.05,81.0,257.0,60.0,132.66666666666666,179.66666666666666,195.83333333333334,169.0
2018-11-01,1.6160490387294502,164.0,21.0,14.0,-43.0,5.0,3.8,0.09999999999999964,7.5,62.9,3.2010820559062347,34.5,123719.0,210.0,9.0,17.7,97.5,7304.0,5907.0,5602.0,3458.0,1813.0,7079.0,162.33333333333303,103.9856,2.930867401734427,435894.0,4.032229193864434,1221.0,-2.863961813842486,1272.0,-6.194690265486724,237000.0,1684000.0,225250.0,21000.0,69000.0,225000.0,1749000.0,,,,,,0.21,3.01,2.2,50.78,18.07,1.97,169.0,81.0,257.0,169.0,184.5,198.16666666666666,90.0
2018-12-01,1.5233558613576559,96.0,10.0,-3.0,44.0,-6.0,3.8,0.0,7.6,62.9,3.5103510351035094,34.4,123892.0,173.0,15.1,18.1,98.3,7594.0,5826.0,5793.0,3511.0,1938.0,6888.0,-104.0,104.0681,2.7666629800210174,438612.0,3.6358996654253906,1181.0,-7.227022780832682,1340.0,3.156274056966901,238000.0,1783000.0,222750.0,1000.0,99000.0,217000.0,1756000.0,,,,,,0.21,2.69,2.27,45.15,25.42,1.71,90.0,169.0,81.0,113.33333333333333,145.83333333333334,187.08333333333334,192.0
2019-01-01,1.5495888776665412,154.0,20.0,10.0,-50.20000000000073,38.0,3.9,0.10000000000000009,7.6,63.0,3.6787797218483576,34.5,124107.0,215.0,8.6,11.0,91.2,7489.0,5768.0,5554.0,3407.0,1839.0,,,104.0936,2.5912536810940523,428932.0,0.7959205254438384,1095.0,-6.966864910790149,1317.0,0.4576659038901587,234000.0,1759000.0,222750.0,-4000.0,-24000.0,218000.0,1780000.0,,,,,,0.18,2.63,2.4,53.84,16.57,1.85,192.0,90.0,169.0,150.33333333333334,141.5,190.5,251.0
2019-02-01,1.6253555465258085,254.0,29.0,29.0,-17.899999999999636,-3.0,4.0,0.10000000000000009,8.0,63.1,3.4436493738819296,34.5,124336.0,229.0,4.6,15.0,93.8,7502.0,5786.0,5549.0,3517.0,1705.0,,,103.4021,1.9116422323518512,430246.0,1.6644533816002838,1226.0,-5.61970746728252,1254.0,-4.783599088838264,221000.0,1796000.0,222500.0,-13000.0,37000.0,211000.0,1826000.0,,,,,,0.21,2.73,2.4,57.21,14.78,1.95,251.0,192.0,90.0,177.66666666666666,173.33333333333334,200.0,7.0
2019-03-01,1.3596390506166678,-10.0,-8.0,-30.0,-30.69999999999891,17.0,3.8,-0.20000000000000018,7.2,63.1,3.4805890227576963,34.4,124438.0,102.0,14.8,12.9,98.4,7066.0,5704.0,5653.0,3547.0,1763.0,7087.0,69.0,102.8371,1.1096417703535089,431194.0,1.3365232534364946,1121.0,-12.21613155833986,1286.0,-2.6495079485238437,203000.0,1742000.0,210750.0,-18000.0,-54000.0,212000.0,1800000.0,,,,,,0.14,2.41,2.41,60.19,13.71,1.88,7.0,251.0,192.0,150.0,131.66666666666666,167.75,228.0
2019-04-01,1.358915565147023,184.0,6.0,30.0,-12.600000000000364,44.0,3.8,0.0,7.4,63.0,3.5571365051133785,34.5,124533.0,95.0,11.5,12.9,97.2,7317.0,5689.0,5543.0,3529.0,1690.0,7488.0,333.66666666666697,102.8757,0.6545559146318158,438196.0,3.083839308188674,1191.0,-9.635811836115327,1295.0,-6.498194945848379,224000.0,1663000.0,209750.0,21000.0,-79000.0,197000.0,1664000.0,,,,,,0.24,2.51,2.42,63.83,13.12,1.95,228.0,7.0,251.0,162.0,156.16666666666666,167.91666666666666,296.0
2019-05-01,1.4627408705026212,246.0,-3.0,43.0,-2.5,50.0,3.7,-0.09999999999999964,7.4,62.8,3.458980044345883,34.4,124672.0,139.0,6.0,19.1,100.0,7272.0,6016.0,5777.0,3501.0,1963.0,7449.0,107.66666666666697,102.274,-1.0247462328067725,437735.0,2.7790626416122066,1272.0,-0.31347962382445305,1322.0,-4.0638606676342555,222000.0,1629000.0,218500.0,-2000.0,-34000.0,215000.0,1621000.0,,,,,,0.19,2.14,2.39,53.49,18.71,1.74,296.0,228.0,7.0,177.0,177.33333333333334,180.91666666666666,27.0
2019-06-01,1.2612443022145703,84.0,-7.0,10.0,-17.399999999999636,-57.0,3.6,-0.10000000000000009,7.1,62.9,3.539823008849541,34.4,124764.0,92.0,0.2,15.7,98.2,7275.0,5686.0,5556.0,3472.0,1775.0,7323.0,-97.0,102.392,-0.010156011968476264,442514.0,2.353240505157972,1293.0,-4.716285924834196,1347.0,0.6726457399103047,226000.0,1657000.0,225750.0,4000.0,28000.0,217000.0,1634000.0,,,,,,0.25,2.0,2.38,58.2,15.08,1.69,27.0,296.0,228.0,183.66666666666666,166.83333333333334,156.33333333333334,220.0
2019-07-01,1.2607411385606948,178.0,9.0,24.0,-21.0,42.0,3.6,0.0,7.2,63.0,3.6187113857016673,34.4,124842.0,78.0,-7.7,30.3,98.4,7194.0,5801.0,5574.0,3474.0,1780.0,7348.0,-25.33333333333303,102.4375,-0.7369328862962377,442116.0,2.815761567226649,1243.0,4.278523489932895,1299.0,-3.4200743494423813,206000.0,1634000.0,208500.0,-20000.0,-23000.0,211000.0,1634000.0,,,,,,0.13,2.02,2.4,58.53,16.12,1.76,220.0,27.0,296.0,181.0,171.5,156.5,99.0
2019-08-01,1.2864045094618248,131.0,3.0,24.0,0.09999999999854481,-32.0,3.7,0.10000000000000009,6.9,63.1,3.6563876651982463,34.4,124939.0,97.0,0.8,6.0,89.8,7042.0,5871.0,5839.0,3654.0,1833.0,7217.0,-79.0,101.9408,-1.3774541767684445,445304.0,3.06292961788599,1240.0,2.6490066225165476,1379.0,3.3733133433283324,215000.0,1591000.0,211750.0,9000.0,-43000.0,207000.0,1629000.0,,,,,,0.0,1.5,2.13,55.07,18.98,1.55,99.0,220.0,27.0,115.33333333333333,146.16666666666666,159.75,232.0
2019-09-01,1.267442405728958,179.0,-1.0,4.0,-16.599999999998545,53.0,3.6,-0.10000000000000009,7.2,63.1,3.6435469710272006,34.4,124990.0,51.0,7.2,17.5,93.2,7178.0,5900.0,5657.0,3540.0,1808.0,7051.0,-154.33333333333303,102.639,-1.3396749291328724,448519.0,3.8163928051459184,1375.0,6.754658385093171,1482.0,16.417910447761198,215000.0,1600000.0,209500.0,0.0,9000.0,205000.0,1567000.0,,,,,,0.05,1.68,2.04,54.09,16.24,1.53,232.0,99.0,220.0,183.66666666666666,183.66666666666666,157.66666666666666,196.0
2019-10-01,1.3437512553730047,168.0,-2.0,17.0,9.799999999999272,28.0,3.5,-0.10000000000000009,6.9,63.2,3.5870516185476875,34.4,125029.0,39.0,5.9,25.3,95.5,7124.0,5963.0,5755.0,3447.0,1970.0,7024.0,-73.33333333333303,102.2917,-1.7374573008364869,444555.0,3.0402977948164045,1311.0,4.8799999999999955,1469.0,11.796042617960435,215000.0,1633000.0,212250.0,0.0,33000.0,215000.0,1611000.0,,,,,,0.17,1.69,1.83,54.02,13.22,1.54,196.0,232.0,99.0,175.66666666666666,178.33333333333334,167.25,95.0
2019-11-01,1.2927431166277703,78.0,-54.0,6.0,0.7000000000007276,17.0,3.6,0.10000000000000009,6.9,63.3,3.757099169943201,34.4,125083.0,54.0,5.5,21.1,96.8,7289.0,5781.0,5631.0,3452.0,1819.0,,,101.4281,-2.4594751580988228,445627.0,2.2328823062487624,1325.0,8.517608517608522,1523.0,19.732704402515733,231000.0,1708000.0,227000.0,16000.0,75000.0,229000.0,1702000.0,,,,,,0.17,1.78,1.55,58.12,12.62,1.61,95.0,196.0,232.0,174.33333333333334,144.83333333333334,161.08333333333334,207.0
2019-12-01,1.3701651550291682,168.0,44.0,-12.0,-17.600000000000364,39.0,3.6,0.0,6.8,63.3,3.608695652173899,34.3,125163.0,80.0,7.8,16.2,99.3,6888.0,5847.0,5675.0,3541.0,1782.0,,,101.9372,-2.047601522464615,449040.0,2.3774999316024115,1353.0,14.56392887383573,1535.0,14.552238805970141,231000.0,1843000.0,236000.0,0.0,135000.0,236000.0,1753000.0,,,,,,0.34,1.92,1.55,61.14,13.78,1.77,207.0,95.0,196.0,166.0,174.83333333333334,170.83333333333334,127.0
2020-01-01,1.325020526136611,110.0,-17.0,-14.0,40.5,17.0,3.6,0.0,6.8,63.3,3.2020770229338025,34.3,125098.0,-65.0,8.3,18.3,99.8,6699.0,5951.0,5771.0,3487.0,1931.0,,,101.7003,-2.2991807373363926,449643.0,4.828504285061497,1548.0,41.36986301369863,1443.0,9.567198177676527,210000.0,1796000.0,215500.0,-21000.0,-47000.0,221000.0,1774000.0,,,,,,0.18,1.51,1.55,51.58,18.84,1.65,127.0,207.0,95.0,143.0,159.33333333333334,165.41666666666666,237.0
2020-02-01,1.3134746101559402,182.0,-15.0,48.0,-37.600000000000364,55.0,3.6,0.0,7.0,63.3,3.3722438391699194,34.3,124969.0,-129.0,6.9,9.0,101.0,7124.0,5981.0,5741.0,3563.0,1808.0,,,101.0338,-2.290379015513233,447774.0,4.0739483923150965,1581.0,28.95595432300162,1490.0,18.81977671451356,215000.0,1771000.0,211000.0,5000.0,-25000.0,209000.0,1760000.0,,,,,,0.27,1.13,1.58,44.83,40.11,1.41,237.0,127.0,207.0,190.33333333333334,182.33333333333334,164.25,262.0
2020-03-01,1.4833374426089785,186.0,-2.0,35.0,6.700000000000728,76.0,3.5,-0.10000000000000009,7.0,63.3,3.6222509702457995,34.3,124782.0,-187.0,0.8,4.8,89.1,6966.0,5990.0,5764.0,3497.0,1954.0,6882.0,-103.66666666666697,101.3735,-1.4232217750208775,447972.0,3.8910559979962622,1549.0,38.18019625334523,1461.0,13.608087091757382,5946000.0,8004000.0,2335250.0,5731000.0,6233000.0,273000.0,1844000.0,,,,,,0.47,0.7,0.65,20.51,53.54,0.87,262.0,237.0,127.0,208.66666666666666,187.33333333333334,185.5,-1398.0
2020-04-01,0.39921487740777195,-1368.0,-59.0,-69.0,-86.30000000000109,-30.0,4.4,0.9000000000000004,8.8,62.6,3.5637612709317423,34.1,123327.0,-1455.0,-53.7,-45.8,71.8,5894.0,5171.0,16275.0,2933.0,12985.0,,,97.4078,-5.315054964389065,420954.0,-3.9347689161927546,1266.0,6.297229219143574,1351.0,4.324324324324325,3446000.0,21750000.0,4663250.0,-2500000.0,13746000.0,4201000.0,17789000.0,,,,,,0.44,0.64,0.05,19.23,34.15,1.07,-1398.0,262.0,237.0,-299.6666666666667,-78.33333333333333,50.0,-20469.0
2020-05-01,-13.390574469921845,-19551.0,-1302.0,-1019.0,-2186.0,-918.0,14.8,10.4,22.9,60.1,7.758251178739828,34.2,121499.0,-1828.0,-4.3,-14.1,72.3,4606.0,4029.0,11531.0,1991.0,9170.0,5046.0,-1271.333333333333,84.5619,-17.318282261376304,370296.0,-15.406353158874664,936.0,-26.415094339622648,1079.0,-18.38124054462935,1639000.0,19216000.0,2017750.0,-1807000.0,-2534000.0,2176000.0,19153000.0,,,,,,0.49,0.65,0.05,35.57,27.51,1.15,-20469.0,-1398.0,262.0,-7201.666666666667,-3505.6666666666665,-1680.4166666666667,2614.0
2020-06-01,-11.67058386115869,3130.0,228.0,482.0,384.5,-516.0,13.2,-1.6000000000000014,21.1,60.8,6.75213675213675,34.7,119957.0,-1542.0,-1.1,-4.8,78.1,5612.0,8133.0,4718.0,2259.0,2139.0,5397.0,-378.0,85.9604,-16.047738104539413,437957.0,-1.0297979272972158,1039.0,-19.64423820572312,1251.0,-7.126948775055675,1446000.0,16610000.0,1490250.0,-193000.0,-2606000.0,1473000.0,17860000.0,,,,,,0.5,0.66,0.08,39.27,30.43,1.34,2614.0,-20469.0,-1398.0,-6417.666666666667,-3104.5,-1464.8333333333333,4631.0
2020-07-01,-8.72923268672351,4612.0,340.0,155.0,820.8999999999996,19.0,11.0,-2.1999999999999993,18.0,61.5,5.536626916524701,34.6,119115.0,-842.0,-1.2,22.9,72.5,6129.0,7477.0,5176.0,2594.0,2245.0,5889.0,445.0,91.5934,-10.586064673581452,465800.0,5.356965140370407,1266.0,1.8503620273531807,1333.0,2.617397998460347,1260000.0,15929000.0,1383500.0,-186000.0,-681000.0,1393000.0,16799000.0,,,,,,0.44,0.55,0.09,40.1,24.46,1.55,4631.0,2614.0,-20469.0,-4408.0,-2353.8333333333335,-1097.25,1584.0
2020-08-01,-7.739652967794508,1482.0,23.0,37.0,223.5,102.0,10.2,-0.8000000000000007,16.5,61.5,4.929876753081164,34.6,118758.0,-357.0,4.2,9.6,74.1,6530.0,6320.0,5191.0,3020.0,1827.0,6618.0,650.0,95.0256,-6.783544959427434,471873.0,5.966485816431022,1526.0,23.064516129032263,1539.0,11.602610587382166,881000.0,13501000.0,892000.0,-379000.0,-2428000.0,927000.0,13910000.0,,,,,,0.58,0.72,0.1,42.61,26.41,1.8,1584.0,4631.0,2614.0,2943.0,-2129.3333333333335,-973.5,1566.0
2020-09-01,-6.845318815365586,1080.0,26.0,30.0,266.90000000000146,486.0,8.4,-1.799999999999999,14.2,61.7,5.040237187632357,34.7,118978.0,220.0,2.0,15.6,80.4,6429.0,6004.0,4813.0,2931.0,1560.0,6493.0,159.66666666666697,95.9549,-6.512241935326724,473696.0,5.613363090526824,1396.0,1.5272727272727327,1534.0,3.5087719298245723,795000.0,10481000.0,851750.0,-86000.0,-3020000.0,861000.0,12684000.0,,,,,,0.56,0.69,0.09,40.05,26.37,1.63,1566.0,1584.0,4631.0,2593.6666666666665,-1912.0,-862.3333333333334,949.0
2020-10-01,-6.338981931093713,1020.0,58.0,27.0,38.399999999999636,-71.0,7.8,-0.6000000000000005,12.8,61.4,4.814189189189189,34.8,119197.0,219.0,5.8,11.1,81.8,6511.0,5966.0,5123.0,3185.0,1567.0,6436.0,-79.66666666666697,95.9669,-6.183101854793705,482702.0,8.580940491052846,1473.0,12.35697940503433,1650.0,12.321307011572502,773000.0,6705000.0,798000.0,-22000.0,-3776000.0,804000.0,7777000.0,,,,,,0.74,0.88,0.09,35.64,38.02,1.7,949.0,1566.0,1584.0,1366.3333333333333,-1520.8333333333333,-799.5833333333334,690.0
2020-11-01,-5.9421629473128235,814.0,29.0,48.0,109.19999999999891,-124.0,6.9,-0.8999999999999995,12.1,61.7,4.589473684210521,34.8,119424.0,227.0,5.9,28.6,76.9,6798.0,6091.0,5356.0,3311.0,1697.0,6652.0,125.0,96.7394,-4.622683457542831,480763.0,7.884620994688385,1543.0,16.452830188679247,1612.0,5.84372948128693,737000.0,5784000.0,751250.0,-36000.0,-921000.0,738000.0,6088000.0,,,,,,0.68,0.84,0.09,45.2,20.57,1.77,690.0,949.0,1566.0,1068.3333333333333,2005.6666666666667,-750.0,273.0
2020-12-01,-5.89053650431538,395.0,32.0,20.0,36.5,-122.0,6.7,-0.20000000000000018,11.9,61.5,4.657994125052478,34.8,119612.0,188.0,12.4,7.9,80.7,6820.0,5894.0,5631.0,3209.0,2097.0,,,97.0816,-4.763324870606622,478079.0,6.466907179761261,1543.0,14.042867701404283,1692.0,10.228013029315953,773000.0,5181000.0,836750.0,36000.0,-603000.0,886000.0,5416000.0,,,,,,0.8,0.93,0.09,48.35,22.75,1.99,273.0,690.0,949.0,637.3333333333334,1615.5,-744.5,-185.0
2021-01-01,-6.091149847820077,-180.0,35.0,36.0,17.400000000001455,-5.0,6.7,0.0,11.7,61.5,5.492662473794541,34.8,119529.0,-83.0,11.0,24.1,79.0,6773.0,5577.0,5601.0,3369.0,1906.0,6646.0,68.0,98.363,-3.28150457766595,485949.0,8.07440569518485,1614.0,4.263565891472876,1755.0,21.62162162162162,803000.0,4658000.0,834000.0,30000.0,-523000.0,844000.0,4877000.0,,,,,,1.0,1.11,0.09,52.16,33.09,2.13,-185.0,273.0,690.0,259.3333333333333,812.8333333333334,-770.5,315.0
2021-02-01,-6.030349073544217,252.0,-11.0,5.0,21.69999999999891,63.0,6.4,-0.2999999999999998,11.2,61.4,5.227938101212892,35.0,119330.0,-199.0,12.9,24.3,76.8,7162.0,5598.0,5145.0,3292.0,1567.0,6917.0,178.66666666666697,98.8822,-2.1295843569181794,501604.0,12.021689513013257,1624.0,2.719797596457929,1856.0,24.563758389261746,704000.0,4227000.0,755000.0,-99000.0,-431000.0,802000.0,4495000.0,,,,,,1.3,1.44,0.08,61.55,27.95,2.15,315.0,-185.0,273.0,134.33333333333334,601.3333333333334,-764.0,517.0
2021-03-01,-5.85253425961797,504.0,30.0,-84.0,23.0,13.0,6.2,-0.20000000000000018,11.1,61.4,5.076987099459007,34.6,119262.0,-68.0,12.0,28.0,84.9,7827.0,5813.0,5329.0,3373.0,1628.0,7367.0,390.33333333333303,95.6149,-5.680577271180343,488805.0,9.11507862098524,1398.0,-9.748224661071658,1703.0,16.56399726214921,658000.0,3859000.0,669250.0,-46000.0,-368000.0,699000.0,3970000.0,,,,,,1.58,1.74,0.07,59.19,19.4,2.37,517.0,315.0,-185.0,215.66666666666666,426.5,-742.75,852.0
2021-04-01,-4.415653268829322,762.0,57.0,121.0,43.899999999999636,90.0,6.1,-0.10000000000000053,10.8,61.5,5.016583747927017,34.9,119308.0,46.0,17.7,28.8,88.3,8499.0,6158.0,5488.0,3654.0,1500.0,8123.0,654.0,98.3856,1.0038210492383515,539607.0,28.186690232186894,1688.0,33.33333333333333,1756.0,29.977794226498887,574000.0,3767000.0,589000.0,-84000.0,-92000.0,566000.0,3776000.0,,,,,,1.49,1.65,0.07,63.5,18.61,2.41,852.0,517.0,315.0,561.3333333333334,410.3333333333333,-555.25,355.0
2021-05-01,10.857497738181031,306.0,-36.0,1.0,-43.399999999999636,49.0,6.1,0.0,10.3,61.6,1.511535401750197,34.9,119380.0,72.0,15.7,20.6,82.9,9346.0,6138.0,5699.0,3943.0,1402.0,9286.0,1027.333333333334,98.5587,16.55213518144698,542199.0,46.4231317648584,1489.0,59.08119658119657,1710.0,58.48007414272474,427000.0,3422000.0,457250.0,-147000.0,-345000.0,467000.0,3618000.0,,,,,,1.44,1.58,0.06,66.31,16.76,2.42,355.0,852.0,517.0,574.6666666666666,354.5,1180.0833333333333,478.0
2021-06-01,9.038634996993377,442.0,23.0,-9.0,2.100000000000364,36.0,5.8,-0.2999999999999998,10.1,61.6,2.8022417934347343,34.9,119592.0,212.0,12.8,30.2,85.5,9954.0,5981.0,5515.0,3817.0,1351.0,9209.0,336.33333333333394,99.4333,15.673379835366053,536589.0,22.520932420306107,1600.0,53.99422521655437,1705.0,36.29096722621903,368000.0,3313000.0,409500.0,-59000.0,-109000.0,428000.0,3268000.0,,,,,,1.2,1.45,0.08,73.52,15.83,2.32,478.0,355.0,852.0,561.6666666666666,388.6666666666667,1002.0833333333334,755.0
2021-07-01,5.919184141903533,653.0,31.0,2.0,53.29999999999927,102.0,5.9,0.10000000000000053,9.8,61.7,4.196933010492332,34.8,120165.0,573.0,16.2,31.9,81.2,10319.0,6535.0,5741.0,4017.0,1335.0,10073.0,550.3333333333339,99.7987,8.958396565691418,540152.0,15.962215543151558,1664.0,31.43759873617693,1662.0,24.68117029257315,379000.0,2793000.0,369750.0,11000.0,-520000.0,387000.0,3138000.0,,,,,,1.05,1.24,0.1,73.93,18.24,2.4,755.0,478.0,355.0,529.3333333333334,545.3333333333334,679.0833333333334,942.0
2021-08-01,5.390829772719119,934.0,58.0,32.0,-6.599999999998545,8.0,5.4,-0.5,9.2,61.8,5.184285135682454,34.8,120762.0,597.0,13.4,34.5,70.3,10983.0,6720.0,5818.0,4059.0,1410.0,10934.0,862.0,100.2519,5.4998863464161385,528600.0,12.021666846799883,1600.0,4.849279161205766,1666.0,8.252111760883697,353000.0,2786000.0,359750.0,-26000.0,-7000.0,367000.0,2802000.0,,,,,,1.1,1.3,0.09,68.43,16.48,2.33,942.0,755.0,478.0,725.0,649.8333333333334,625.5833333333334,552.0
2021-09-01,4.61081798879428,455.0,48.0,7.0,-22.200000000000728,97.0,5.1,-0.3000000000000007,8.8,61.7,5.32258064516129,34.8,121476.0,714.0,21.8,26.5,72.8,10872.0,6394.0,5875.0,4171.0,1332.0,,,100.0437,4.261168528131454,532477.0,12.409013375667088,1596.0,14.326647564469909,1740.0,13.428943937418513,375000.0,2722000.0,354750.0,22000.0,-64000.0,367000.0,2803000.0,,,,,,1.24,1.52,0.08,75.22,23.14,2.37,552.0,942.0,755.0,749.6666666666666,655.6666666666666,541.0833333333334,457.0
2021-10-01,4.232912463849892,491.0,40.0,52.0,64.10000000000036,-34.0,4.7,-0.39999999999999947,8.4,61.7,5.962933118452862,34.8,122155.0,679.0,15.0,28.5,71.7,10834.0,6632.0,6118.0,4354.0,1411.0,,,98.8579,3.0124970172007215,536651.0,11.176460839192703,1576.0,6.9925322471147355,1649.0,-0.060606060606060996,261000.0,2199000.0,277500.0,-114000.0,-523000.0,289000.0,2265000.0,,,,,,1.07,1.55,0.08,83.5,16.26,2.51,457.0,552.0,942.0,650.3333333333334,589.8333333333334,500.0833333333333,801.0
2021-11-01,4.290327109364034,876.0,60.0,34.0,68.0,-75.0,4.5,-0.20000000000000018,8.2,61.8,6.481481481481488,34.7,123013.0,858.0,22.8,28.5,67.4,11238.0,6678.0,5856.0,4153.0,1313.0,11033.0,353.0,100.1861,3.5628709708763973,545361.0,13.436558137793476,1587.0,2.8515878159429686,1699.0,5.397022332506207,221000.0,1874000.0,236500.0,-40000.0,-325000.0,250000.0,1968000.0,,,,,,0.91,1.43,0.08,66.14,27.19,2.5,801.0,457.0,552.0,603.3333333333334,664.1666666666666,509.3333333333333,658.0
2021-12-01,4.551855562483809,639.0,45.0,44.0,58.899999999999636,19.0,4.1,-0.40000000000000036,7.7,61.9,6.495589414595027,34.8,123960.0,947.0,20.5,32.8,70.6,11199.0,6911.0,6192.0,4453.0,1348.0,10562.0,-281.0,100.8654,3.897545981936834,551082.0,15.270070427690818,1707.0,10.628645495787437,1770.0,4.6099290780141855,217000.0,1703000.0,216250.0,-4000.0,-171000.0,215000.0,1628000.0,,,,,,0.79,1.52,0.08,75.33,17.22,2.56,658.0,801.0,457.0,638.6666666666666,694.1666666666666,541.4166666666666,586.0
2022-01-01,5.098633442770151,570.0,39.0,33.0,14.700000000000728,16.0,3.9,-0.19999999999999973,7.3,62.0,6.359300476947549,34.9,124431.0,471.0,16.7,24.8,67.2,11520.0,6686.0,6103.0,4314.0,1403.0,10925.0,85.0,100.5726,2.2463731281071153,547277.0,12.62025438883505,1711.0,6.009913258983901,1886.0,7.4643874643874675,231000.0,1695000.0,241750.0,14000.0,-8000.0,246000.0,1700000.0,,,,,,0.61,1.79,0.08,89.16,24.83,2.44,586.0,658.0,801.0,681.6666666666666,666.0,605.6666666666666,190.0
2022-02-01,4.999895004304822,203.0,27.0,0.0,6.899999999999636,-13.0,4.0,0.10000000000000009,7.1,62.2,6.955484896661357,34.5,125015.0,584.0,24.9,31.8,62.8,11210.0,6431.0,6247.0,4413.0,1423.0,11263.0,346.33333333333394,100.1856,1.3181341030033655,560257.0,11.693088571861466,1693.0,4.248768472906406,1923.0,3.6099137931034475,208000.0,1613000.0,219000.0,-23000.0,-82000.0,234000.0,1637000.0,,,,,,0.39,1.83,0.08,96.13,30.15,2.62,190.0,586.0,658.0,478.0,540.6666666666666,595.25,819.0
2022-03-01,5.192495466592262,836.0,37.0,56.0,108.79999999999927,-17.0,3.9,-0.10000000000000009,7.2,62.3,6.811881188118818,34.7,125613.0,598.0,16.9,39.5,59.4,11698.0,6801.0,5986.0,4233.0,1401.0,11266.0,114.66666666666606,100.8064,5.429593086433182,563777.0,15.337813647569076,1730.0,23.748211731044357,1846.0,8.3969465648855,214000.0,1532000.0,215000.0,6000.0,-81000.0,217000.0,1541000.0,,,,,,0.04,2.32,0.2,100.53,20.56,2.84,819.0,190.0,586.0,531.6666666666666,585.1666666666666,620.4166666666666,490.0
2022-04-01,4.910838094181602,489.0,73.0,41.0,-0.2999999999992724,1.0,3.7,-0.19999999999999973,7.0,62.4,6.987761547572058,34.7,126298.0,685.0,10.9,39.6,65.2,12301.0,6619.0,6181.0,4447.0,1377.0,11549.0,189.66666666666606,101.3907,3.0544104015221674,574485.0,6.46359294820118,1700.0,0.7109004739336511,1899.0,8.143507972665143,218000.0,1385000.0,212750.0,4000.0,-147000.0,210000.0,1429000.0,,,,,,0.19,2.89,0.33,104.59,33.4,2.88,490.0,819.0,190.0,499.6666666666667,590.6666666666666,590.25,308.0
2022-05-01,4.8662742846867335,272.0,52.0,6.0,-49.100000000000364,36.0,3.7,0.0,7.0,62.2,6.896551724137945,34.6,126601.0,303.0,15.7,27.0,58.4,11861.0,6528.0,6138.0,4499.0,1312.0,11400.0,-5.0,101.44,2.923435475508507,580943.0,7.14571587184778,1807.0,21.356615177971783,1849.0,8.12865497076023,199000.0,1363000.0,209750.0,-19000.0,-22000.0,225000.0,1378000.0,,,,,,0.32,2.85,0.77,114.38,26.19,2.64,308.0,490.0,819.0,539.0,508.5,586.3333333333334,301.0
2022-06-01,4.728225278323506,245.0,9.0,40.0,-69.29999999999927,56.0,3.6,-0.10000000000000009,7.1,62.3,6.697819314641751,34.6,127139.0,538.0,18.1,27.6,50.0,11535.0,6440.0,6079.0,4237.0,1500.0,11254.0,-147.0,101.3335,1.9110298059100916,579844.0,8.061104495246818,1546.0,-3.3749999999999947,1711.0,0.35190615835776207,212000.0,1403000.0,212500.0,13000.0,40000.0,214000.0,1358000.0,,,,,,0.06,2.98,1.21,107.76,28.71,2.33,301.0,308.0,490.0,366.3333333333333,449.0,571.5833333333334,434.0
2022-07-01,4.483609930050747,417.0,32.0,23.0,45.899999999999636,17.0,3.6,0.0,6.7,62.2,6.584043377226956,34.6,127548.0,409.0,13.7,21.9,51.5,11283.0,6487.0,6039.0,4165.0,1528.0,10698.0,-419.33333333333394,101.018,1.2217594016755706,585556.0,8.405782076156342,1556.0,-6.490384615384615,1726.0,3.8507821901323736,228000.0,1427000.0,219250.0,16000.0,24000.0,216000.0,1391000.0,,,,,,-0.22,2.67,1.68,101.31,21.33,2.53,434.0,301.0,308.0,347.6666666666667,423.6666666666667,544.8333333333334,714.0
2022-08-01,4.299478066529483,550.0,33.0,31.0,26.0,164.0,3.5,-0.10000000000000009,6.8,62.1,6.507508663842909,34.6,127913.0,365.0,8.1,26.1,58.2,11576.0,6478.0,5839.0,4031.0,1462.0,11239.0,175.33333333333394,101.223,0.968659945597028,579267.0,9.585130533484687,1382.0,-13.624999999999998,1707.0,2.4609843937575038,210000.0,1418000.0,216500.0,-18000.0,-9000.0,220000.0,1410000.0,,,,,,-0.3,3.15,2.33,90.09,25.87,2.48,714.0,434.0,301.0,483.0,511.0,525.8333333333334,290.0
2022-09-01,4.105516108448626,290.0,32.0,9.0,31.19999999999891,0.0,3.6,0.10000000000000009,6.9,62.3,6.240428790199082,34.5,128252.0,339.0,10.6,12.6,58.6,10092.0,6448.0,6238.0,4258.0,1606.0,10053.0,-610.3333333333339,101.0963,1.0521402147261716,581196.0,9.149503171028982,1532.0,-4.010025062656641,1565.0,-10.057471264367813,190000.0,1397000.0,197500.0,-20000.0,-21000.0,202000.0,1382000.0,,,,,,-0.39,3.83,2.56,79.91,31.62,2.15,290.0,714.0,434.0,479.3333333333333,422.8333333333333,504.0,220.0
2022-10-01,3.932435998944306,229.0,17.0,31.0,-23.599999999998545,-9.0,3.5,-0.10000000000000009,6.7,62.2,5.969581749049424,34.6,128503.0,251.0,4.6,26.2,59.9,10800.0,6201.0,5886.0,4134.0,1445.0,10717.0,47.33333333333394,101.2918,2.462018715752601,579446.0,7.974456397174334,1481.0,-6.027918781725883,1586.0,-3.8204972710733753,202000.0,1430000.0,202500.0,12000.0,33000.0,199000.0,1402000.0,,,,,,-0.41,4.1,3.08,86.54,25.88,2.52,220.0,290.0,714.0,408.0,377.8333333333333,484.25,357.0
2022-11-01,3.61238995234634,361.0,34.0,15.0,13.799999999999272,-4.0,3.6,0.10000000000000009,6.7,62.2,5.822306238185249,34.6,128772.0,269.0,8.4,8.4,56.7,10447.0,6151.0,5784.0,3956.0,1553.0,10334.0,-34.0,101.2529,1.0648183730078253,585006.0,7.269496718687263,1446.0,-8.884688090737235,1583.0,-6.827545615067687,209000.0,1512000.0,210750.0,7000.0,82000.0,210000.0,1450000.0,,,,,,-0.7,3.68,3.78,80.48,20.58,2.34,357.0,220.0,290.0,289.0,386.0,447.25,303.0
2022-12-01,3.358574013268112,217.0,13.0,16.0,18.200000000000728,86.0,3.6,0.0,6.7,62.1,5.835843373493987,34.5,128963.0,191.0,13.8,-2.9,59.8,10632.0,6180.0,5881.0,4083.0,1472.0,10458.0,-45.0,100.9552,0.08902953837490735,576356.0,4.586250322093632,1434.0,-15.992970123022843,1424.0,-19.548022598870052,205000.0,1585000.0,208000.0,-4000.0,73000.0,213000.0,1558000.0,,,,,,-0.53,3.88,4.1,80.16,21.67,2.3,303.0,357.0,220.0,293.3333333333333,386.3333333333333,417.6666666666667,100.0
2023-01-01,3.0210391413467264,114.0,-1.0,22.0,3.6999999999989086,-14.0,3.5,-0.10000000000000009,6.6,62.3,5.455904334828099,34.4,129150.0,187.0,1.5,7.1,64.9,10902.0,6163.0,6004.0,4125.0,1535.0,11012.0,410.66666666666606,99.7664,-0.8016099812473643,569119.0,3.9910319637039393,1296.0,-24.254821741671538,1398.0,-25.874867444326622,200000.0,1629000.0,204500.0,-5000.0,44000.0,204000.0,1604000.0,,,,,,-0.69,3.52,4.33,78.95,19.4,2.24,100.0,303.0,357.0,253.33333333333334,330.6666666666667,377.1666666666667,434.0
2023-02-01,3.1798728050878022,315.0,8.0,47.0,17.399999999999636,119.0,3.5,0.0,6.7,62.4,5.2025269416573705,34.6,129300.0,150.0,-6.1,5.7,66.9,10318.0,6370.0,5885.0,3839.0,1767.0,10824.0,59.33333333333394,100.505,0.3188082918103907,591964.0,5.659367040483199,1358.0,-19.787359716479624,1418.0,-26.261050442017687,207000.0,1662000.0,214750.0,7000.0,33000.0,217000.0,1637000.0,,,,,,-0.89,3.92,4.57,76.88,20.7,2.43,434.0,100.0,303.0,279.0,284.0,397.5,290.0
2023-03-01,2.811868059008793,236.0,-5.0,11.0,51.30000000000109,54.0,3.6,0.10000000000000009,6.8,62.5,5.376344086021523,34.5,129376.0,76.0,-5.4,-7.3,62.0,9857.0,5989.0,5767.0,3917.0,1535.0,9931.0,-658.0,100.6416,-0.1634816837026265,586165.0,3.971073669198999,1395.0,-19.36416184971098,1605.0,-13.055254604550381,234000.0,1702000.0,229000.0,27000.0,40000.0,230000.0,1693000.0,,,,,,-0.58,3.48,4.65,75.68,18.7,2.32,290.0,434.0,100.0,274.6666666666667,284.0,353.4166666666667,68.0
2023-04-01,2.5238740376036795,26.0,-10.0,-17.0,-39.80000000000109,42.0,3.5,-0.10000000000000009,6.7,62.6,5.387453874538739,34.4,129467.0,91.0,-4.1,1.5,63.7,9655.0,5925.0,5984.0,3800.0,1903.0,9590.0,-525.0,101.0205,-0.36512224493961964,578812.0,0.7531963410706943,1366.0,-19.647058823529406,1472.0,-22.4855186940495,213000.0,1713000.0,216250.0,-21000.0,11000.0,223000.0,1726000.0,,,,,,-0.6,3.44,4.83,76.78,15.78,2.18,68.0,290.0,434.0,264.0,258.6666666666667,318.25,241.0
2023-05-01,2.474558609181976,179.0,-4.0,29.0,-6.799999999999272,62.0,3.4,-0.10000000000000009,6.6,62.6,5.205278592375362,34.4,129827.0,360.0,-2.3,-5.5,59.0,9966.0,5876.0,5570.0,3617.0,1654.0,10103.0,228.33333333333394,101.253,-0.1843454258675048,583874.0,0.5045245402733212,1343.0,-25.677919203099066,1482.0,-19.84856679286101,229000.0,1725000.0,226000.0,16000.0,12000.0,225000.0,1716000.0,,,,,,-0.76,3.64,5.06,68.11,17.94,2.18,241.0,68.0,290.0,199.66666666666666,239.33333333333334,312.6666666666667,280.0
2023-06-01,2.4558331797477795,200.0,-15.0,10.0,-0.1000000000003638,80.0,3.6,0.20000000000000018,6.7,62.6,5.036496350364983,34.4,130310.0,483.0,-2.8,0.4,64.2,9368.0,6119.0,5840.0,3999.0,1540.0,9824.0,-15.0,100.9286,-0.39957171123073953,586286.0,1.1109884727616315,1609.0,4.07503234152653,1579.0,-7.7147866744593845,236000.0,1775000.0,250750.0,7000.0,50000.0,259000.0,1753000.0,,,,,,-1.06,3.81,5.08,70.66,13.59,2.22,280.0,241.0,68.0,196.33333333333334,235.5,310.9166666666667,225.0
2023-07-01,2.311660693892015,155.0,6.0,41.0,-22.69999999999891,70.0,3.6,0.0,6.9,62.6,4.978197674418605,34.4,130579.0,269.0,2.5,-2.5,71.5,9180.0,5928.0,5680.0,3693.0,1658.0,9582.0,-254.33333333333394,100.1196,-0.8893464531073647,588670.0,0.5318022529015254,1420.0,-8.740359897172233,1447.0,-16.16454229432214,238000.0,1774000.0,232000.0,2000.0,-1000.0,229000.0,1770000.0,,,,,,-0.91,3.97,5.12,81.8,13.63,2.37,225.0,280.0,241.0,248.66666666666666,256.3333333333333,293.5,163.0
2023-08-01,1.940916692798167,118.0,-13.0,10.0,6.299999999999272,45.0,3.5,-0.10000000000000009,6.7,62.6,4.88069414316703,34.3,130695.0,116.0,-0.6,-3.6,69.4,8657.0,5672.0,5564.0,3552.0,1677.0,8827.0,-584.0,100.9067,-0.31247838929887584,589257.0,1.7245933222503673,1464.0,5.933429811866864,1530.0,-10.36906854130053,234000.0,1804000.0,245000.0,-4000.0,30000.0,248000.0,1797000.0,,,,,,-0.76,4.09,5.33,83.55,13.57,2.24,163.0,225.0,280.0,222.66666666666666,211.16666666666666,247.58333333333334,218.0
2023-09-01,1.8902987702299034,148.0,-1.0,26.0,-8.299999999999272,70.0,3.7,0.20000000000000018,7.1,62.8,4.720720720720717,34.4,130732.0,37.0,-3.2,-5.2,67.8,9254.0,5846.0,5651.0,3621.0,1675.0,9610.0,270.33333333333394,100.8393,-0.25421306219911566,595191.0,2.4079656432597574,1321.0,-13.77284595300261,1596.0,1.9808306709265144,216000.0,1798000.0,217000.0,-18000.0,-6000.0,211000.0,1801000.0,,,,,,-0.44,4.59,5.33,90.77,17.52,2.35,218.0,163.0,225.0,202.0,199.16666666666666,241.58333333333334,156.0
2023-10-01,1.8459194436847959,115.0,11.0,11.0,0.09999999999854481,41.0,3.7,0.0,7.0,62.7,4.700394689630416,34.4,130703.0,-29.0,0.2,1.3,63.8,9259.0,5773.0,5507.0,3644.0,1531.0,9553.0,223.0,101.0211,-0.2672476942852109,598956.0,3.367009177731828,1369.0,-7.562457798784605,1530.0,-3.5308953341740223,217000.0,1819000.0,210250.0,1000.0,21000.0,200000.0,1804000.0,,,,,,-0.19,4.88,5.33,81.64,18.14,2.42,156.0,218.0,163.0,179.0,213.83333333333334,236.25,159.0
2023-11-01,1.71301619472648,114.0,-35.0,27.0,12.600000000000364,45.0,3.9,0.19999999999999973,7.2,62.6,4.537334762415157,34.3,130808.0,105.0,-8.0,-1.2,61.3,8580.0,5765.0,5530.0,3574.0,1623.0,8733.0,-565.6666666666661,100.4689,-0.7742988102069082,595517.0,1.7967337087140933,1380.0,-4.56431535269709,1524.0,-3.727100442198361,213000.0,1812000.0,218000.0,-4000.0,-7000.0,213000.0,1803000.0,,,,,,-0.36,4.37,5.33,75.66,12.92,2.23,159.0,156.0,218.0,177.66666666666666,200.16666666666666,219.75,127.0
2023-12-01,1.5955446635806059,84.0,22.0,8.0,-32.600000000000364,43.0,3.7,-0.19999999999999973,7.0,62.8,4.482390608324449,34.4,131090.0,282.0,-9.3,-3.9,69.7,8602.0,5535.0,5494.0,3576.0,1554.0,8790.0,-235.33333333333394,100.8639,-0.09043615385835313,593567.0,2.9861752111542073,1522.0,6.136680613668055,1513.0,6.25,200000.0,1751000.0,206000.0,-13000.0,-61000.0,209000.0,1801000.0,,,,,,-0.35,3.88,5.33,71.89,12.45,2.16,127.0,159.0,156.0,147.33333333333334,174.66666666666666,205.08333333333334,154.0
2024-01-01,1.6294981275349452,99.0,13.0,12.0,39.600000000000364,55.0,3.8,0.09999999999999964,7.2,62.5,4.4294826364280615,34.4,131330.0,240.0,-9.2,-4.0,79.0,8520.0,5583.0,5430.0,3412.0,1685.0,9026.0,176.33333333333394,100.6031,0.8386591076755323,594256.0,4.416826709352528,1504.0,16.049382716049386,1501.0,7.367668097281821,226000.0,1804000.0,211500.0,26000.0,53000.0,195000.0,1753000.0,47.1,43.3,,,43.68,-0.28,3.99,5.33,76.28,14.35,2.26,154.0,127.0,159.0,146.66666666666666,162.83333333333334,209.58333333333334,175.0
2024-02-01,1.4575903240812593,126.0,3.0,23.0,-26.899999999999636,49.0,3.7,-0.09999999999999964,7.2,62.5,4.592016955139533,34.2,131223.0,-107.0,0.8,-9.0,76.9,8378.0,5591.0,5367.0,3347.0,1641.0,8863.0,-30.0,99.2223,-1.2762549126908995,588944.0,-0.5101661587529005,1378.0,1.4727540500736325,1548.0,9.167842031029627,212000.0,1788000.0,210000.0,-14000.0,-16000.0,202000.0,1802000.0,45.9,48.0,-1.2000000000000028,4.700000000000003,47.790000000000006,-0.39,4.25,5.33,79.22,13.4,2.33,175.0,154.0,127.0,152.0,164.83333333333334,188.0,206.0
2024-03-01,1.400693898082106,135.0,-23.0,9.0,4.5,71.0,3.9,0.19999999999999973,7.3,62.6,4.363124560168896,34.4,131120.0,-103.0,-3.5,-11.2,79.4,8440.0,5618.0,5513.0,3482.0,1692.0,8756.0,-125.66666666666606,100.285,-0.3543266402759926,593206.0,1.201197615006011,1555.0,11.46953405017921,1570.0,-2.180685358255452,223000.0,1810000.0,215750.0,11000.0,22000.0,213000.0,1807000.0,47.4,48.5,1.5,0.5,48.39,-0.39,4.2,5.33,83.96,13.01,2.32,206.0,175.0,154.0,178.33333333333334,162.83333333333334,181.0,228.0
2024-04-01,1.5032165740585635,143.0,-16.0,32.0,0.7999999999992724,85.0,3.9,0.0,7.3,62.7,4.271708683473396,34.4,131164.0,44.0,-0.5,-8.9,77.2,8206.0,5452.0,5265.0,3289.0,1647.0,8488.0,-214.33333333333394,100.4575,-0.557312624665296,595969.0,2.964174896166627,1297.0,-5.051244509516839,1477.0,0.33967391304348116,207000.0,1788000.0,210250.0,-16000.0,-22000.0,212000.0,1781000.0,48.6,45.9,1.2000000000000028,-2.6000000000000014,46.17,-0.35,4.69,5.33,83.49,15.65,2.41,228.0,206.0,175.0,203.0,174.83333333333334,194.33333333333334,64.0
2024-05-01,1.3869670152856006,63.0,-3.0,6.0,1.9000000000014552,1.0,3.9,0.0,7.4,62.6,4.006968641114983,34.2,131365.0,201.0,-6.2,-7.5,69.1,7529.0,5469.0,5370.0,3438.0,1548.0,8059.0,-375.33333333333394,100.2434,-0.9971062585799939,595676.0,2.0213265190777374,1379.0,2.6805658972449686,1456.0,-1.7543859649122862,220000.0,1804000.0,222000.0,13000.0,16000.0,216000.0,1808000.0,51.1,47.1,2.5,1.2000000000000028,47.5,-0.38,4.51,5.33,77.97,12.92,2.35,64.0,228.0,206.0,166.0,159.0,179.58333333333334,78.0
2024-06-01,1.2546978895634497,45.0,-8.0,6.0,4.799999999999272,33.0,3.9,0.0,7.4,62.6,4.134815844336326,34.3,131469.0,104.0,-7.5,-1.5,68.2,7782.0,5492.0,5424.0,3386.0,1747.0,8140.0,-89.0,100.863,-0.06499644303002983,600372.0,2.4025816751551243,1329.0,-17.40211311373524,1405.0,-11.019632678910707,238000.0,1853000.0,236750.0,18000.0,49000.0,236000.0,1839000.0,49.3,46.1,-1.8000000000000043,-1.0,46.42,-0.35,4.36,5.33,82.83,12.44,2.28,78.0,64.0,228.0,123.33333333333333,150.83333333333334,162.75,87.0
2024-07-01,1.16435719784449,78.0,-11.0,20.0,-36.100000000000364,9.0,4.1,0.19999999999999973,7.4,62.6,4.084458290065762,34.3,131589.0,120.0,-8.0,14.2,66.4,7416.0,5137.0,5082.0,3280.0,1497.0,8184.0,56.33333333333303,100.894,0.7734749239909133,599979.0,1.9211102994886708,1318.0,-7.183098591549298,1459.0,0.8293020041465038,248000.0,1871000.0,237250.0,10000.0,18000.0,241000.0,1848000.0,43.4,51.1,-5.899999999999999,5.0,50.33,-0.2,4.09,5.33,79.36,16.36,2.24,87.0,78.0,64.0,76.33333333333333,139.66666666666666,151.25,53.0
2024-08-01,1.0926475394602786,-8.0,-8.0,12.0,-19.100000000000364,61.0,4.2,0.10000000000000053,7.8,62.7,3.964150293002411,34.2,131635.0,46.0,-5.3,-4.0,67.9,7426.0,5430.0,5390.0,3359.0,1711.0,7673.0,-326.0,99.9757,-0.9226344732312097,605814.0,2.809809641633443,1269.0,-13.319672131147541,1448.0,-5.35947712418301,227000.0,1845000.0,229750.0,-21000.0,-26000.0,232000.0,1862000.0,46.0,50.2,2.6000000000000014,-0.8999999999999986,49.78000000000001,0.0,3.91,5.33,74.52,15.0,2.15,53.0,87.0,78.0,72.66666666666667,119.33333333333333,142.08333333333334,9.0
2024-09-01,0.9573726009688865,-27.0,-34.0,28.0,-22.399999999999636,36.0,4.2,0.0,7.8,62.7,4.163799036476257,34.3,131614.0,-21.0,-6.7,10.4,70.1,7520.0,5204.0,5226.0,3240.0,1683.0,8040.0,74.33333333333303,100.4309,-0.4050008280501727,603601.0,1.4129917959109006,1394.0,5.526116578349738,1492.0,-6.516290726817042,227000.0,1858000.0,224500.0,0.0,13000.0,223000.0,1831000.0,43.9,48.1,-2.1000000000000014,-2.1000000000000014,47.68,0.15,3.81,5.13,68.75,16.73,2.18,9.0,53.0,87.0,49.666666666666664,86.5,124.66666666666667,155.0
2024-10-01,0.9557784639776967,142.0,-14.0,18.0,-1.6999999999989086,13.0,4.1,-0.10000000000000053,7.7,62.7,4.146675805346134,34.3,131602.0,-12.0,1.3,-1.3,70.5,6943.0,5427.0,5160.0,3123.0,1780.0,7443.0,-275.66666666666697,99.8084,-1.2004422838397089,608774.0,1.6391855161314028,1357.0,-0.876552227903582,1421.0,-7.124183006535945,219000.0,1876000.0,236250.0,-8000.0,18000.0,241000.0,1882000.0,44.4,53.0,0.5,4.899999999999999,52.14,0.12,4.28,4.83,69.58,23.16,2.33,155.0,9.0,53.0,72.33333333333333,74.33333333333333,124.58333333333333,33.0
2024-11-01,0.8743357858164824,-4.0,-61.0,8.0,-4.300000000001091,37.0,4.1,0.0,7.7,62.5,4.16951469583049,34.2,131704.0,102.0,-2.2,7.6,71.8,7379.0,5228.0,5137.0,3215.0,1650.0,7744.0,1.6666666666669698,99.4695,-0.9947356843759692,612772.0,2.8974823556674245,1370.0,-0.7246376811594235,1435.0,-5.839895013123364,222000.0,1859000.0,218750.0,3000.0,-17000.0,216000.0,1887000.0,48.1,51.5,3.700000000000003,-1.5,51.160000000000004,0.05,4.18,4.64,68.26,13.51,2.26,33.0,155.0,9.0,65.66666666666667,69.16666666666667,114.08333333333333,134.0
2024-12-01,0.8780942292106797,116.0,14.0,5.0,-42.600000000000364,18.0,4.2,0.10000000000000053,7.7,62.4,4.051753489955723,34.3,131861.0,157.0,-6.2,4.9,74.0,7566.0,5155.0,5156.0,3050.0,1831.0,8098.0,336.33333333333303,99.2925,-1.5579409481489392,616344.0,3.837309014820578,1300.0,-14.58607095926413,1512.0,-0.06609385327164263,212000.0,1868000.0,222750.0,-10000.0,9000.0,222000.0,1881000.0,45.3,51.4,-2.8000000000000043,-0.10000000000000142,50.79,0.33,4.58,4.48,72.44,17.35,2.34,134.0,33.0,155.0,107.33333333333333,78.5,114.66666666666667,237.0
2025-01-01,0.9301465666180064,212.0,-18.0,9.0,50.30000000000109,25.0,4.1,-0.10000000000000053,7.6,62.5,4.038004750593838,34.3,132001.0,140.0,0.3,10.1,71.7,7295.0,5292.0,5049.0,3085.0,1689.0,7600.0,-214.0,100.3273,-0.2741466217243804,621713.0,4.620399289195221,1494.0,-0.6648936170212782,1467.0,-2.2651565622918035,212000.0,1876000.0,215000.0,0.0,8000.0,223000.0,1854000.0,50.3,52.3,5.0,0.8999999999999986,52.1,0.36,4.58,4.33,72.84,16.43,2.42,237.0,134.0,33.0,134.66666666666666,103.5,121.58333333333333,-48.0
2025-02-01,0.787100718324929,-76.0,-20.0,-12.0,-0.8000000000010914,28.0,4.0,-0.09999999999999964,7.5,62.6,3.9851401553529175,34.1,132015.0,14.0,-1.7,4.8,64.7,7431.0,5238.0,5241.0,3203.0,1738.0,7740.0,-72.66666666666697,100.0647,0.849002693950851,615145.0,4.448810073623299,1353.0,-1.8142235123367212,1463.0,-5.490956072351416,241000.0,1889000.0,225000.0,29000.0,13000.0,223000.0,1849000.0,47.6,53.9,-2.6999999999999957,1.6000000000000014,53.269999999999996,0.25,4.24,4.33,69.97,19.63,2.38,-48.0,237.0,134.0,107.66666666666667,86.66666666666667,103.0,42.0
2025-03-01,0.681769038018798,40.0,-2.0,3.0,-17.5,2.0,4.2,0.20000000000000018,8.0,62.5,4.146999325691159,34.2,131962.0,-53.0,-3.4,15.7,57.0,7242.0,5236.0,5285.0,3153.0,1867.0,7568.0,-68.0,101.0993,0.8119858403550007,616636.0,3.949724041901126,1491.0,-4.1157556270096425,1446.0,-7.8980891719745205,220000.0,1852000.0,222750.0,-21000.0,-37000.0,225000.0,1852000.0,44.7,46.2,-2.8999999999999986,-7.699999999999996,46.050000000000004,0.34,4.23,4.33,71.87,22.28,2.38,42.0,-48.0,237.0,77.0,92.16666666666667,89.33333333333333,67.0
2025-04-01,0.578537589066852,67.0,-5.0,6.0,15.700000000000728,0.0,4.2,0.0,7.9,62.5,4.163868368032242,34.2,131939.0,-23.0,-2.0,0.3,52.2,6952.0,5333.0,5288.0,3456.0,1595.0,7192.0,-308.0,101.0404,0.5802453773984029,625420.0,4.941699987751047,1346.0,3.7779491133384635,1492.0,1.0155721056194889,239000.0,1876000.0,225750.0,19000.0,24000.0,217000.0,1840000.0,46.5,49.0,1.7999999999999972,2.799999999999997,48.75,0.57,4.17,4.33,59.55,24.7,2.23,67.0,42.0,-48.0,20.333333333333332,77.5,75.91666666666667,108.0
2025-05-01,0.6062337332571666,99.0,-4.0,-2.0,4.100000000000364,9.0,4.2,0.0,7.8,62.6,4.154103852596314,34.3,131915.0,-24.0,-5.4,15.9,52.2,7098.0,5391.0,5270.0,3144.0,1818.0,7391.0,7.33333333333303,101.1279,0.8823523543694645,624272.0,4.8005962973159955,1400.0,1.522842639593902,1445.0,-0.7554945054945028,244000.0,1947000.0,232750.0,5000.0,71000.0,225000.0,1917000.0,46.8,50.7,0.29999999999999716,1.7000000000000028,50.31,0.52,4.41,4.33,61.46,18.57,2.34,108.0,67.0,42.0,72.33333333333333,90.0,79.58333333333333,13.0
2025-06-01,0.5646921476067268,20.0,-11.0,-2.0,-21.600000000000364,-7.0,4.3,0.09999999999999964,7.8,62.4,4.1041041041041115,34.2,131914.0,-1.0,3.9,-8.0,60.7,7310.0,5328.0,5288.0,3287.0,1671.0,7769.0,318.33333333333303,100.9655,0.10162299356553106,616540.0,2.6929970085213917,1289.0,-3.009781790820165,1416.0,0.782918149466183,231000.0,1952000.0,239000.0,-13000.0,5000.0,243000.0,1960000.0,45.0,47.2,-1.7999999999999972,-3.5,46.980000000000004,0.52,4.24,4.33,66.3,16.73,2.29,13.0,108.0,67.0,62.666666666666664,69.83333333333333,74.16666666666667,-20.0
2025-07-01,0.496528108056693,-45.0,-15.0,-2.0,-14.5,25.0,4.1,-0.20000000000000018,7.7,62.3,4.123711340206171,34.2,131991.0,77.0,8.5,10.6,61.7,7204.0,5327.0,5432.0,3254.0,1843.0,7437.0,-95.33333333333303,101.4785,0.5793208714095943,621374.0,3.5659581418683084,1379.0,4.628224582701068,1399.0,-4.112405757368065,219000.0,1963000.0,221500.0,-12000.0,11000.0,221000.0,1941000.0,43.4,46.4,-1.6000000000000014,-0.8000000000000043,46.099999999999994,0.43,4.37,4.33,70.36,16.72,2.39,-20.0,13.0,108.0,33.666666666666664,27.0,65.25,64.0
2025-08-01,0.503334432132263,65.0,-11.0,-6.0,4.700000000000728,-1.0,4.3,0.20000000000000018,7.9,62.2,4.078249336870021,34.2,132040.0,49.0,4.1,7.3,58.2,7089.0,5225.0,5170.0,3132.0,1772.0,7181.0,-281.33333333333303,101.894,1.9187662602012212,628747.0,3.785485313974246,1432.0,12.844759653270298,1400.0,-3.314917127071826,236000.0,1927000.0,230500.0,17000.0,-36000.0,233000.0,1942000.0,43.8,46.5,0.3999999999999986,0.10000000000000142,46.230000000000004,0.64,4.23,4.33,64.36,15.36,2.41,64.0,-20.0,13.0,19.0,45.666666666666664,66.16666666666667,-70.0
2025-09-01,0.45322869983581704,-20.0,-10.0,-22.0,10.099999999998545,-50.0,4.3,0.0,8.1,62.3,4.030393128510079,34.2,132128.0,88.0,-1.3,7.4,55.1,6919.0,5145.0,5207.0,3095.0,1832.0,7227.0,-54.66666666666697,101.6247,1.1886779865559305,632149.0,4.729614430724927,1291.0,-7.3888091822094655,1347.0,-9.718498659517428,225000.0,1929000.0,234000.0,-11000.0,2000.0,233000.0,1916000.0,45.3,47.2,1.5,0.7000000000000028,47.010000000000005,0.56,4.16,4.22,63.17,16.28,2.36,-70.0,64.0,-20.0,-8.666666666666666,27.0,59.583333333333336,76.0
2025-10-01,0.4027559653477786,68.0,-3.0,16.0,13.100000000000364,8.0,4.4,0.10000000000000053,8.1,62.5,3.8499506416584284,34.2,132148.0,20.0,4.9,5.3,53.6,7169.0,5244.0,5161.0,2990.0,1816.0,,,101.668,1.8631698334008018,632395.0,3.8800934336880255,1319.0,-2.800294767870304,1444.0,1.6185784658691027,221000.0,1962000.0,226750.0,-4000.0,33000.0,231000.0,1953000.0,46.0,48.2,0.7000000000000028,1.0,47.980000000000004,0.51,4.11,4.09,61.75,17.44,2.3,76.0,-70.0,64.0,23.333333333333332,28.5,53.0,-140.0
2025-11-01,0.29314001709455084,13.0,-9.0,-12.0,-15.399999999999636,-153.0,,,,,4.002624671916011,34.2,132222.0,74.0,6.5,7.4,51.0,7170.0,5180.0,5125.0,2980.0,1891.0,7670.0,310.66666666666697,101.2195,1.7593332629600056,631346.0,3.031143720666085,1273.0,-7.0802919708029215,1418.0,-1.184668989547033,216000.0,1894000.0,221000.0,-5000.0,-68000.0,222000.0,1943000.0,44.0,48.9,-2.0,0.6999999999999957,48.41,0.55,4.02,3.88,58.58,16.35,2.23,-140.0,76.0,-70.0,-44.666666666666664,-12.833333333333334,38.583333333333336,41.0
2025-12-01,0.23406018509732895,72.0,-10.0,36.0,-0.8999999999996362,-31.0,4.5,0.09999999999999964,8.7,62.5,4.0248691099476375,34.3,132259.0,37.0,7.5,13.0,52.9,6846.0,5019.0,5035.0,3119.0,1660.0,7146.0,-201.66666666666697,101.0344,1.7543117556713783,634477.0,2.942025881650512,1319.0,1.4615384615384697,1414.0,-6.481481481481477,203000.0,1900000.0,219250.0,-13000.0,6000.0,224000.0,1910000.0,44.9,52.0,0.8999999999999986,3.1000000000000014,51.290000000000006,0.71,4.18,3.72,57.26,14.95,2.25,41.0,-140.0,76.0,-7.666666666666667,-8.166666666666666,30.833333333333332,-17.0
2026-01-01,0.07327117916067216,-7.0,-13.0,-7.0,-23.600000000000364,-10.0,4.4,-0.09999999999999964,8.4,62.4,3.816046966731901,34.2,132270.0,11.0,-9.0,9.7,56.4,6550.0,5272.0,5203.0,3225.0,1666.0,6542.0,-577.333333333333,101.4941,1.1629935222018384,634830.0,2.1098159440127606,1378.0,-7.7643908969210145,1482.0,1.0224948875255713,230000.0,1859000.0,213000.0,27000.0,-41000.0,210000.0,1823000.0,48.1,53.9,3.200000000000003,1.8999999999999986,53.32,0.74,4.26,3.64,64.5,17.44,2.36,-17.0,41.0,-140.0,-38.666666666666664,-7.666666666666667,9.666666666666666,160.0
2026-02-01,0.2047160512548274,180.0,2.0,45.0,12.700000000000728,-20.0,4.3,-0.10000000000000053,8.1,62.1,3.7349788892497626,34.3,132336.0,66.0,4.0,-1.3,56.6,7240.0,5347.0,5144.0,3131.0,1660.0,6946.0,68.0,101.0388,0.9734701648033584,634949.0,3.219403555259337,1385.0,2.3651145602365142,1393.0,-4.784688995215314,214000.0,1847000.0,215750.0,-16000.0,-12000.0,208000.0,1827000.0,48.8,53.8,0.6999999999999957,-0.10000000000000142,53.300000000000004,0.59,3.97,3.64,66.96,19.86,2.25,160.0,-17.0,41.0,61.333333333333336,8.333333333333334,27.0,-156.0
2026-03-01,0.07959067652074658,-148.0,1.0,-21.0,-0.3000000000010914,-8.0,4.4,0.10000000000000053,7.9,62.0,3.7228876659112897,34.3,132397.0,61.0,5.8,0.8,53.3,6922.0,4899.0,5022.0,3046.0,1714.0,6882.0,92.0,101.9263,0.8180076419915805,641038.0,3.9572778754402904,1346.0,-9.72501676727029,1540.0,6.500691562932226,203000.0,1787000.0,208000.0,-11000.0,-60000.0,205000.0,1816000.0,48.7,45.2,-0.09999999999999432,-8.599999999999994,45.55000000000001,0.51,4.3,3.64,102.86,25.25,2.3,-156.0,160.0,-17.0,-4.333333333333333,-6.0,10.5,214.0
2026-04-01,0.1723735138309257,202.0,15.0,15.0,9.600000000000364,12.0,4.3,-0.10000000000000053,8.0,61.9,3.546099290780136,34.2,132502.0,105.0,9.8,-5.1,49.8,6887.0,5535.0,5377.0,3160.0,1884.0,6866.0,-32.0,101.6172,0.5708607646050412,653772.0,4.533273640113844,1522.0,13.075780089153044,1363.0,-8.646112600536194,190000.0,1758000.0,207750.0,-13000.0,-29000.0,215000.0,1776000.0,46.4,48.0,-2.3000000000000043,2.799999999999997,47.84,0.52,4.4,3.64,108.64,16.89,2.46,214.0,-156.0,160.0,72.66666666666667,17.0,22.75,148.0
2026-05-01,0.1974950310754897,150.0,-1.0,3.0,23.5,-2.0,4.3,0.0,8.2,61.8,3.666773882277252,34.3,132624.0,122.0,8.3,-2.8,44.8,7585.0,5215.0,5038.0,3043.0,1667.0,7618.0,496.0,102.4196,1.2772934076550557,657830.0,5.375541430658437,1414.0,1.0000000000000009,1423.0,-1.52249134948097,225000.0,1786000.0,214750.0,35000.0,28000.0,210000.0,1785000.0,48.6,47.9,2.200000000000003,-0.10000000000000142,47.97,0.47,4.45,3.63,91.16,15.32,2.38,148.0,214.0,-156.0,68.66666666666667,65.0,26.083333333333332,129.0
2026-06-01,0.2706658759101144,97.0,-2.0,6.0,8.200000000000728,32.0,4.3,0.0,8.1,61.8,3.5576923076923173,34.3,132719.0,95.0,9.6,7.9,49.5,7537.0,5252.0,5260.0,3153.0,1761.0,7594.0,234.66666666666697,102.5606,1.5798465812579376,664439.0,7.769001200246528,1199.0,-6.982156710628395,1410.0,-0.4237288135593209,217000.0,1821000.0,222500.0,-8000.0,35000.0,227000.0,1812000.0,49.7,51.2,1.1000000000000014,3.3000000000000043,51.050000000000004,0.3,4.44,3.63,70.56,16.45,2.24,129.0,148.0,214.0,163.66666666666666,79.66666666666667,35.75,57.0
2026-07-01,0.3192872196771779,49.0,3.0,11.0,-7.5,8.0,4.2,-0.09999999999999964,7.9,61.5,3.417438518045368,34.3,132766.0,44.0,11.4,10.0,55.2,7359.0,5348.0,5351.0,3232.0,1766.0,7359.0,-164.66666666666697,102.6395,1.1440847075981697,666056.0,7.190838367875063,1427.0,3.4807831762146524,1374.0,-1.7869907076483171,197000.0,1782000.0,202750.0,-20000.0,-39000.0,188000.0,1782000.0,52.8,47.4,3.0999999999999943,-3.8000000000000043,47.94,0.47,4.75,3.63,84.25,15.99,2.28,57.0,129.0,148.0,111.33333333333333,92.0,42.166666666666664,
2026-08-01,,,,,,,,,,,,,,,,,,,,,,,,,,,,,,,,,,,,,,,,,,,,,0.43,4.7,,,15.86,2.23,,57.0,129.0,,,,
